neuron,PC1,PC2,PC3,PC4,PC5,PC6,PC7,PC8,PC9,PC10,PC11,PC12,PC13,PC14,PC15,PC16,PC17,PC18,PC19,PC20,PC21,PC22,PC23,PC24,PC25,PC26,PC27,PC28,PC29,PC30,PC31,PC32,PC33,PC34,PC35,PC36,PC37,PC38,PC39,PC40,PC41,PC42,PC43,PC44,PC45,PC46,PC47,PC48,PC49,PC50,PC51,PC52,PC53,PC54,PC55,PC56,PC57,PC58,PC59,PC60,PC61,PC62,PC63,PC64,PC65,PC66,PC67,PC68,PC69,PC70,PC71,PC72,PC73,PC74,PC75,PC76,PC77,PC78,PC79,PC80,PC81,PC82,PC83,PC84,PC85,PC86,PC87,PC88,PC89,PC90,PC91,PC92,PC93,PC94,PC95,PC96,PC97,PC98,PC99,PC100
neuron_000_hz,-0.0942991369704134,0.16116592887701092,-0.03061895511222949,-0.06142329887483313,-0.08592982202608966,-0.028707751251671205,-0.01660328758116149,-0.09832725494769942,0.09269409705996609,-0.009720389251294068,-0.044998854743306,-0.06757734090487072,-0.030335393217872247,0.03746631887876654,-0.014544684164688846,-0.035693585754883086,0.014154934801478138,0.01388697366096266,-0.026536390732335706,-0.013799136954218924,-0.012315595460204673,0.010310015470111865,-0.0008803717768986725,-0.03181890612315334,0.016867083692706335,-0.05475804169386204,0.05778491272846049,0.00529389382832106,0.008735510584338508,-0.030321147824019644,0.02210644502099818,-0.018573723117973253,-0.03151266107308553,-0.04104014638912369,-0.01646403099966676,-0.038414396105107856,-0.05014919211749044,-0.036319024076629805,-0.07390122753029692,-0.025006439429830007,0.0418113621553811,0.14918074585406801,-0.22639351036591632,-0.16138306692644727,-0.016259342325726518,0.03179161485460754,-0.02692580318465248,-0.03401970078081376,0.08932272030211097,0.057624185714647946,0.01910140872799865,0.23695718368276805,0.4419239358829645,0.17146051072008714,-0.1865682300265723,0.29869122711386376,0.020714885857982167,0.41338725077921656,0.3243730518237231,-0.01723156249341812,0.04828548005813082,-0.06436397385439917,0.07040973396754414,0.014921973318951362,0.0738310252946373,-0.05854391209481752,-0.047541069657567,0.08923391750042169,0.05590559994959686,0.1291355050337464,0.04097311623833785,-0.025370366728552786,-0.12911359706244002,0.12112642858844667,-0.024456054613641864,0.06187673856268066,0.013702557980862411,-0.08646531519666668,0.035329682091473455,-0.001475885943432965,-0.0003560104915176928,0.018199744427395834,-0.023274401907266675,0.01240488008891364,0.0001900093235938311,-0.004718248464747509,-0.011566461566334429,0.013332886510489986,0.001985721995956477,0.014240183294428544,0.009072823297963856,0.009404915133550398,0.006618044969030732,0.014884640005072702,0.0073697874383329125,-0.0023874481802181103,-0.015083385878380068,0.004993776403082669,-0.008924911125984331,-0.004149137246353764
neuron_001_hz,-0.005308697722811728,-0.006691460594323129,-0.011602036764033784,0.08934791464974062,-0.030339185189710155,0.02257413773730777,-0.07269445058850334,-0.00403970149138046,-0.0090581875162141,0.006289344247687607,0.014002711624896844,-0.012286241409471682,0.004262243897263622,-0.005499883980505511,-0.00460294828280729,0.00046058573010853733,-0.005270572279114167,-0.010685354330966538,0.008933196198931084,0.0036364289695288523,-0.007564541808595148,0.011080376966291267,0.00824146229831531,-0.007046405630391059,-0.0034008648700550345,0.017836128007991125,0.0029383084714185697,0.00431117608230487,-0.006074242088937139,-0.0006566069396373589,0.006125953206393853,-0.0013495270994954064,0.0162062713317288,-0.0002590461318125051,0.003926801491741466,-0.0031198829751145386,-0.0020499250396611955,0.004746401934804969,0.0030945470718597677,-0.007143889073351401,-0.002528277522918728,0.006951494676812872,-0.012789763587076695,-0.009604352115232393,-0.003428767337530034,0.0129618442084387,-0.004965777280910951,-0.008045310545552187,0.001674293358509861,0.0038619475551476806,-0.0034121868411763076,0.01821302663389226,-0.012097483642435541,0.018629505838820164,-0.004480812577812923,0.0008884446249288053,0.0022728934434846516,-0.005310642814736102,0.020194419352351625,0.0032428690245201904,0.007077169026531875,-0.02380604211970663,-0.04263481752494193,-0.02573616195908738,-0.01814453288367093,0.01410620934738159,0.010996534103772306,0.02127249907615117,-0.004645269401249355,-0.018333471646004816,0.0024320583515292926,-0.004802666937101472,0.012946777042586653,-0.006070016312088779,0.002825844992070394,-0.009867649185859285,-0.011492830246807365,0.002672296933238453,0.005682434950510852,0.006972067091654845,-0.01898351373746372,0.013724797201880162,-0.07676051435123682,-0.0019378755153713944,0.07334871969688168,0.0018277159054419817,0.003443868808017533,0.025402209307003945,0.09856768032581209,0.06711558948139706,0.0572935440183915,0.19413881674846953,-0.09286962608623027,0.09874215169217392,0.036849327362726475,0.17475557233743888,-0.014759552997297039,0.082925434706452,0.7276410958777619,0.5671604022306458
neuron_002_hz,0.04690744603118713,0.12901349142970153,-0.013920416297059326,-0.0029376396370609514,0.09991813458374013,0.062152369286849744,-0.019149040476935796,0.03692157413981559,-0.03651291681292813,0.009631047100773824,0.000640043971390919,0.03846306463366789,0.01957704651454989,-0.03128639843971685,-0.045932059205877424,-0.2282653462674931,-0.05927571759747545,-0.020258131929821132,-0.11798332602671768,0.00796439547068955,0.06766407546171188,-0.06964591026687275,0.024594728983572033,0.13447370589337843,-0.0536971118586485,-0.050022591436452185,-0.15458539379989453,0.22643895166028102,0.016491613568750733,0.2536116658720612,-0.16788444636978977,0.03206996080675277,0.3149198777256163,-0.046583270854255586,-0.07795969406834843,-0.3323085365436045,-0.2704938900840033,0.3795705061503915,-0.15437204799278495,-0.11326912410974282,-0.038150033399169794,0.008324460732315455,-0.00829014303231015,0.20338477077462713,0.09726015608661275,0.0671776793908748,0.13561940056073948,0.058524008842435804,0.029829669415485566,0.05573023213553452,0.11108561752850103,0.1889866480506918,0.12688783781776497,-0.07202983093192795,-0.06954462911177998,-0.029448563091989198,0.0040064323325896475,-0.09217238936207166,-0.04887680281574452,0.020445372115493205,0.007341581349844718,0.10310305409523268,0.009366700974119117,-0.05112896766815254,-0.03896616904469634,0.024726247635472633,0.008108530499171922,0.06261811809134708,0.03761299063306148,-0.01744296605934418,0.040600857360754,0.0018907008477224464,0.06651289378188886,-0.019636168871298397,0.007322186254281398,-0.039528033111730164,-0.08941676913306804,-0.05256452243242511,0.02305756529720967,-0.01853957625817438,0.025519299808172972,-0.013339105592968806,-0.029804125658113835,0.0177731777341087,-0.021098315730531045,0.010865706953221116,0.0009081192959183365,0.028854535102122006,0.009364989396499488,-0.015255365857378526,0.0009619110430821023,0.0010415788914794992,-0.001525497922591783,-0.005722887726551301,0.011929045683660926,0.009961133412412507,-0.004673285473809427,-0.02222085321506322,-0.011784443075541369,0.005195182756876676
neuron_003_hz,-0.09611860306889008,0.11288883045602877,-0.026488434156136387,-0.06259522066513845,-0.1973245422438431,-0.21908975485001225,0.01160963634101618,0.3375946983407972,-0.022258725386547273,0.016745812973665876,-0.03849302744004325,0.11137868595784224,0.08063300818209806,-0.026801148893898695,0.05815366977391435,-0.04951462421240882,-0.031192888555179002,-0.030268325173485204,0.0731649401354042,0.01451496522612664,0.03696391907732885,-0.06380753325636121,0.018168272924672216,-0.011770405964690648,-0.010868623901426936,0.04706300044510765,0.05002701267125294,-0.03651661389960216,0.003008120509401158,-0.02118138033202284,-0.017970841435947647,0.04011389194842488,0.02173080937115441,0.08463083984626597,-0.04509994312473091,-0.06044172350078733,-0.014254222222362356,-0.0235732543905972,0.0002444664537518213,-0.01651587565275227,-0.026913808824893186,0.11779213230189595,-0.08976453320603048,-0.07365234638550208,-0.045524560927502435,0.10520523569755239,-0.0067078331085037145,0.0005321957474741231,0.03677154220400143,-0.08209236532940177,-0.015375972962294185,0.082189755914327,-0.10269302521349874,0.02088268493565478,-0.061351411030440686,-0.10966031765015039,-0.22902487385012393,0.037281351751843425,0.137657321390657,-0.03020374649129641,-0.07199919153441403,0.07226706955429572,0.36115914097685325,-0.09517381583232774,-0.05259043597483804,0.35797806067928245,0.10319759003307404,-0.16308617540952738,-0.21587239019571688,-0.27437072646677824,0.09912541272954557,-0.07952241859103065,-0.2116033268884151,-0.07917549696093681,0.09624504919399213,-0.14255699756841148,-0.025391048586356026,0.05630587479895956,-0.06599731148137265,-0.022208667966252545,0.008249247428109832,-0.010717741133097624,0.04411501270553153,-0.01123877360576966,0.021402289608601053,0.006644314982839519,-0.036764246633258356,0.031960086987466683,0.0016534939602426994,0.0031626281192277143,-0.006816518006202196,8.55642350777253e-05,-0.012561307899527637,0.019936748385153816,0.006990144982581959,-0.00867272454711026,0.0007737494626264343,-0.01451899409719462,-0.0018229699948143514,0.008480714707960677
neuron_004_hz,0.11754938137073437,0.018046429928537583,-0.08381323220038267,0.022143829432503703,-0.007875216506533757,-0.03330761044479574,0.09775563809837452,0.00398030831606816,-0.07728856185208693,-0.00017014364316712133,0.13568312720623305,-0.14676463126349473,0.04873427570527625,-0.013557470823599788,-0.08751446154764947,-0.0827205796929395,-0.07347335643527825,0.1538189377475856,-0.05701477408919679,-0.01135675364357066,0.23947393171976597,0.13308136040251525,-0.04350340526761074,-0.12927991975598596,-0.05528020070368146,-0.16926977740098031,0.2830093253624531,-0.10628301147261077,-0.00882441192322269,-0.23753287341243695,0.45313898204839104,-0.18642435837502982,0.13139186942386696,-0.10000061241787435,-0.1994643315171421,0.05194512746047286,0.07904665891928125,0.10379719259413012,-0.11210117678974624,-0.30267049820125014,-0.09803781574977823,0.1264366413965391,0.05463484680020944,-0.0076187904798433875,0.11261112101418293,0.05437318246026067,-0.010971845098895226,0.05878805682568726,0.174878892557779,-0.05647190130177403,0.13029144048848798,-0.032755956641959294,0.04410398000324811,-0.08516364566370832,-0.009975587919819312,0.05880036935580144,0.07868119701562448,-0.16214823508618698,-0.03743057598739341,-0.0355869582287462,-0.07539526054477427,-0.014903668956547062,0.0006156728801656741,-0.04962289617400127,-0.01979731131573935,0.01637959792203352,0.0017837509452959359,0.007625201214206845,-0.05333891590889747,-0.027377226396668203,0.020677124148584185,-0.007486061195595965,-0.0007863484287546352,-0.002003058566381402,-0.0053660228060790315,0.0008374641546105427,-0.019206302931441877,-0.04448508599279759,-0.020959476324525717,-0.02260098999800698,0.012050538116453359,-0.014549965322775596,-0.011489897209770669,0.025073068904634538,0.039424432581975914,0.005292770504849222,-0.026701072799077526,-0.003605460892177021,0.0043012124501960675,-0.00885126727933968,-0.0032271286160624694,0.0053597859534865195,-0.009636020476129395,-0.0020817481658564237,-0.006346707204197277,-0.0014743197428421107,-0.006767602314973621,0.0008183733510993534,-0.005122021166657116,-0.004716174247590198
neuron_005_hz,0.1175840066295728,0.012474339497716834,0.16671036341567258,-0.019519696367253647,-0.042796917144070856,0.020131165536148465,-0.026303458631977562,0.00899668029381806,0.18258674086574767,-0.02974267028917671,0.055397835733670756,-0.017184934441301203,0.09255687505868004,-0.047156092878523195,0.12425095156234464,-0.15185881665418663,-0.1259853259286573,-0.040173339152116364,-0.15863062570681452,0.12839451245003508,-0.007767890148857613,0.013082534454183876,-0.14929409434829963,0.16268153279585593,0.10581371476749803,-0.12471980457144007,0.1225648978733897,-0.10529836524393461,0.38578553151973477,-0.10777376354171246,0.21186779991633609,0.2006939702516123,-0.05361178431513279,-0.15817936940000166,0.3714913304346818,-0.08792394632408329,-0.09701761627781315,0.018303447194739773,0.11331710784882698,0.05058316547763019,0.2586223276779278,-0.14828907599299834,-0.04186073967559095,0.09380619019893105,0.12183160357682248,0.12428264072371935,0.05111218288780859,-0.11480265208082055,0.04467898780940932,0.022012562493601923,-0.1372679612649274,-0.018402197757996158,-0.058552036612567984,0.020668237488820507,-0.1649419885945962,0.07398607107129945,-0.10936593908548563,-0.13290737066292832,0.04632985284199927,0.10030855702343885,-0.0355656243655557,-0.03352636508037628,0.020997640716035274,-0.04354159455683241,0.05210047250061872,-0.005095095777908596,0.01968729219306849,-0.014835983472981502,-0.014254962952331557,0.04640459670971819,0.02232018138280025,-0.005505306338664195,0.016260947652196142,0.0024585069038827595,0.01781315221299922,-0.010192695425845978,0.00035435472589955344,0.015576042088128128,0.016130215296479705,0.0008635532123237044,5.677233273160845e-05,0.02429113919590689,0.03091005894204681,-0.020868873856950014,0.0009861142373465421,-0.0119188541050253,-0.0018161586212926545,-0.00425227413742622,0.0004568524697530505,-0.02690042764530456,-0.009582363710279953,0.002223279836174128,0.01688690069653461,0.009612540121357153,0.025059470689884393,0.017086313380596425,0.01966722482966999,0.01388552212855084,-0.00130591228043107,0.0069777415846975725
neuron_006_hz,0.12845914046977158,0.053151181840776704,-0.06059562112474293,0.027902975916464318,0.04684207922142561,-0.039147978774701664,0.05547399616471674,0.03160297091533171,-0.044208645653280476,0.01894718720029174,-0.03151443608314371,-0.058099446573641286,-0.17599100529418066,0.0029682503731849608,-0.003412244160753194,-0.16135748683383436,-0.11811422812002717,-0.15864381222879986,-0.06333420946631177,0.028082648961180637,-0.024157571805752988,-0.22245062534656151,-0.26725554253944706,-0.10224458094495183,-0.1859769977510749,-0.19392698125245353,-0.043419275102228184,0.18748913294647165,-0.051746995873539745,0.24892181310153888,0.08663096033336715,-0.05666540613219399,-0.019269239252032465,-0.17926559058506344,0.04133601709746691,0.09094845573989527,0.09020561515823322,-0.09644916704240047,-0.08003069410564874,0.4839404495673828,-0.2565664369847647,0.11721256912684658,-0.03392105495557851,-0.01091653462857875,0.0697567253977001,0.03206653020661433,-0.18811365444107397,-0.019560903742284325,0.17550006717312314,-0.036140431670986205,0.01907969242038706,-0.1778451388282718,-0.0485052824941844,-0.024586574728075957,-0.1303052857368252,0.060063729686927095,0.024267785551907468,-0.045909310836733386,0.06344869000019236,-0.012123990202018587,-0.03102380150394798,-0.0746204803029433,-0.03550446857520811,-0.016086887606562482,-0.024202709376420717,0.0305812466877462,0.05918002424796452,-0.0021113598322193006,-0.01700557059813551,-0.05292119201642667,0.009460561267713934,-0.02673582809048866,0.0009526088266328669,-0.005750294399482797,-0.0074257221091064765,0.013765213958102582,0.03516048184203961,0.01184586034221205,0.06295027607482757,-0.00913440691843722,-0.030561481234855817,-0.02926690580414576,-0.011129332657608605,-0.0023094670952488947,0.017432667614218637,0.008063193476768907,0.011304797232185748,0.013336757902962793,-0.0005632279330832967,-0.006548539403343032,0.008976735861326409,0.019136288759441948,-0.015533506184452078,0.008217707079168218,-0.0010135378511532955,-0.022293781657040365,0.006438734607023842,-0.0032800426415701377,-0.006356930909688446,0.007406443944137267
neuron_007_hz,-0.058058969054348306,0.14057322688894971,-0.022299935995231723,-0.03283282293922374,0.006217014308213975,0.057221307998352844,-0.0027598207819804835,-0.06549925539432438,0.00927480161676092,0.02392575535892193,0.016625128428340408,0.008428356976997786,0.0006585125393464321,-0.032375361029372295,0.014769468791290697,0.0014881428674980747,0.01762900177761898,4.2746278176238744e-05,0.07870997731261462,0.026480515190922795,0.003951745690056586,-0.03603748121830383,-0.016071365612281438,0.02895816094135805,-0.04717809939183963,-0.0010760782816324685,-0.055710935398616226,-0.07260869360876919,-0.014887110896302949,-0.024111106323678928,0.01790302456873904,0.003617340439466741,-0.04836146588489853,0.020185617950244296,0.03608024228673425,-0.05624331630295376,0.10471852140942678,0.03069406275663909,0.05542151011850895,-0.06663556373641569,0.009910732697675027,0.004573975522385643,-0.048928137355611995,0.01931161380203865,0.09320571546816112,-0.09041660708140566,0.04050904399873967,0.051181475051591686,0.06553519353252486,0.026203283485323817,0.23004958817244975,0.08723203611874521,-0.3956210472235686,-0.2603384828812333,-0.019720878680246412,0.3471951907687043,0.04837570380204456,0.17886047787873716,0.04745301264493152,0.27633407394915,0.06481239683072348,0.12709048825966443,0.1385494613917536,0.07341897133776897,-0.2719515208366884,0.06873856246739982,0.0663871081170507,-0.21777124478692939,0.30944445684632427,-0.020951218331312776,0.018340068144001437,-0.04375393294484809,0.10014351114921632,-0.038881329602497544,-0.021428268746242096,0.221186732773549,0.1326959054159234,0.04485241289624653,0.08172118740761958,-0.023801477658719514,-0.04250103489964568,-0.04157669433799789,-0.02648752661823349,-0.005226706186494855,-0.012422956261616791,0.013477644053116532,-0.005620307126920125,0.017512310544869736,-0.021257777545275646,-0.032891745179364454,0.006688031299790672,-0.0046125780676411834,0.009303001155894917,0.009072922930492396,0.024782588036774026,0.004984085197009928,-0.000262209903071145,0.007716434932792737,0.023661272332194283,-0.008639391802743302
neuron_008_hz,-0.011106963687547626,-0.018713969196387865,-0.026741244997658398,0.19318442810395298,-0.058068864541426346,0.045014741676454695,-0.12971642477755596,-0.02060740405834896,0.008425916019004193,0.010727367953821364,0.010944954142438915,-0.009430311037888162,-0.010539141598854142,-0.014967584746763983,0.00928749815556413,-0.004387814665375803,0.006680574793836774,-0.019068859192172934,0.00996748789504953,-0.008472423025522095,-0.011064694094253036,-0.0034367681527704957,0.015180890497229337,0.007918749421974618,-0.006960887716196252,0.016140382587261894,0.012488756088401911,-0.01779260778719277,-0.006147982829937856,0.013345119906423987,0.01250249928815396,0.0019422963977546847,0.021050309332814796,0.0062907261813026985,0.006295403793969311,-0.0022033648827381683,-0.015765544976519566,0.002272546596313747,-0.017011117584329685,-0.016417148971195797,-0.011158729525751494,-0.006784050221206886,-0.014040600027591194,0.01449805103042634,0.01430624353863517,0.03755648238582379,0.0021231603957134002,-0.03727579368988959,0.026007397466442015,-0.0028068259161618536,-0.0030997646647150734,0.02795936807960387,-0.018148613310324815,0.012697142552601001,0.036797824278892464,0.007933761543829186,-0.008070258213465908,0.018104943176866617,0.002304476414507612,0.013816796009635037,0.009015934112941106,-0.017309450948326553,-0.04946452104784209,-0.05225422680414099,-0.04270022784493963,0.0355911830122431,0.00949873232177607,0.019976776005081298,-0.006106772624288097,0.034042601422980864,0.02521016500312262,0.0014426139879093088,-0.00032762772234044835,-0.028135853121264043,0.010664184525974223,0.03920856045803155,0.051554131005547545,0.037949573436820414,0.1706277954884198,-0.1050266445420379,0.20406909115450664,0.10265579557060207,0.27818940299211725,0.008997431060592337,0.25933477020464996,0.08847486868434004,0.042547372352666424,0.020963462048779892,-0.414339107350689,0.47212343196794165,-0.2531684462292944,0.16794643116648902,-0.32353702448254257,-0.1027726350183856,0.016930338553382888,-0.052102545287824376,0.055966057916419946,-0.17945707377489684,-0.12008555453681279,0.08617783267539887
neuron_009_hz,-0.09303319576797388,-0.18797430724409783,-0.02937917662079137,-0.06103640500692397,0.2817736241822123,-0.1764945797096943,-0.0673338665471942,-0.1410171181814397,0.15114594672840312,0.03793233432699752,0.0009573810740405864,0.015439451364595513,0.06104152118295644,-0.0014393518767530644,0.01996648632787476,-0.03331727077135688,-0.0398483134212899,-0.06736408606031992,-0.0018962684787228318,-0.010945090611099308,0.0035356143133196682,0.017788209727343365,-0.03036613724818872,-0.07879993080540607,-0.0397914430159317,0.03686884415974326,0.014186037870529702,-0.008633276288933945,-0.025851615888346214,0.018909944520172153,-0.006072021281937845,0.029145773566450074,0.020429841507647727,-0.00822049360203711,-0.04283289841641838,0.010115341320364103,-0.025013037183755082,-0.022071370687921605,0.07790958634613873,-0.038812100738176106,-0.10777059118753267,0.12440234232949038,0.02584314069211282,-0.017422581307657475,-0.24622103932776299,-0.06194861794187123,0.414761167261881,-0.34228551656919665,0.24710958370354114,0.05965435894446624,0.12269804986278528,-0.05606696306767625,-0.14118596465851213,0.19175387848406272,-0.1351184788730134,0.21294764213177259,-0.2100917717308645,-0.009547248782446768,-0.23085545816321662,-0.17302733675807463,0.10023656690697326,0.03809915179452452,0.03668719422025373,-0.11056051059822383,0.03555093874070554,0.003760695836900675,0.0052826720783803564,0.07830348369384654,-0.004625450153557864,-0.03843336245086067,-0.04733334264851442,-0.0514749291264289,0.013840752300359943,0.014650408369204948,0.037892817591207495,-0.007137617814241409,-0.004300802629384686,-0.008003304026133917,0.01864959497005271,-0.012333400813844032,0.00823343755618745,-0.010854594847331929,-0.029574131543438645,-0.013601497584189402,-0.004301050725075403,0.028852495739520423,-0.008074452489400648,0.017302674393908493,0.00360231205263571,0.01074313213876072,-0.0073751672568619295,0.00409856460978477,0.012983730881165709,-0.0076811871074438515,-0.004614204827079013,-0.001348891731265055,-3.2837364769833233e-06,-0.011022876102523185,8.493944528577269e-05,0.006466802932773075
neuron_010_hz,-0.07762048875659208,0.10453461809896408,-0.023161839722171552,-0.04871970079578894,-0.13176212432244727,-0.1317346218707384,-0.001426599384518057,0.17368207228194715,-0.004238546623062861,0.005068557576841032,-0.008637647293617184,0.07400649184190114,0.0418682608319971,-0.028073325096601945,0.018504304024959842,-0.04403039079838345,-0.02149312614465364,-0.019721928933149363,0.026633063075844773,0.008181382532635277,0.006902613698122274,-0.04371029627695398,0.008110454170017637,0.005021334402289482,-0.02130480183370896,0.004806230557946017,-0.05662185510131651,-0.025175211876207918,0.002700235537712564,-0.021538872922762582,-0.002164817971738578,0.017236330527975754,0.0180800959138736,0.023040341448813437,0.04428800551013823,-0.026993336405126318,-0.005047008599478486,-0.03358799008285511,0.04784877465541426,-0.05859606265453371,-0.06591828518735882,0.026160489132708326,0.06940756225972769,0.09288157154973926,-0.024357099465319554,-0.04542801733959191,-0.011315975859989108,-0.03525875514926753,-0.028792400097728366,0.10910430408941947,0.14533857755887078,0.15915919902281678,-0.02177380608151018,-0.12288662579311849,-0.0056857634266169604,0.0478721031348668,0.11768990400995961,-0.08455077966723648,-0.012311004187733648,-0.1674323166094326,0.0739485855080138,-0.13059404941561725,-0.19631679846485076,-0.052338304253260845,0.3889774687820712,-0.263047062954241,0.4481913386177868,-0.0475574643236368,-0.09646647122921095,0.036103326780285244,0.07922745060410893,0.029858073121176214,-0.08714243591963014,-0.10723259913351546,0.1615053426797314,0.27823506092275213,0.2806621618424795,0.08482222715695165,-0.07165147385292783,0.05890346042707095,-0.07254118726309645,0.017782947170770034,0.05059099724338935,-0.043061433680308764,0.008047480138335946,0.029486259287670773,0.044039666495775315,0.022145820983322462,0.0017241335189411098,0.001446774473479226,0.017894457325416786,0.003454681171184852,0.001733152891701395,0.01101808985024505,0.00627961793428141,-0.0047118322204180475,0.019452966128218452,0.013961026677983029,-0.0024365140774725708,0.0061564112486043945
neuron_011_hz,-0.002006483030130846,-0.009460685873748457,-0.021922388778979927,0.1317988843100655,-0.034798321111201104,0.032103744299805476,-0.05527183620445608,-0.015182409109484762,0.010913782317465981,0.008179570582529536,0.008650172555726088,-0.005053061364529432,-0.006689736065854102,-0.008587026398620384,0.007929546761076163,-0.011534539854546486,0.008189854165539245,-0.023378333154350773,0.001411105485184097,-0.01483923764876936,-0.006256224120824662,-0.0122122491146864,0.015180118130807314,0.00721366331430286,-0.015119074383905,0.017513361038108223,0.01224945466168055,-0.010331251581923263,-0.019081084074785547,0.007721108080383926,0.0006370047178747076,-0.005061840784755661,0.0033196704041112135,-0.0033531216099035727,-0.01731728369795794,-0.005581003058892552,-0.011359911218147292,-0.013952549790181575,0.0014635482575545422,-0.004538211845919508,-0.027462226338762517,0.006629085434832482,0.011307618911065631,-0.006433787173217381,-0.021746559988717808,0.01591168363574435,-0.008500672817139874,-0.026038746891592118,0.007844869834135307,0.0011798158261757397,0.018600422607580727,0.004935850673217369,-0.0015139594486981195,0.018233444138861122,-0.0021078595325481897,-0.00945972462422949,0.011948815932054433,0.014514850379449717,-0.0038322630724076934,0.0033114495753201034,0.0029192680357069296,-0.018487819143906292,-0.03882825066656519,-0.05180399271245361,-0.03366843963637785,0.007628115429005461,0.0525589551987411,0.01606147426357657,-0.004889457222051658,0.02318427043359379,0.022920926382030277,-0.026143562612835018,0.030091867125031327,-0.015107115912358707,-0.0016135553121691768,-0.0017144026750337132,-0.041724060252694824,-0.04145059502545535,0.02580303223979196,-0.03991852811086504,0.12095417494094148,0.0660034417954532,0.048991940951304935,-0.20680689517114342,-0.013194844916351136,-0.07266384950932835,-0.17179338374743108,0.006898100531663717,-0.12304411087610476,-0.10735658782198239,-0.10827565637674734,-0.38062102175216717,-0.24938613726307424,0.6160042386134994,0.0606611297676472,0.27793768359121485,0.2365930498406911,0.24467429561937887,0.03612480534720586,-0.17161078479930317
neuron_012_hz,-0.10266773610410107,0.1720529221380082,-0.03573724117760824,-0.06578526213352165,-0.09672781891556384,-0.03847946716543323,-0.012862303672524708,-0.09225672552936132,0.08857722828444675,0.0063388003618241665,-0.019597501156550068,-0.06093182505124871,-0.011256138623588138,0.003706198488518858,-0.022305295272206246,0.02165176147695408,-0.053334831839296146,0.01763033734522859,-0.020086251573844055,-0.029695195838078225,0.023463391033109383,0.008759810421750724,0.05160785091797609,0.0017106092405149848,-0.0611115618993633,0.053605379576166956,-0.04996045768944543,-0.085408683135239,0.011241517063516851,0.09249362098118778,0.08910274318364975,-0.07945942503128482,-0.08693878281940892,-0.0891211803137261,0.02361518781875891,0.09363645697824718,-0.12749966026081558,0.08186939705121678,-0.011680911264169471,-0.02622783900197584,-0.009259350758807504,0.09065254278024201,0.2229279874900259,0.09709143831102142,-0.07712595483238531,0.04486596948390336,-0.01550162149974966,-0.10267189964083967,-0.0017020724867835846,-0.03692227005957584,-0.20175540193559788,-0.05300780773341339,-0.06584417734366196,0.05546054878958372,0.03594913548248742,-0.13003789927532997,-0.1371825493521114,-0.007206432348445049,0.1517457620677684,-0.19503607336388729,-0.33286833408978117,0.4334449317991395,-0.21132360017456941,0.139340140158872,-0.10699521730599826,-0.07477605683816518,0.008481809361830732,0.08829204884162963,0.2741830902974422,-0.03301505453396664,0.21483625427427444,-0.10829907956644155,-0.18945069247062726,0.011709054059926172,0.018228174426330443,0.1253630262891116,0.05330077925336895,-0.0204395663385599,0.06266310160312721,0.02412271420545188,-0.033974270394141234,0.004430704954262614,-0.027967497343830396,-0.021853592150963358,0.019711193446524427,0.04679138976548637,0.009856778600254981,0.028458590549471363,0.004500599922785467,-0.016461538433038242,0.014748945277190187,-0.014240482111593997,-0.013946939567377636,0.015794888873932683,0.0007622088045615288,-0.023011679696845012,-0.004446459132604164,-0.005220455754840453,0.004672447087794185,0.006839402929542077
neuron_013_hz,0.0018875008385555835,-0.058312014800387814,-0.0494730842149741,-0.06700872845880698,-0.07265742982846515,0.15334339449644907,0.01231136119500811,0.04489079058382467,0.02785306995216441,-0.0152393168166894,0.016566009919705638,8.692946278682223e-05,0.010085274880633377,0.01315758040557094,-0.013293459799581235,-0.007015219601884788,-0.001936387864446108,-0.003964674852691552,0.011867405823497112,-0.03121103822956573,-0.008144916056367794,-0.0029208255804030296,0.002539890018280027,0.010923967627871692,-0.019145338027042727,-0.019920508194744224,0.01982573326982584,-0.047873730689052915,-0.010540755610977164,-0.039046905496611495,-0.055935433218447364,-0.0007472633063600881,0.003116408127617959,-0.10437886680003494,-0.03675986160494328,0.0004321459336122102,-0.012631536166706384,0.013900888310878629,0.027914365130312015,0.00523250641495453,0.022277987267502644,-0.021289769513249734,-0.03388345152495108,0.04107576869425898,-0.0285111068536519,-0.06532585567918571,-0.0011213327580952474,0.03788589378201311,-0.01920642735609758,-0.04984348844114887,-0.02175879756515538,0.01799966226100795,-0.0019895202894790742,0.11676177052417469,0.025094494454835775,-0.019289394402339774,0.05053037971288001,-0.0054139389962834655,0.004783632596887221,-0.011147809206805208,0.04921117764541237,0.014089875358232891,-0.05373078867077096,-0.13746111497198124,-0.05266447748924915,-0.08141800491775651,-0.0595694962242366,-0.1149580420216515,-0.0031183659936840635,-0.06093921180305739,0.06067373447194492,-0.09471727812198469,0.1250722323728926,0.13277741347890393,0.34844915239425156,-0.32668814236900867,0.4240468187225772,-0.34004777563920435,0.18598486722517474,-0.32924952885576536,-0.25074395036140923,-0.216311113292971,-0.027991664847361673,-0.12847641913768507,0.04322318859509807,0.025210160136868352,-0.01893969806037738,0.06577429044208727,-0.011796437691508482,0.005845131453365848,0.006377600200637601,0.0007851876015819576,0.021538480452108988,0.003889738158177669,-0.015764496623778546,0.006888957674438659,0.00795572626722002,-0.019891974852988784,-0.01477775675335452,0.004171305040421208
neuron_014_hz,-0.001368807495096978,-0.013278525886419933,-0.032174846418999765,0.1691497339592965,-0.04042083766890545,0.015195608480510783,0.043788707618554946,-0.01232572545842986,0.07332986394003652,0.008034929968354268,-0.0220055893195788,-0.025706966790805474,0.005354922246707444,-0.020113720247851324,-0.03145729868988241,-0.012519731342837792,-0.01349841910234735,0.012616850413992506,-0.0005000977192173572,0.00553449441673147,0.0199708046057077,-0.041051485927059386,-0.018891035520532368,0.0029333330909632194,0.026163092276971146,-0.03330854501945632,-0.01764506798015436,-0.010635776290210654,0.01900959895984268,0.022863588688423545,-0.06190432664042641,-0.0070407950480864834,-0.028992093083522172,0.029424528527371097,-0.028442905314687572,-0.0138657509491317,0.03996597165136856,0.009596854486136976,0.007153075929556343,0.04326447923009444,-0.015694909091080043,0.009833710777736232,-0.007980752654533102,0.02648048604171277,0.010770204529775817,-0.03326528125810496,0.01840478961219508,0.020328614717874612,-0.01160435202970108,-0.02770548803478872,-0.00013140727807322856,-0.01177259801808811,0.021237324086613607,-0.05822213845755579,-0.022829619310903437,0.04683052621312841,0.028471358148162425,-0.04035203413593577,-0.08728345286841893,-0.015427149585060251,-0.018395451817961504,0.2033117297414064,0.24281551345022667,0.20840097252596326,0.26457704638646834,-0.06390231780491003,-0.14251464996383476,-0.04638017488989389,-0.06288631428291075,0.11219492420767124,-0.056861943893367906,-0.039427643464171616,0.007677515808002022,0.01031631383020451,0.08152682619361482,0.024336995660887734,0.031060343939607313,0.058587089497705136,0.032417217941826205,-0.09249754896085262,0.12162088997462686,0.12033316365010474,-0.08407842527158295,-0.11581043998948944,0.6162866912969643,-0.011262446103646379,-0.21783123596058196,0.07106083193083505,0.01968158275092919,-0.23239237144880442,0.1887235265059181,-0.15155918320403783,-0.03483749156571272,-0.1877919879742539,0.0153414091805857,-0.04047923297937821,-0.021438414009621376,0.053821401649520775,0.009555118671429663,0.025595940303311637
neuron_015_hz,-0.09095315570240291,0.17389804261790373,-0.022502451382578444,-0.059281671410908815,-0.07138805633102853,-0.024222212375163026,-0.012365063726760562,-0.04796859275294781,0.048489815773463715,-0.007996416622207903,-0.009663098698967476,-0.03754794982202378,0.01594079839674037,-0.011545958474409312,-0.01999814636606269,0.002705424299417475,-0.004869120096602106,-0.010366758514147735,0.02129388870215425,0.02218899557974659,-0.007328438847876554,0.026910830173135798,0.05762619360063573,0.01575471769222389,-0.09456651853586431,0.0783333609186952,-0.11997967302843016,-0.0798629264261721,-0.029417849674437918,0.07582294559088679,0.050518632050589346,-0.1249559068490871,-0.05981561188219809,-0.03587925906786722,0.12230839947100444,0.17432653659276187,-0.03436977767845303,-0.06961784430104742,0.08638167136443137,0.09886308465058344,-0.004343511584849297,-0.018457434315477066,0.4907361242749078,0.31540109736156047,0.010161614722268232,0.08804517590302285,0.11907562025366232,0.05458656520791837,-0.022890331995761626,-0.19312671190970382,0.014404772375710468,0.1591260114320486,0.11872677049127678,-0.15479359510990084,0.09942146794138548,0.14754983509555747,0.003802288861516752,-0.07545845364884313,-0.018148239593647086,-0.020380199556003557,0.12967178495207088,-0.28635570340198446,0.22282712819462028,-0.13935275015627693,0.023934011620492177,0.1622282612678636,-0.17183021519775202,0.1029628042728148,-0.013038297136207438,0.010086669568640641,-0.024434578824044876,-0.0006694514088791965,-0.07519222703508405,0.1552038910952599,-0.09078950590543435,-0.008134388591473432,0.052213964522334844,-0.1250386147245842,0.005660331854956652,0.0019809815208945867,0.052077025370726865,0.029299273075406113,-0.039343533193585176,0.020730045156863407,-0.009425046090188637,0.00501628977821938,-0.015973899696929743,0.026627074760141853,0.005735500073550759,0.011457744762567612,0.015588316228112749,0.0035271289940840243,-0.010483976163036791,0.0031345548139898732,-0.002805409908949577,0.009644048478214793,0.01057813124557233,0.011552949571303234,-0.003745060987176474,0.012078070633290694
neuron_016_hz,-0.07524433463309725,0.0903226801050298,-0.023665313067638322,-0.04754850982973737,-0.1500725697924576,-0.1616355456500775,0.006328342137022597,0.2342221145479965,-0.019045960993904733,0.01906763026538838,-0.028115388493180238,0.07697886014699296,0.053379052944485396,-0.0470878827064525,0.02736728341316998,-0.040991149632162216,-0.010768095377630071,-0.021964311646391815,0.04111183263552931,0.03927525293501932,0.03151592459967652,-0.04019652603598883,0.005824073656604706,0.003874162500578038,-0.06458875519775781,-0.002360747311470318,-0.019342430326035415,-0.0626669135169806,0.0241040724992894,-0.018652571791949832,0.01116154701553277,0.017648102240550217,-0.04229489367680757,0.06224092491960785,0.023652209874385204,-0.01695521909116947,0.0038458312522654248,-0.05547226911075517,0.025434805585128298,0.019336196224335408,0.0012335484977831698,0.06797479761722611,-0.037174747496712846,-0.03301739945796511,-0.030541578927078983,0.04033224615202835,0.02521286250848891,-0.013233465202519529,0.04524855691593857,0.10533987799097118,0.15178757197575957,0.026573734628941192,-0.12218863536230931,-0.0637204211967547,-0.029414945470554857,0.10444050555005102,0.11628940437155816,-0.029435338982406904,-0.10948545071262014,0.18958405832387093,0.06133511891327388,0.13250796842020313,-0.31258845960066883,0.19722878732228522,0.013713762835496662,-0.12636934406809247,-0.06310448843733711,0.17743853411019467,-0.0561139448442804,-0.06465273104513414,0.08940138021243757,0.08144662984545081,-0.02137851304770709,0.3801718663193108,-0.2905549939060674,-0.44124070707672314,0.01151766401770387,-0.034260886024757076,-0.001733216054636319,0.056656598167887276,0.128183555576047,0.11632059909216713,0.01000318769174105,-0.03764730774500384,0.0038367387756681934,0.014143136349954323,-0.03188634751566023,0.044896312668701546,0.022284994855139496,0.015061498552536856,-0.006417133377349574,0.01659098497896931,0.0037220723969367125,-0.008533094768008842,-0.03149135037510775,0.005030417336734689,-0.0103406299576973,-0.017021284319571436,-0.00366395177137685,-0.008323626733181155
neuron_017_hz,0.18636641353793268,0.02998149552166826,-0.015958359876910695,-0.033558395073021566,-0.018908106700968617,-0.1338435108967491,-0.10843938078443605,-0.0007010324083882116,0.05299759662099556,-0.2254915982908386,0.19903841298444883,0.17228399170124675,-0.33506371511162303,0.24295807149547624,0.09976937856364075,-0.07033778526225459,-0.3449639075283574,-0.14867560228112925,-0.13525209214478828,-0.03233966997759938,-0.23650853324257326,0.22777801496620928,0.012285024406487786,-0.15366941661754066,0.06086013527351841,0.1235625090592003,-0.2668790886428041,0.06910782942513016,0.23286958834025392,-0.023851829022716015,-0.011302668905559352,-0.1573029763154928,-0.1651847837966312,-0.0007163963755637548,-0.08910260762773947,-0.10035952698381048,0.1346923604487204,-0.03086756133970904,0.05353799757595299,-0.22183886538748213,-0.05817483464947034,0.04198708879348235,-0.047831406761394746,0.01598646076386774,0.010099711789261825,-0.029602877106579994,0.015601559727699516,0.09123952482407112,-0.016424968880353295,-0.10112603397121953,0.03961616942215365,-0.0005307702034818285,-0.01584249653150907,0.025847504676213613,0.008233755371401435,-0.00930728441727989,0.053705719270285904,0.005624176080807758,-0.01226886593258622,-0.01002156182644663,-0.017633764243908057,0.001558244312827816,0.013095378658821518,0.028323382435294937,0.000831916821823521,0.032338468369325926,-0.011836308264618827,0.011182304104599076,-0.007577506128490674,-0.006660492450074856,0.027591428529871377,0.002625666264263922,-0.0007499034428884166,0.02335104041277318,0.017575192355829244,-0.01404482659332178,-0.002213243243145615,-0.022793395305213827,0.003305865949653722,0.009328706461134206,-0.0016829888608227862,0.02621426744362844,0.002030995920386136,0.0015324730188202712,0.016267487059839825,0.0026342315175425512,-0.0024809045795771145,0.017241630175106187,-0.006471174558068473,0.002759988797344237,-0.013036216648057847,-0.009085506615685551,-0.0028502363151301363,-0.0055948713035297165,0.00860819508773809,0.01607910749274751,-0.0030968688840722625,0.0015102887429578188,-0.003950976596210881,-0.002417950776384098
neuron_018_hz,0.11407424021791336,0.03405368010085977,0.15457868220426882,-0.02142173238649701,-0.012169959848153762,0.029606573025558226,-0.04878517521347862,-0.030875869994054134,0.02775739287193843,-0.08834562284602338,-0.06943535879466453,-0.06739713044284068,0.05655885545356504,-0.02715918767598871,0.1417385472099683,-0.0075781184359864084,-0.05533209541289874,-0.04388216597967576,-0.02369269884644134,0.10952216318195707,0.10743145158995558,-0.09113915456687871,-0.11887318278113497,0.001543047330816033,-0.12226054870228022,0.06972454224536118,-0.0266075821847348,0.21688601826066517,0.04920933497419948,-0.2568279523785897,0.24493752313003336,-0.20769297785831986,-0.1517044635421901,0.2680338881882769,-0.34773616223879034,-0.06619539536238664,-0.2940312824724559,-0.06014617464587406,-0.1644836642314258,0.23348944621660347,0.03054421170302373,-0.29298810487777915,-0.03918019145599805,0.05963234322230841,-0.06041733747166055,-0.01773451096574353,0.08365077499446606,-0.13966175803584735,-0.10598877619530206,0.06115791689417846,0.00832708735629129,0.10848562120436758,-0.12459760485648069,-0.04796402195975735,0.12906837625798395,-0.04032550764193063,0.012262148543639995,0.1626993292779592,0.004470079564381141,-0.07752853240043418,0.02646854804385102,-0.012883893558439996,0.03895471398290391,0.03324363887280948,0.016322623981825393,-0.010814200045169878,0.01053579317284363,0.025998538468622046,0.009617786132887975,-0.008075295687218601,0.019066175240988123,0.02662286927828613,-0.010815196533025859,0.006701180600636486,0.017997258105298355,-0.010490899872128465,0.001956162894080552,-0.05788682071796855,-0.0013846169487695074,-0.04473372071641634,-0.009301581019487215,0.020405311180461537,-0.026934795773519565,-0.004422195780646607,0.011504158285009766,-0.00732409180798297,0.021658125056572303,-0.025212688624106333,-0.005547841779562041,0.0009530994387298986,0.009369155033721169,-0.0011420839209302924,0.0010560987246983622,0.002066915676947112,0.009031019521846463,-0.005756677251518353,-0.007614515594343903,0.007592062692356592,0.0004082364315136644,0.007032642106142517
neuron_019_hz,0.0858214110235098,0.23600799938057676,-0.012085659369716551,-0.007449018129330974,0.2026329441984858,0.14683859476516561,-0.09523682484238295,-0.0364747683403,-0.009725934675448,0.026199147764355835,-0.2548766962660621,0.23058293456927362,-0.10075530430917881,-0.3475363038117343,-0.33928733264250904,-0.24706654300154088,-0.13578716342959954,-0.07780712074463018,-0.05451822324831207,0.12446875531724168,-0.04442545893658867,0.09491812393544881,0.22718760498750362,0.16738069660771873,-0.21158837287163454,0.10091658497515404,-0.11044306691058875,-0.16940026591158883,-0.033315485014643924,-0.27700540511727956,-0.009624026800795535,-0.012813193337475257,0.1365654967051823,-0.019278181484468748,-0.04868556765476169,0.025707728206360428,0.06760112845081695,-0.1303304560104419,0.07839298877816711,0.03691937141370299,-0.030541396891325488,-0.008198841836591714,-0.07666988592359802,-0.1317218068631946,0.03251425807067303,0.09754351997740501,-0.04017646876845549,-0.06256037361070135,0.010092951146994093,-0.030005464159299014,-0.09919231614931331,-0.09209944442345742,0.011258217944067034,0.028682097005727925,0.048519842334065415,0.011213491268198657,0.013019642583529573,0.0125042036223499,-0.059722150550342974,-0.01747464408952259,-0.0346045694145206,-0.012761797878525064,0.04437042952434231,-0.005624419997736552,0.013567623555833824,-0.027221759625945058,0.020646046173851636,0.03220220707076124,-0.008944112370352558,0.00934765186782821,0.01635537733814968,-0.01397852400387334,0.001228290548867323,-0.000998943135530353,0.017141560157104052,-0.006018773379689701,0.00638753395544606,0.01996365302266115,-0.0386949724754503,0.00957722777513096,-0.025325781043121342,0.007064872732774362,0.0303797446629301,-0.014216724749662417,0.015233766362528841,0.004391868412233411,0.009197872472866409,0.011984354195522753,0.01561324440142887,0.0005535239406752601,0.0020400686223608355,0.00218322694332089,0.019806470965966813,0.0002696139942329756,0.001325246381877157,-0.007761425097699712,0.0033274006411940574,-0.0008919817615099419,-0.006129116748359198,0.001272627236680618
neuron_020_hz,0.15147517459707027,0.020842842382191293,-0.061671443621333026,-0.02886987493336187,-0.02083852621753635,-0.13622545412774026,-0.08299574484492128,-0.06814538900551413,-0.11524691356531862,0.0014280279311744692,0.016325683844014338,-0.013007355713983065,-0.1026829514483765,0.010681647797562033,-0.1599683017662746,0.01665384931474756,0.09449017166094403,0.03515311675106077,-0.07940590368662373,-0.19019543080786278,0.14948431599801157,-0.035070848794115796,-0.12523656160810986,0.0019850927349899378,-0.08271859931445631,-0.12423095002883747,-0.12161518962064535,0.03276257550737681,0.10018685126146086,-0.06269157939765971,-0.048474225274738575,0.037859623239266234,-0.003293824241492549,-0.12517730192730292,0.06057917080129063,0.03460648483871938,0.03857885392250577,-0.050774390975436276,-0.20096061274662916,0.016340357767589644,0.06053949025681023,-0.08235934063253272,0.12126042885310631,-0.32081656484844967,-0.25724637677051243,0.08217678750167201,0.1743197042062351,0.38830758720040315,-0.03516512108692185,0.22610921463622985,-0.20684632084603938,0.23657973459267823,-0.14355465342369436,0.013456023764900554,0.11206849316914035,0.10899801368348287,-0.23354980878184078,-0.1295923676795585,0.013017376441406603,0.01188382776428257,0.05137927212410614,-0.045651828476009786,0.03776378966623382,0.05690076876108609,0.00029374940160090124,-0.08647507245379268,0.00910721861061637,-0.002937423479448642,0.00013221064183685516,0.009887091352421301,0.03298364981614997,-0.03916424532947198,0.017405224790018867,0.01601291857226201,0.04571256065787389,3.2791005409926743e-05,-0.0014648050763966664,-0.007002280767398089,-0.015346438869967866,-0.019447542449268163,0.008830303360275652,0.04211506797221938,0.020375439319172975,0.012886632335992958,-0.005505202806425993,0.02934004409628367,-0.020055633561023467,0.015426557791433286,-0.019617987890775436,-0.0020098437708781086,-0.01056985126892554,-0.007354517716609041,-0.008408865742032354,0.008419073271321048,-0.0128652728117737,0.00397617628414159,0.005184099658437719,0.009470046998912485,0.005322497605543042,0.0018739921094168
neuron_021_hz,-0.011182367682551871,-0.018351869449834197,-0.02772420822338367,0.20289488278584575,-0.057541699152673494,0.04137706669841188,-0.12548066030450855,-0.005885587347853661,0.012808269031640146,-0.0014181012485736666,-0.006945297718201626,-0.03530282176150645,0.004100063879198063,-0.004814311821494499,0.003485692150509437,-0.013020451964228325,-0.010687174342559835,0.0029892782510157895,-0.006628700192510856,-0.0043175058582481385,0.01814500479723047,-0.00952606577499561,-0.00548625645408977,-0.024345185360426153,0.00529814453417829,0.004201593005829174,0.00741674394370391,0.017220352190310158,-0.021301955045911827,-0.004526074302114991,0.002581761695771692,-0.0008963900411764064,0.0012509701367727777,0.008468187898456159,0.006222691788194318,0.0031570403532516222,0.022401680665401325,-0.00030269809174321427,-0.011381219631648646,-0.013346588818595885,-0.019520006354207108,0.025191244573826807,-0.029426832823456983,0.0034062094041087815,0.03598349239501925,0.0005434276233935581,0.01659282126811187,-0.009973786224716535,0.022766043064207254,-0.008707704384487532,-0.03348515827272739,0.004131668487335927,0.011038768711904984,-0.03151511794825185,0.004425741811778988,0.014013323152090307,-0.024878353226267032,-0.05581163119029023,0.0004641126443079846,0.05613370587194269,-0.015082681707964781,0.013533058940268808,0.10650350227866685,0.030734678584664964,0.08938532373552815,0.0013478769998040568,-0.011923693471887886,-0.06317911217719961,0.02976706615337584,0.04679105103576396,-0.007910235366159181,0.03902675235503182,-0.04780361104546618,0.011587297011324812,-0.003598762255744632,-0.05693574475146543,-0.03949480737953719,0.030919763847302245,-0.03783609850770388,0.06263785852024974,-0.14038005268215334,0.1304820505140784,-0.4147655911706337,-0.4217808873655421,-0.08959910100737563,0.44230449000500427,0.3471162356833308,-0.04170337810414267,0.12322740458182942,0.22451178595391058,-0.19402554756720086,-0.19479248776702635,-0.025291936251358227,-0.0703579645974359,-0.04748071528711616,-0.0012333714011489236,-0.09530466356357001,0.03638455557503997,0.005800139490147599,-0.059318170651757485
neuron_022_hz,-0.008236018771918137,-0.01047404141191589,-0.012391145252776294,0.11227810252666809,-0.034992930414459875,0.03280583161236045,-0.10287062026299627,-0.004885472801837621,-0.009421370432966288,0.009470310448238428,0.014238685943731719,0.0021415626137361587,-0.006945369943487489,0.002512945754731266,0.005864970088261302,-0.012778259123714594,0.005943540327329716,-0.008441080694975317,0.006316100403685354,-0.00540483714518139,0.015842374606457807,0.016806148206447526,0.015614294566884545,-0.01931272440696867,0.007149036823092779,0.020643271512868794,0.015522488384689614,-0.011754109384513373,-0.012420356850794175,0.012298824828886758,0.008984202196281908,-0.009581694535231357,0.0048138884989654546,-0.004679691050687662,-0.003814213520068381,-0.005380804165730307,-0.01422195060304135,-0.0038023510607818195,-0.024977676179397834,-0.01575419123609842,0.01117867445085406,0.02019261817224518,0.00044582722784922146,-0.012374919259295625,-0.02598783703263701,0.0029715918957728127,-0.01370301020807993,-0.014240386564591381,-0.004749462520905343,0.01585295657326151,0.005497847933068853,0.023755214748623896,-0.03720306608161512,0.022079087612021805,-0.023421038146068593,-0.013211858520526032,-0.00651166356178285,0.03305915223576676,0.028488021592837136,0.023017211795380757,0.007276713145716582,-0.04870659859303948,-0.07487869263010302,-0.07404777465775611,-0.06743086859008476,0.050150192293670785,0.03332914101000328,0.04152334014195386,0.009437628583624305,-0.024523875904201978,0.013946232567172308,0.03414116710030864,-0.007362419047923632,0.022108030600301753,-0.0332819593745887,-0.020837438511968634,-0.05674523396256195,-0.017643696956746013,-0.057932282393115986,0.047192927732596604,-0.11989043189038283,-0.02564832801285804,-0.0279886385919427,0.018606445653884626,0.020459694609352673,0.15633986384811513,0.054872311208260235,0.027191448531001305,-0.047798063223604116,-0.08890470408688814,0.1762939666503519,0.05389515915791751,0.05853880916617453,-0.28862630546312473,0.09876408386238263,-0.055978949790355954,0.7857749689348981,0.2919844786770187,-0.13180507228992522,0.12915956581638166
neuron_023_hz,0.13828747752339285,0.04837601087086053,0.03225944134226763,-0.02312874454126329,0.03256655982265355,-0.0037567847199781786,-0.07662319475060424,0.06409724302636907,0.002958994011663969,0.007606967135608947,0.07557286823978847,0.03541393391933188,-0.027104194318422675,-0.11971100446759483,0.1310291749450669,-0.16963585704212497,0.23724240654853934,-0.1610317172355576,-0.11360543033939055,-0.1648592144889329,0.034204278158159386,-0.006579423325376033,0.11175490227094162,-0.05693243495253045,0.30233412676757426,-0.05781495704749012,-0.22235874123734375,0.04944498415761428,-0.06143128029548292,-0.1407409035106915,0.046967783908913,0.34338176930646924,-0.0731159840544694,-0.07791027008264645,-0.1796798736240346,0.4787040786098429,-0.14513448926356068,0.07509545484218215,-0.09115108319292611,-0.007269256292323199,-0.057063303174278365,0.16465725575243736,0.009572580249772866,0.03395625418026618,0.27332413908778563,-0.11086152482395362,0.01684403843981569,-0.0756255712331502,-0.055762446820900716,0.004972373061811489,0.05159683614377632,0.05300990557897606,-0.04697611144186152,0.03821479305737231,0.023520092797442545,-0.004351812925791607,-0.08631728675699492,0.028926897212555452,-0.01007337787824808,0.03820847075723872,0.003744224725652295,-0.011239405303514149,0.002673805260415406,0.03699946955778427,0.02729350950793527,0.009238856594632167,-0.02210923924067018,-0.02069396485101775,-0.0030334775377656026,0.01693322229104957,0.03764640135854949,-0.01658563669148973,0.006994977762737348,0.006823852923721674,-0.0157957942474729,-0.0007003697829876532,0.00932459768779445,-0.05291836109719983,-0.03717696642782865,0.024170766083076615,0.02293507813875057,-0.01720507415481562,0.0003875427756973582,0.011106949982141498,0.020136186048817416,0.006446407597877263,-0.018587722418682312,0.004873581934361021,-0.00023330705588006997,-0.002174801904581608,0.0032846823368831157,0.012706754783296019,0.0071112191788181775,0.007564235982622215,0.01885907468358529,0.010700572473674987,-0.008737983310930897,0.0014286542783848444,0.001474921806897983,-0.002554050823273535
neuron_024_hz,-0.0017110025624318666,-0.017837693736929505,0.24518419363370353,0.019573539033161634,-0.05672691418954598,0.041292561449603825,0.15306668804399234,-0.0819089950338565,-0.21965662047296003,0.02587408882049693,-0.023812124401700982,-0.02049410950833387,-0.06607855878095209,0.05211287306693507,-0.034140126676259694,0.06858838786271104,0.05695056048445909,0.0016215343834300594,-0.035814625797633254,-0.04196420644066212,-0.027562956256564936,0.053408376047774514,0.04540160928675582,-0.0012404384352723008,0.00670263186081832,-0.004358632078923996,-0.03229739587739497,0.017594750179191106,-0.04019712668594956,0.050663946914024025,0.04821685037678093,-0.006378373134668113,0.0440879824624534,0.023921568282514807,0.012734358761750914,0.04083028725720869,-0.027336833451808595,0.00011486957215404991,0.016152677532050852,-0.021086215715564023,0.026233072527113238,-0.01251392724704202,-0.0199803844473056,-0.024466836394183983,0.00093484698791663,0.010931972164489372,-0.0060417032820328925,0.027474503100927694,-0.037279529816429235,-0.027288373067053076,-0.06361331496632189,-0.0586103890091209,-0.029253573551400736,0.0587497263001953,-0.06684665894898786,0.1764359632281056,0.015147580561565555,0.03652001324801273,-0.19105403589871497,0.036035301353184786,-0.04074029629652745,0.03292235100899005,0.028096164070634908,-0.038844122717575605,0.05632697022814432,0.2050440519720196,0.20229603266820076,0.1283887635545254,-0.0034986478040057133,0.013617321078328318,0.23831971043817052,0.03944272630342205,-0.011589890827657684,0.15196002518697915,0.15772030265484752,-0.001484573733779665,-0.05858172311037935,-0.04034030565845664,0.057854507654022023,0.016836565152030372,0.05937184832137204,0.05587907295435847,-0.044083280847662686,-0.07753041273536701,0.132729325661187,-0.35904345876206134,0.49753131180556687,0.16071996945455258,-0.003604934720080593,-0.16512117176045227,-0.13265571686395194,0.0193979555737495,0.007758548963891915,-0.016832618369234262,0.136052729685331,0.02266616208262148,0.026606989380248747,-0.03226129679290769,-0.003357565909093585,-0.002641173048994333
neuron_025_hz,0.013233393242716154,-0.0012295200447828523,0.11857634746137977,0.003779612462848275,-0.021316850124791686,0.009118926715077809,0.008973026569051305,-0.00539259155124208,0.08130034463852803,0.0005129896831085178,0.015117729648633544,-0.02176095656324048,0.002791857456907132,-0.017463269763113798,0.02249898890563587,-0.035173962964370475,-0.027403340856321047,-0.04248103919542677,-0.010136603357517926,-0.0042605838431911125,0.05485806902950033,-0.026563371790051735,-0.0009913392638683574,0.0031315391741011805,3.0070657997115224e-05,0.05040776923509324,0.012238402685989025,-0.009101416868575445,0.029510770077388088,-0.043568889665293764,-0.03313823952773176,0.025699689709755114,0.04741005998054994,-0.0020115140681870314,0.003507983577509838,0.005097012069694762,0.037967991229376705,0.03944946074405584,-0.030315350472360347,-0.009469043504574224,0.003177824362994009,0.02458991904792114,0.031080314098452806,0.00845834146338267,-0.03503491309731856,-0.05666371646279921,-0.03632263331726203,0.04371846826065153,0.04981957226350419,-0.016958354376216074,0.01879349814511104,-0.010960698933763197,-0.0036105647361543286,0.022033570893242097,0.0010341789022206768,0.004720221650613254,-0.0072785154541114725,0.010750693926653315,0.0036464448723836328,0.017642608017560613,0.010173684154504002,-0.004283394207232019,0.0035839186619436025,0.029930637044827846,-0.04340326511785539,-0.045656216356432855,-0.030324510811020333,-0.027246465527824476,-0.019569672565383334,-0.06259306619957763,-0.037594574648109946,-0.008568454697629294,0.00366469069085662,0.010147254554536439,0.05679432779683698,0.021480569737750255,-0.014610732507849371,0.019585670311072584,-0.008430446869668096,0.046132612223686406,-0.009434417369233358,0.062144830588181384,-0.07225218570513006,0.03311402017335016,-0.03177191916277288,-0.25986774516162575,0.20714028677259172,0.19895593889807164,-0.000963071193898624,0.3526267843575108,0.5482504027639988,-0.1794665788596429,-0.17302955963605274,0.09772181004534325,-0.5010332039705127,-0.10058550916799057,0.04968602817664364,0.01480882311026753,-0.03490452883597873,0.011249754216071911
neuron_026_hz,0.17692688221110564,0.060681012945178824,-0.08610693945301573,0.025039274051129323,0.04557669239543647,-0.07438009098981412,0.077043084978972,-0.004370289168201147,-0.12338930885854937,0.13687325331580302,0.05613344314210355,-0.14286213456463548,-0.05092007252407599,-0.14891531494876944,-0.06470528070883112,0.1032692320424898,-0.07132013713154917,-0.05908479373401952,-0.06723602665073258,-0.18088814653408025,0.22970146778817208,-0.14044096324410282,-0.2426912027141404,0.10511429555086282,0.17714390996500978,0.6440288314052276,-0.023648814814588914,-0.027709399273114072,-0.18833907445861034,-0.04673902129945606,0.001802488142110148,0.023152945261226486,-0.19730383544004543,-0.1965281803305171,0.012043405280436785,-0.2054541159083184,0.04477628233137748,-0.011341174437708587,0.0012947651968559792,-0.026047038611071743,0.06537048013339414,0.010749413019846735,-0.0319323041621888,0.0030011388648048254,0.05699329144698359,0.005768609391859483,-0.016163640646961415,-0.08957575410024168,-0.020194495816729427,-0.03544274793112945,0.013311839556829541,-0.021077010885773954,0.04884026235101932,-0.030807255242350756,-0.08139232169268339,0.045035676409065216,0.010761171521563945,-0.055968288558213626,0.013775030383087833,0.02561659270943656,0.0020311591097484545,0.02844793039379021,0.0009136479514787541,-0.05348299351719233,0.06557568734456001,0.01306224172955845,-0.02026704592536961,0.025451690049902165,-0.0065504791256564,0.010753658585692216,0.010158176853111028,0.027870373068009907,-0.018218578616974096,-0.006772444404619923,-0.01467594267937656,-0.022514850477550183,0.023015915691783698,-0.018823412095985242,0.01050590014993804,0.000965743211169203,-0.003991877061325946,-0.006055856297330284,0.017697082785864987,0.001938222236453374,-0.019584316833270075,-0.006635151213289184,-0.009335154682409932,0.01402014252137529,-0.005568188187014769,0.0021485159398432763,-0.011950495692483507,0.02081138060985259,0.009280800798918673,-0.002028556850672547,0.0012418895020973944,0.004356816189951766,0.004471219288668976,-0.008920995390568037,0.0022261438916176164,-0.004621465328387836
neuron_027_hz,-0.0042322869530893245,-0.006573514089755514,-0.006613431940043283,0.06907440693370334,-0.022089965108706176,0.017843356389487888,-0.07285783879975441,0.0023176272534535004,-0.0134092542222882,0.005311076610894203,0.006712109934670365,0.0016627787540410182,0.001134351279115986,0.0034824650839735127,0.012168386379800666,-0.0005941368751656434,-0.00843062452609461,-0.006472757848595412,0.007608314004047573,-0.01002793146371763,-0.007743111481357673,0.017891692959254774,0.008798747712009716,-0.014503203692014077,-0.007401868214501492,0.011873748941956159,-0.008268559337396064,0.002948452783888618,-0.005130823455215171,0.0004036397688572113,0.02346570660650857,-0.0060693854068508,0.0093636521003286,-0.01810586812104409,0.013140950071379075,0.010158640119684717,-0.0077626096979588055,0.011314167156103144,-0.015537733551816387,-0.0037549678133829084,-0.0029961817687077195,-0.011936544316832873,0.004176008739028486,0.002363178261141266,-0.01155208860246084,0.005217269221086673,-0.007314687138336079,-0.011056002317103006,0.0006811119040890101,0.014006952959770128,-0.01069025333247181,0.03222582744125044,-0.006061155481088027,0.01277297572157493,0.002094890237362909,-0.007212424170873921,-0.0009366978383888707,0.012030200092552276,0.03317689480368824,-0.005098223959429193,0.008539528859355862,-0.04838366630473294,-0.06758420690601806,-0.10101058815910795,-0.05151720931270606,0.035132557195274,0.033574808177236626,0.006158807748414763,0.01619464079215204,-0.008393364861629199,-0.019169265175222147,0.025945442295740438,0.0034613554036175276,-0.009032338897514708,-0.019586705182486244,0.02144394267490639,-0.043782783628651636,-0.01446406579436979,0.010842001941598366,-0.017610576501285943,0.047952184105890826,0.06207888430331086,0.04300478527136284,-0.17088962485529022,0.09825380390364122,-0.009425520449697702,-0.06754130235611125,0.017465517084048865,5.688761462088049e-05,0.01837817392612666,0.06873707167063303,-0.011064965904021937,0.27687264726168026,0.03728629775975345,-0.014200782394146419,-0.29890665261446886,0.25037123358597835,-0.4573143853300895,0.4848264874098397,-0.47292576472339176
neuron_028_hz,-0.015745110144714126,-0.029636855089927003,-0.05712363973428853,0.37998975006708496,-0.10994778357353004,0.07237578293268575,-0.11079329753009283,-0.02913645858947746,0.07614597293625164,0.0031612994282158562,0.007685453263766283,-0.04330744027040731,0.019001086811704926,0.0011678478873785592,-0.01751153951015126,-0.041378847102642016,-0.016461546280541195,-0.01569412517495647,0.01198197313968978,0.03109701135252213,0.02243198855929604,-0.02739203994605499,0.006371813270837386,-0.022007703370691592,-0.018485760513739114,-0.013197869941975776,0.0048728942639611195,0.012012170197627181,0.002130646222824155,0.0325703716306939,-0.010114346984328504,-0.007785364714138612,-0.029974533524648878,0.04598168968355085,-0.014015055576460704,0.003258656843059704,0.004008612401178779,0.004891184014759478,0.03980691752821794,0.004851991936426707,-0.0038237062543185277,0.050233545987956485,-0.016610011169691144,-0.036132976238014175,-0.0008031023124441851,0.03849377141581563,0.04743837946055349,0.006488244660627612,-0.03409550567142719,-0.03601193033045679,-0.008084206808602779,0.017990895681904158,-0.04038072417129235,-0.05372869855652998,-0.03361686858219556,0.04487441484720213,-0.0028428372733032784,-0.06457106646235597,-0.09088651852096294,0.010256336413567208,-0.031375074537257595,0.11071452420530975,0.17130249211799925,0.19798723445335614,0.23650623799288562,-0.009899002517859398,-0.061852762231554795,0.03189194750724689,-0.04127465292467151,0.015778148963780502,0.08017598991385468,0.0476891561304876,-0.008980708625388634,0.10324911361124622,0.01155761801954923,-0.00045061862244353407,-0.025993239090705465,-0.011822165294150588,-0.03752392041395661,0.18350460614482692,-0.3984311844675233,-0.21165650027376984,-0.1701351123821731,0.27748909146234896,-0.09424190285885407,-0.16763058021551425,-0.09928754334406986,0.043685015581559974,-0.23199016151831126,0.09425686235723724,-0.0812711131989717,0.1712530865430734,0.14206744064006002,0.24649648295734064,0.010260878904794143,0.027170804107739244,0.06892103884311607,-0.15043778120740678,-0.04705081136769482,-0.03408918116498047
neuron_029_hz,-0.06834290815266583,0.0897468979700809,-0.018068419905866107,-0.041895367173552876,-0.1206864266808735,-0.1214754512611536,0.0027120312340622784,0.1513816754364346,-0.004112647984291694,0.022681840999031512,-0.0005491943813411486,0.05175452858369067,0.021600257136746237,-0.03755799301930596,0.025432372518373006,-0.003176731525853266,-0.010256381842607243,-0.01422396312354441,0.03499856936247997,0.006421280296799614,0.009684929382691207,-0.029209561140709304,-0.006090766040427083,-0.017636738056581724,-0.0007106620714561751,0.018482343744753646,0.03856639423856842,-0.007192423142686526,-0.025473467286531937,-0.025084669353109462,0.01749035731593361,0.01060069209863948,-0.01442809690468859,0.008044117648317708,-0.0025304472377070467,0.020166036393388154,0.024419175066467513,-0.06445737224358102,0.06773782996316269,-0.016010292733288592,-0.058296269351952215,-0.021926685094478995,0.0015798173004415716,0.0018550812390901658,-0.010253085872019004,0.02298870401540657,-0.0449095272405535,0.045797115687144105,-0.0017261683110916526,0.11695706434812585,0.08855595727404066,-0.03616694082261901,-0.15520553320201663,0.11988993229600925,-0.14057563728948524,-0.19503798119408675,0.13629894924578337,-0.05332145424773732,-0.10874434882641537,0.10283354819837828,0.11715775009864485,-0.15305278291333035,0.17335553713395468,-0.059713695577068654,-0.03826096170029934,-0.20819842783864861,-0.06689920081527115,0.23015388268700904,0.2661782731589046,0.31302581107958866,0.1801770595951402,-0.18820190697028327,-0.11586078664597697,-0.21684548212781427,0.19135009755329013,-0.02375733235495487,-0.3800643236291951,-0.16495058659365391,0.18644177981789023,-0.06479507346143146,0.00899924098991561,-0.037877417781025546,-0.07032821016775517,0.07939650484036265,0.008805365780742223,0.04882841577801028,-0.007846172507042351,0.04724108644108692,0.014718427983339014,0.029704886193099328,0.0298849138617157,0.020144329867349355,0.018433419103368376,-0.00256956634533112,0.004177058841596831,0.007244172668823937,-0.010495032603218185,-0.015801186552739946,-0.007912942574058807,-0.013475796461994122
neuron_030_hz,-0.004435984057742477,-0.008662274889581463,-0.016644078288634814,0.11041561112780282,-0.031326664550691344,0.02112693934713981,-0.04933035885610711,-0.009056529134493112,0.013914633781537851,-0.0010064437139104784,0.005453351519006846,-0.0013217723741661858,-0.004102991581770243,0.004097966456143298,0.008476924617599503,-0.0068882285940833066,-0.0031502084185710145,-0.005971521515134776,-0.0017196042830582847,-0.00015369478975077108,0.008887300499574605,0.001766756231161376,0.0203796693510436,-0.0027786971341832722,-0.0025186134024054313,0.00193513886558698,-0.000536589392827358,0.0029446385429427024,-0.012183596120543105,0.0071634761084076876,-0.002028158691652099,-0.012083251118821872,0.008788921630375202,0.014163006394983912,0.013710370283754963,-0.009096372871215407,0.0007623207418445896,0.006489971764870525,-0.00812516202053351,-6.196895957170934e-05,-0.017426819794022184,0.007171813689419604,-0.004470290483951686,0.0050703597927208854,-0.0019174640359073403,0.02838586963617528,0.0133081219048174,-0.012850449128115293,0.0069881570403057,0.002385817685797917,-0.009939938102635264,0.01567135335313534,-0.014157455849108852,-0.009566720393236992,-0.002367530814150587,0.0003614296120579702,-0.020020614174357156,-0.010900483464129834,-0.0004995502964892234,-0.007768922787620942,0.0011808214088589591,0.01260065292145876,-0.00552057718450541,-0.012329521801785814,0.018402073865637858,0.012044649575717006,-0.014869214190049815,0.006007416900176081,0.005712311816607751,-0.01621485658676694,0.01515797600824735,0.00910299396341904,0.00446584129600528,-0.006526308643452952,0.008004584374825041,-0.003985423534444962,-0.02113780983754325,-0.01846948685398123,0.026947896773022492,0.011880421977811646,-0.010393251430646918,-0.03193748811784701,0.09929227520007719,-0.09657499138708191,-0.0017166107411790057,-0.07787805455616911,-0.0033499208398891714,0.09499080371063581,-0.041229550154501256,0.11052366761353147,0.06751071365505369,0.4085541344294688,-0.015424092251249815,-0.09359650188428521,0.031185348583536124,-0.08287757592291706,-0.22845630045446785,0.6617722050441923,0.17635145895744073,-0.46511930734904844
neuron_031_hz,0.0062910732696191025,-0.05594280044739259,-0.048314080232284125,-0.07123743965608599,-0.06716737114916653,0.14375974402682623,0.01256396544755321,0.033690607155990614,0.01691270242888785,-0.025613095752067817,0.009956341379861526,-0.003506827643903568,0.007980094435676433,-0.00043864998004913835,-0.003419569331470418,-0.013994505724042677,0.0098980249469581,0.0008298162532644204,-0.008459554386964857,-0.025441461030111523,-0.006469738669634906,-0.006898207609296159,-0.010516752074822965,-0.019642688933014203,-0.040253826410704005,-0.008186347420758688,0.05425142272559709,-0.004804052039166352,-0.045140118169488735,-0.04738432454924352,-0.020087817643237485,-0.04154081732732807,-0.011691613123937072,-0.03214570780132982,-0.008988047021731158,-0.043845261524585205,0.0007287501244509498,0.03492245402736792,0.025738816517762816,0.05021099654582426,-0.03604882297348707,0.03739855917679631,-0.026357945252082682,0.0054215468622066665,0.036890313025221666,-0.029487592856222017,0.002517895615540486,-0.009053794132975537,-0.00266210298776412,0.00023205989244703962,-0.0017142516852448695,0.077607513556296,-0.04068034116236205,0.0929825735274293,0.030548869748412477,0.007662545230904684,-0.0026282203936188906,-0.02158402549033718,-0.021683585773268982,-0.019522352581283778,0.010035235347850814,0.035545299708806696,0.0233598951820998,-0.03284870865791676,-0.044352171121090675,0.03646085251658697,-0.09975800335802602,-0.035042530958963286,-0.0289235872607262,0.021397570047587508,-0.039036604707700144,-0.050603292942256316,0.08846112249955353,-0.12299762279409618,0.17568434491309676,-0.06728405857751518,0.14981802384403148,-0.19100504841937427,0.21119159832975687,0.6582924650619478,-0.05526496853253596,0.5169746487157475,0.10208284880616642,0.057893526768739476,-0.037727623648414255,0.016151503739648354,-0.037746981125834494,0.019175302479898577,0.025407024316083732,-0.08868502375408613,-0.02311458571932129,0.040692770252820545,-0.007641087530835561,0.003608145705796845,0.013071406453743328,-0.0174480683784799,0.0007532019057381045,-0.009344874994504787,-0.013097934933645639,0.00681603568330319
neuron_032_hz,-0.0074127771717942634,-0.015664597848813525,0.1675555921314022,0.016969112090809948,-0.038097454124040676,0.031105692326999633,0.14644209831405458,-0.07080521809036641,-0.2789931805512491,0.029506776089050193,-0.014252345575246428,-0.01825459622697881,-0.06618615585289217,0.051831005602568175,-0.049761756181832054,0.1175301925301862,0.0517828526203728,0.03987616044298513,-0.06669576262152782,-0.036128801046913656,-0.097648274500829,0.09369352206207321,0.04360007464728288,0.0410635472726287,0.01605574950700904,-0.029393659277901926,-0.059872107775078676,0.0199734280693477,-0.007497657190634041,0.08450894253355548,0.06543609921228712,-0.0407172523687912,0.05676982957198247,-0.014287339868133797,0.01029580839432927,0.01586533236166774,-0.056502766232125204,-0.04175596649223445,0.03619799541696342,0.010541389138393822,0.010131399060547844,-0.03347334228448984,-0.07089583777043448,-0.04301002586066224,0.09538677882168958,0.05743191433849246,0.049295401664793355,-0.06288881376998438,-0.026118783565389325,-0.04029812095114725,-0.0714311182467007,0.0022862350062554937,-0.07512756468265902,0.0347712576701093,-0.04956900514095007,0.11630821574257005,0.024503258301368843,0.02960092657138509,-0.13711091944453618,0.03639203101680327,-0.042367872036292116,0.04283117989855584,0.031195984810313868,-0.02803265473811484,0.12003177325962228,0.2009374642192399,0.1926241331388296,0.13115512832284465,0.01015055677829016,0.03284589383392167,0.20945888594609513,0.05647047315009343,0.009477727484550946,0.08317676657400544,0.08391256881104138,-0.007270155518885754,0.00907117633499975,-0.05582431582515124,0.06449412880662576,0.03205308094570099,-0.009456043555011071,-0.0010594815000989424,-0.002337527352425997,-0.034804670548290076,-0.09825017373064648,0.2187210575854267,-0.4068585490653186,-0.3884830450535745,-0.014209068789158006,0.20952281538538212,0.27458446636223166,-0.061314570454619736,-0.019254717703157953,-0.03379508569190624,-0.10636218709317119,-0.023337943529391468,-0.04866003174391301,0.033975819625522735,-5.987112062033617e-05,0.014192134186593514
neuron_033_hz,0.003030937916203481,-0.18638798687294822,-0.11481429276441027,-0.15539229098008048,-0.003539062477137425,0.18881771894034227,0.0012403078803095873,0.07225533996288233,0.1569159150103238,-0.0008979272884602811,-0.08433216516584213,-0.1613560570279305,-0.1228630573373107,-0.042045742461054594,-0.10172639357447674,-0.03290076517410295,-0.017227155177351353,0.016509760857100327,0.023326302388067575,-0.1360117801454296,-0.049450341369304936,-0.03164240539616649,0.038969621683878984,-0.07326538892661533,-0.1792540255790009,0.1813170784724576,0.11739099835060585,0.10589646175673698,0.1555977682003142,0.2153026739071228,0.24335766862968572,0.2970150359839972,-0.0019552580136983754,0.29838411008680843,-0.06087195710641901,-0.13181525792343537,0.024326600581647165,-0.20424521197957407,0.06475481573505516,-0.0358438848409719,0.050291701112561954,0.20118865171144967,0.12849078107381032,-0.03947805128364772,0.3471931441104933,0.06900476071513026,0.07705627048077919,0.19432803757636669,0.006152600446055999,0.07366996017284817,-0.10206727975167484,0.055361691399084235,-0.046827047807575656,0.006915935152865978,0.01882289054377911,-0.021592142952921674,-0.03370649219911338,0.12770786389596628,-0.10147984617187827,-0.07184111212016125,0.059880955830273266,0.03418417773251941,-0.042127553690699523,-0.01599238511995365,0.043323530057156376,0.006535091136066111,0.03589581757879755,0.05078563533360192,0.03151436393159604,-0.014435442189038205,-0.018609845189749733,-0.027364213956654195,-0.01577879098247606,-0.013859888523790715,-0.0032776503523071127,0.0004028199527445521,-0.004203603564037907,-0.0005343767418520065,-0.03025466480098843,-0.04036771187986017,0.0028732863623482097,-0.016577721126453865,-0.0025027976362990215,-0.020563574231577633,0.00968110424300446,0.003017085123912022,0.001398160577479074,0.026867889741309187,0.008390812642902049,0.012130515444189523,0.01214585195978779,-0.00758293524071891,-0.0063200875775929755,-0.003060516588779344,-0.0004665883649637645,-0.0018225076688027503,0.010030794619928191,0.0002564172034124068,0.00817679394034107,-0.0071664532425954365
neuron_034_hz,0.060513687662494896,-0.005367386557435188,0.4430210477447059,0.012574943716918405,-0.0851736878712908,0.06715035762435347,0.1396285750310682,-0.11668272231362371,-0.06957056896796,-0.04083719022548648,0.004938900903021148,-0.009179943733907564,-0.016656780634693544,-0.004098502930289204,-0.0848157047231735,0.06810405302803495,0.13672606425064418,0.05857190141176789,-0.09326742733354101,-0.0009680196045591524,-0.09710038962382056,0.06081778439267536,0.011206327994415025,-0.007535471310196471,0.008711269864884755,0.08284661621649655,-0.03499143825328002,0.014642415907700192,0.0199247862586511,0.03443102264505557,0.07477127880850054,0.008137151652765129,0.03407600887515541,0.04913873675647469,-0.06037083883744898,-0.0611849031902107,0.05934592277506476,-0.019129666125423217,0.13879964976114065,0.052723263646173545,-0.2321088875539651,0.3496932545648578,-0.07761712169662227,-0.00600268321159797,-0.10707930563823172,0.32823207274069977,0.14064218170698958,-0.14664759908880642,-0.06092728247637322,-0.012461263716903204,0.06532136145049494,0.14483834662689526,-0.0833985683906851,-0.10223500456973036,0.009169377384193449,-0.1604052434335861,-0.059392777561119166,-0.1719826952127394,0.2857000748549438,0.08081908100365426,0.1166150075611118,-0.0203103583472959,-0.009905525788307529,-0.013019159193189217,0.0032907133595523608,-0.20136488032555808,-0.12991723262485466,-0.1037956597471989,0.015377196075907106,-0.0016728027571012855,-0.07385058711002433,-0.019634539634426802,0.02764566665705747,-0.011404198509708825,-0.03205828025452312,-0.012730693936951795,0.017054900234527232,0.019359183487968015,0.014485923628548447,-0.04972245693663681,-0.04541016649261361,0.01910399619881861,0.015318877858592067,0.003907635479021929,0.03779877756383952,-0.022180306055584756,0.03232452811925494,-0.0238213680248918,-0.0005831551970239893,-0.022177314085537476,-0.03698042266748242,0.00981353316770691,0.01330047708593568,0.012430183353605656,0.0026552042542229426,-0.004037309115736222,0.027347086814333687,-0.0031684273819272135,-0.005865925088625476,7.567141603227051e-05
neuron_035_hz,-0.0767087624853456,0.13014768220611606,-0.021530602329369108,-0.044604424294341,-0.07547205141487227,-0.024664982248624345,0.009759050752874091,-0.09320180461323507,0.0686039328501254,0.0025336366901966166,-0.01625408106145439,-0.033651116896139616,-0.04377382730100616,-0.002299970868415659,-0.05011780383098059,-0.007274631297940835,-0.015157091352279481,0.0046874387797532155,-0.0019534967124958265,0.01747670038044675,0.04766029192263884,-0.0033829427346419288,0.03227332191107081,0.0018800581157117358,-0.04779729052756569,0.027991863158737043,-0.0790219031634012,-0.05134158923061878,0.026455730124388357,0.05487927995120931,0.04533008242821095,-0.005907776346291763,-0.012530589801019024,0.03662086385151506,-0.027501740959935336,0.012039628321211998,0.0015718047994848147,0.1461206499466157,-0.04019913511464851,-0.011096522974725215,-0.013199029278141662,0.022694733195426434,-0.012305233020483995,-0.042112479276067774,-0.01904450702866548,0.026112106220130507,-0.06130043963252517,-0.0509915249464241,-0.04325100272206721,0.34961975879048934,-0.006889226157823801,0.0029991711331768048,-0.19841951864021123,0.17311127918038852,-0.1357345284593202,-0.04064708863033357,0.22827012107892403,-0.11278499300913729,-0.007874597721070534,-0.06861844652632196,-0.016142772215340863,-0.09791970357592672,-0.2098742090207883,-0.004693361169300759,0.17835655981218884,0.4552691800615391,-0.27392083581366183,-0.29685639454909923,0.056229633031554434,0.21136708884334784,-0.18874653266675284,0.06646913672613365,-0.124441925197906,0.10339563034345094,0.13008404415332928,0.02627832877080917,0.012869685303717408,0.0055175379326952295,-0.10902184991136873,-0.012329361301939762,0.034776447831833555,-0.046881905051202453,0.017256822030910682,0.004834654072701172,-0.017221811546576538,-0.023573223170201826,0.013594370864893231,-0.034554115273011554,0.02236546431398073,0.02218789217444135,-0.002356163578888945,0.004243467483570042,-0.02394138045551862,0.027772570889565428,-0.0009884235261121768,0.009134126614456749,-0.003443254520680436,-0.0009916294683780039,-0.01561835605978664,0.0008664006772292135
neuron_036_hz,0.17417058721990653,-0.013751671895997398,-0.09536567311653353,-0.0601967594679969,-0.0715577208888104,-0.015412493451576111,0.014701220741557035,-0.0753852831408191,-0.031017520730952316,0.17618184014177365,-0.16188642709614037,-0.16835363385354293,0.08304853955178904,-0.31931308332316105,0.07345800207121694,0.054471128547012256,-0.15337994027700633,-0.13320006914608046,0.37890218993338143,-0.14048831024256717,-0.13933816807852956,0.4153511148247783,-0.06557078566571467,-0.08235543211063923,0.32903549783081715,-0.10188435988114627,-0.12025425984434893,-0.06786708514476458,0.07841603578248728,0.05457684961549685,0.05923663352407943,-0.05226162826394465,0.11755715701809369,0.158081777977791,0.013362353923136852,-0.14435086424970178,0.03491173829993849,0.08027491109869458,-0.07378155939650834,0.1659199811105268,-0.09786095076208819,-0.018581893420545004,0.07741432931548978,-0.0009378911474645334,-0.05606946118819779,-0.027564275521250833,-0.10245598006724858,-0.0479392820452286,0.11628547172839472,0.048434320863523145,-0.032513242692569645,0.10146612416391235,0.015634950133441676,0.019544698388703076,0.01681544931117037,-0.013086356331864772,-0.038589893958655266,-0.049328830861353874,0.010577774705440662,0.0670059087411038,0.022101003217442853,0.028275267374897696,0.02722126917171719,0.029829323147016657,0.020001781145787673,-0.020795068798837687,0.015466054345938934,0.002236851623991485,0.00948040710544604,-0.020068289947506333,0.009850726315839067,0.01827039488740673,0.012985850159963248,0.027436672190792818,0.0257343638750311,0.00399545137573027,-0.0075501121411738065,-0.04157611442381757,0.005333600301383513,-0.013422708509023606,-0.004794181941637887,0.006331180890671362,0.006538151774585971,0.005311134542515111,-0.024594350191862346,0.0029643937301201545,0.01974400601096915,0.01558400257328453,-0.009909671409592036,-0.003143875474193744,0.0017141744475891573,0.01188801691315905,0.011102766230263482,0.02291042500859289,0.0064857607526892375,0.009891633282991419,0.004122534767799776,-0.0017929857530205595,-0.01436094268627159,0.0006012384376688426
neuron_037_hz,0.12735918289546075,0.046539723217120285,-0.09544665571204308,0.059433981527353005,0.012049063150363472,-8.41035756652241e-05,0.09367129785097908,-0.036680451017801374,-0.03709426080287225,0.14134392528317258,-0.00570571738523267,-0.010900992902993028,0.028627105342234442,-0.0638599978579509,-0.2879496832820314,-0.02418923072844177,-0.19365519634073514,0.1416332778141049,0.10612990594794744,0.26771328794985405,0.13636961074005616,0.022480420001240217,-0.2108683323823088,0.18501799657486878,0.14030940830713812,0.01046898038822728,0.05260545672446357,0.14264553651348189,0.21912453077356492,0.1559041871810788,-0.11134962340626017,-0.037350608995219754,-0.11705369145377591,0.27258665981084107,0.0034799535767435497,0.3752787490872531,-0.10181731867558746,0.04499234172626369,0.10405805025663659,-0.10884953988193974,-0.040407247100038415,0.1172877022086673,-0.12218201658349553,0.054106349848133214,-0.08622372359152489,-0.10737356067486425,0.15584831348303757,0.15934510473955532,-0.15864923137918163,-0.13918906110815416,0.07407252495293802,-0.05483824076396432,-0.062385842944192485,0.08188793417415749,-0.08996256074020112,0.01880873322689773,-0.01942584138055256,0.028058110311561107,0.12118698966600976,-0.00699846099073969,-0.01158801221876514,-0.07214303814084169,-0.08289619644639157,-0.025154056761089172,-0.02433545580212569,0.0099913093649876,0.04813052304790393,0.019308614333002166,-0.013068280744672606,-0.0004956400174059399,0.009256804389106713,0.006672976870172903,0.006117645293435231,-0.02770123517876357,0.008039973477715012,-0.015232295505677243,0.004614564126270176,-0.06414161242619598,-0.0020764413536310256,0.02517881513646364,0.0008109234093391024,0.043976672927700015,0.02048287913542309,-0.017505830086249452,-0.00662582615410804,0.014807176239425282,0.002970356618644421,0.005439131189832971,0.004600927365115803,0.010386827187861249,0.0008865331057544973,-0.01001432553197773,-0.03828660915881006,-0.014545142435957968,-0.0031580339719909922,-0.0021138618223545294,-0.006709391987223121,-0.003397043144633502,0.006971030983282497,-0.017364912055500593
neuron_038_hz,0.009689992082544362,-0.0055525591576705,0.12650420777217097,0.0022083592443316842,-0.024350999852306366,0.01317399275072349,0.01987000698099287,-0.01557382067192561,0.07088335523164963,0.003505829789404863,0.012298301737181303,-0.004808194223979818,0.005993673497094478,-0.013118618790965835,0.006180197906855367,-0.06438190670098567,-0.025185554657920266,-0.0363712285520092,0.018335872958698325,-0.012950587177363027,0.07128781381780401,-0.041035553768285715,0.01566843387148119,-0.035314815654336695,-0.001988302572881323,0.04413504346120497,0.029248675606200633,-0.008017648807072095,-0.012415177225783043,-0.03552276910274731,-0.021245402737981346,0.03089567969287072,0.017446100373237308,0.024484386521745657,0.020457688663432724,-0.0028851663963392117,0.04126548325611267,0.04183966247921672,-0.010329550152066462,-0.0035492072882246026,-0.024010275804970165,0.027935029997025476,0.03214872023962985,0.02320816505944429,-0.08018238437397973,-0.05663388080066574,-0.0581926431757801,0.07865183140792437,0.0384848980321115,-0.00594217584548888,0.00151778560509188,-0.02681655837413701,0.013464508248671223,0.009193279874971802,0.01441880949938517,0.01084108751535763,-0.001624956011434614,0.0016605546516648452,-0.0011564109285422328,-0.027685779148996142,0.015662247702859067,-0.012882584256774632,-0.039646057169580265,0.014833353378228664,-0.028621971998099523,-0.00703804136442629,-0.019527748905811028,0.003211120887681204,-0.023155947942403464,-0.03493959020112783,-0.02294437700601904,-0.026374443894201856,0.013614216813605773,0.04552024674107403,0.01913669815337654,-0.011267673544936234,-0.024338797882144894,0.07333539366164049,0.001870518593677175,-0.07001278692521005,-0.10062778957977109,0.1508024746030948,-0.014993973231771818,0.05049475077809032,-0.10010658830080195,-0.007840744532732091,-0.020759446135185225,0.06569402388941335,-0.03996970612974394,0.2671304884080591,0.35138383825653197,-0.1772968520702177,0.01966521897883619,-0.03557052030721003,0.7741018393204785,0.06949213589515871,-0.12661909613152011,-0.06340023089755226,-0.013185461153057437,-0.038235576189307216
neuron_039_hz,0.07948096539248263,-0.0003240492480053382,-0.10979149792629439,0.2168456070102381,-0.03951247544753502,-0.09554801136984524,0.5096523064492393,-0.07026714409250955,0.22404811663352076,-0.029774205873762904,0.0450790766098253,-0.16524956540251812,0.018343697927725187,-0.07606157368311867,0.0015268117910414297,-0.11645197310250316,-0.07645595133693975,0.09391163326778357,-0.12780314287067004,0.14340210750880267,0.002565379800529677,-0.09249226060509819,0.06703221675488406,-0.0684564461893839,0.06099160529338193,-0.21386804978739019,-0.1358082971921837,-0.11715980039264079,-0.12317019246799465,-0.055304279774367096,-0.25895391876500284,0.05511044793098226,-0.15582873088017013,0.05136762257772119,-0.12122356717886329,-0.1578946913256458,0.16270151649362918,-0.12788231129618008,-0.05065272738381571,-0.05489204529385697,0.016527145746072266,-0.04777582481218008,0.07805765748340905,-0.004803176163371142,0.122203701875402,0.07908257250914677,0.05736816055710174,-0.13233108076613312,-0.019433511247042838,0.025366869539964622,-0.1400073960479264,0.11604093980274761,-0.05992818034646993,0.05781365946220274,0.05660100473436405,-0.050580444322203766,-0.028495749134779896,0.0390417632838888,-0.003109281615197877,0.04110425317867949,0.05421168769564548,-0.06434930258246307,-0.09733073738209908,-0.10487181602124204,-0.10115847798680624,0.0268631034159489,0.09856626272242919,0.04543944704548192,0.058185502762444705,-0.07542814071846321,0.04491335134378965,0.018605150650403378,-0.007103280134669609,0.010256589789136088,0.005725951374715904,0.011652828795298983,-0.037317237350546595,-0.12068959997605397,-0.13580418602417577,0.028962392819802105,0.011273752762395096,0.007334254867235785,-0.02037596747781209,0.018241316890735597,0.04569259948932453,0.022147782103191557,0.017768152093315615,0.0014998821818239388,0.009930572756075708,0.029838589648518293,-0.003394779776293544,-0.003588349823550177,-0.015211987319779234,-0.008462589674717386,0.012205247484884788,-0.010732592676644531,-0.019242936757631446,-0.018539376192693947,0.0033259057133782077,0.0036943062258750353
neuron_040_hz,0.20396082369650975,0.06926915824605372,-0.055328256658494265,-0.008205100815376946,0.05226006614946431,-0.10266141140392715,-0.03893052572048569,0.031092036419886157,-0.03748615819142858,-0.25372187963151344,-0.15952295720213722,-0.213688712928595,-0.11835917090249407,-0.3147886505509185,0.472588787613852,0.08645839257149313,-0.056902912118341004,0.18685444983157723,-0.22685220527644012,0.13581114755724277,-0.08133202713745569,0.13582795006206727,0.2225478426232505,0.13375117524108593,-0.11236943369581967,0.09177270969323947,0.2847741793194914,0.08842977347353875,-0.12565146468155244,0.12873412547455132,-0.05892421170345912,0.045355051845420886,-0.006601603541482912,-0.023946640030645873,0.0736795214244278,0.11598397229643549,0.07721687855991102,0.052681961711777914,0.011107132248783236,0.019072133244328465,-0.05901855703320812,0.044763642561542194,-0.03385464797427175,-0.03180360016895095,-0.14070525863093616,-0.05976443465420993,0.05053343052748491,0.10516855651551998,-0.0809444390738278,0.0591340217193031,0.05353463114825178,0.03823575930487749,0.003990356419248775,-0.03838645758395475,-0.02551024948229981,0.033616044452443525,-0.02521178466842739,-0.028330751116642294,-0.011588053026345291,0.0034982323947807953,-0.028663000243333084,0.021520115943095178,-0.002285228572048742,0.015727915724251855,0.012843444736886311,0.04106147197780795,0.027293364448474786,-0.0010856024330973824,0.01252408474925095,0.00887582950576537,0.007580927681021893,0.0053824407719728976,0.028236317069898643,0.011381808431730695,0.023400035147648088,0.00972997587037857,0.014538098820829029,-0.05619919575062768,-0.016100273125668495,-0.0252928806082105,-0.027033144048310476,0.020036883983759694,0.0016146101550963132,0.011422370670414933,0.01980791325033362,0.0025706621824498894,-0.018864174602081896,0.016027845055446147,0.007529635162849546,0.01151921265234733,-0.006715076810124246,-0.00310494000284281,-0.0065533694131252734,-0.006188800464430211,0.001244716730767332,0.0019922655562358282,0.003769223057526236,-0.004169326087502298,-0.0009612314161863006,0.0009430313630121798
neuron_041_hz,0.021267348628905124,-0.009012302316975663,0.19416807359584942,-0.0006301981265367349,-0.04442438934225716,0.0183088203544376,0.023304472486684515,-0.03316007780923605,0.08467000118829011,0.013210558154658502,0.00795172382447668,-0.01681358194532872,0.016158522505312554,-0.006339541599321327,0.010377416690320568,-0.06695255579570433,-0.02330824501977097,-0.035419785314982806,0.027236440619784245,0.016401502924896526,0.11955088503429656,-0.04379849396993532,0.040124448446761565,-0.06104035451438983,0.02764532308890982,0.04236231332088229,-0.008827272061762911,0.0015415722382049954,-0.03911695734727446,-0.019503750808980508,-0.04158132564485953,0.050267215124600424,0.013096681588316374,0.03759743088694693,0.005331674064007461,-0.005813452073651901,0.040663373928930144,0.042120011077044314,-0.012551983436882016,-0.012114867816984839,-0.018739949642814377,0.033034116090744164,0.059318179943891935,0.06790927361433828,-0.037140402657855356,-0.06673529413321745,-0.066951662970561,0.08269990140594063,0.030063446368546385,-0.0014852346376583933,-7.172012307817693e-05,-0.07847758852073698,0.04165522254021975,0.0396542642689751,-0.0032331598451270233,0.04716933071423561,0.011591767775213254,0.049354347474095166,-0.053817137068888354,-0.015220550362368197,0.008779129942253727,-0.06181885908597883,-0.03808401094151853,0.03368726721849597,-0.0587062065711066,0.05594217492240649,0.014588559217350375,0.033913397643455766,-0.005540086299727891,-0.03681747364320597,0.09266241711190387,0.04241568804292132,0.03133677805508017,0.1806891473676535,0.1539256594112774,0.07713900227300012,-0.1348639409835806,0.24382064446650764,-0.009821015485012307,-0.36818559217194297,-0.33340312932304045,0.49688808323591005,0.10245560085102436,0.14843177032003366,-0.05968262795888977,0.1594241252171662,-0.16096014224010619,0.09041167424158593,0.06760216629259284,-0.11802283249927037,-0.17647416813263195,0.09153723718771323,0.014617086326705053,0.035528015867579955,-0.21084041491307629,-0.004921489977055986,0.0037164890003172704,0.02913105102849345,0.009555816657012522,-0.017951049604171498
neuron_042_hz,0.044559724558031866,0.15441218554777478,-0.022191680700599743,0.013922163234900009,0.20971130284373227,0.1631582536210046,-0.01386845747173777,0.07286799045229064,-0.08334803457871147,-0.048401093153174014,-0.07169169638950579,0.03228773387869318,0.029590045254478357,-0.004957336685163274,0.15099809364031885,0.055660714923211424,-0.015203062270855869,0.09893937067814738,-0.06340599017748465,-0.014481342315606549,0.06788587666452472,-0.17555829767011005,-0.04673834745360078,-0.16539757234324132,0.21281624357296824,-0.04011713285764626,-0.002684003214167105,-0.13789232477419017,0.015396573048257575,0.12416936957299604,-0.004529960280851453,0.10270625257512614,-0.002003505524878671,0.04734809934172953,-0.04017461734345504,-0.10216092806239187,-0.2853932833571773,-0.07025145523009316,0.25941560859870844,-0.22761675174989063,-0.2669813052025791,-0.07892945474316593,-0.07778844440356311,0.04823106661443803,-0.15197641131923,0.12674321633032198,-0.2207988775442407,0.10284688255870036,0.22869819921142434,-0.03558041017843566,-0.2396631764712651,-0.0327640892067061,-0.18445798799082885,0.031158019064225162,0.15874052184112572,0.16273667917393567,0.059310165659888496,0.040456232466966266,0.04038866809799996,-0.1316645045334145,0.040698106291947776,-0.14446887465408553,0.021734682694033808,0.077088247144903,0.04281092439982381,-0.036464696198176716,-0.101633780944161,0.02604572572941336,-0.017003517203580218,-0.03333913122507901,0.0327625136171861,0.016590545624450177,-0.010605052704891538,0.02808555754000354,-0.02897346548192816,0.007861165378625318,0.006593631265304392,-0.05755007858184304,-0.04212433478825783,0.02818391676955459,0.023961472495006533,-0.006578002172193315,-0.010035308335177365,-0.01217502012240404,0.012357189770518168,0.012974575714427977,0.001130078118614125,0.007052222772223837,-0.007975334878728577,-0.013202684700153955,0.009717665316147813,0.0031579397081682795,-0.010164541503949215,0.014713616208566638,-0.014406432821267856,-0.031102458888962452,0.00014624064284605304,-0.0001575121464567706,0.0002610150869562181,0.00629872629260942
neuron_043_hz,0.08744834630975272,0.014477041584867846,0.23682076412237105,-0.009340255105505327,-0.02747015080027855,0.018875235199598488,0.009846579970268108,-0.00787979492628388,0.023399887765169422,0.018554296532309437,-0.03719552807897955,0.010076354227950288,0.048213710473003595,0.06104817448855061,-0.05013636405125829,-0.007271020194133573,-0.08337401457419533,0.0835847486525175,0.021661216541099447,0.030605835516306232,-0.007093921063139469,-0.01383725834029502,-0.0025691578166124884,0.17235109409037197,-0.04067395431490731,0.07873900970423557,0.08731745158068566,0.07350825091288712,0.00883713595309854,0.08503434138861668,-0.025738813115599973,0.018322864544528708,0.05436254068378092,-0.14870187380094102,0.08627195175921734,0.054126382384398736,0.1422799722935261,0.07871061265223428,-0.14852780238414853,-0.026603894094080725,0.036466359702948786,-0.043599568637794205,0.08832423357128263,-0.1363794507620602,0.07347268054698095,-0.1876245913488217,-0.06781521975497351,-0.052349601924267804,0.3646149336076844,-0.31035733751185435,0.0543785533655249,0.3357656518617693,-0.24342725200966328,0.2731384201044087,0.17653110591908636,-0.2035786665755925,0.08850576334917515,0.1737583741216213,-0.06205225053408131,-0.03956137233535882,0.07258802164030133,-0.05832489773209189,-0.024567130719778285,0.13252746787240632,0.15622328199461963,0.005396975366820614,-0.05312434997794646,-0.010113986582970406,-0.0024109165018185996,-0.03550584175418628,0.045403786412912775,0.03071514488873086,-0.03949431062175138,-0.032317320106394404,-0.11857554075112646,0.028909985713257244,0.0026151671020107486,-0.03630845620682559,-0.01736587275767735,0.003887165653704533,0.028562960363225448,-0.05388997934500503,-0.0107555067062369,-0.015504203746885423,0.021055692781275066,0.035764212335266984,-0.00284306764305238,0.02183207663546753,0.002493923445104799,-0.0395186869695868,-0.07128746273184368,0.019933041922731744,0.027835929633674525,0.012281226557398925,0.012645530685232845,0.0027070449348715886,-0.0007731731504725808,0.00960417212242605,0.001136908572156061,-0.0017128601959512692
neuron_044_hz,0.1324782201282008,0.04064167848144803,0.17307663215083108,-0.02708720898274774,-0.0014173362695904588,0.028846453550136028,-0.044967610713650054,-0.003994015567765686,-0.0013861798480795432,-0.1488255258463823,-0.00924547225145987,-0.03425646420455535,0.14942644966280447,0.00464971522264206,-0.0012492102895612436,-0.07736506811651703,-0.1953844521614977,0.04141327532196501,0.35596585747048287,-0.3325512852598109,0.26681994760728056,0.04498210142961001,0.17280895957595416,-0.06252167376086543,-0.12595364496628503,-0.05404511765775731,0.1552796144408635,0.11928125490423515,0.17125119434699884,0.17946905971240265,-0.2950466302641099,-0.05691272259778005,-0.12018610025544803,-0.25233489361909456,-0.13652212922633308,0.12349985675826017,-0.028470320530673263,-0.19084483213593423,0.1324657007535719,-0.06185778037542432,0.024224927789255356,-0.09265074612721373,-0.07368597585975861,-0.06403013476341919,0.12433544594513538,0.09877278202183698,0.019933285836026562,-0.1920082697320294,-0.030056632714755532,0.09465550327004288,0.009504886966717002,0.010529808130255124,0.02553005864275941,-0.15602665199224441,0.010477564082368792,0.010438895225243702,0.01314007671446835,-0.02450854934146047,-0.008661568313831414,0.015106837616740795,-0.06376189344149605,-0.02169160832393447,-0.0016811931753724293,-0.040251703318032524,-0.015176151654394301,0.02191306098364993,-0.0016036233187523147,0.001728633687125402,0.019832954726263723,0.026404058296720073,-0.006943411385656406,-0.01439543285951814,-0.0030912661768124324,0.031130553434753416,0.03229273895911862,0.010473793725853574,-0.008795741461832478,0.005432405097363643,-0.037719323424066906,0.026446508621508016,0.032537067195421904,-0.005593993528542479,0.001815334688535085,-0.000825965246537351,0.004034986983827246,-0.005813434463917706,-0.00431566950701795,0.013973244217952452,0.004234679833550727,0.0027643239266853872,0.0061567298894065065,0.0036672575329340703,-0.00553452080142941,-0.004693953947703944,0.005188013892345492,-0.000781357798783272,-0.00838912097760059,-0.0015440133620604028,-0.0030780713287544698,0.0052879597981235135
neuron_045_hz,0.19904793667219906,0.05231739344174199,0.11885583283059205,-0.02392745850285759,0.022866594535508638,-0.17227559614362184,-0.2956711124904194,0.1408430532126302,0.3480440869441408,-0.2673837571496417,-0.018198926530763503,-0.044282326359738604,-0.025810340298311626,-0.04233055241072621,-0.24398376646103634,0.252368576309253,0.27413483067689953,0.346001927846065,-0.010305457101283944,-0.04181551319978091,-0.034259568366756046,0.030401541668840543,-0.20314185170604804,0.10521331106420787,0.09813657621573582,-0.05531115855204426,-0.07637542867535084,-0.20194963611370167,0.04339788754063309,0.03529911282691024,-0.09804685755893208,-0.09781483686033883,0.08128283728551651,-0.022100027798441113,-0.1625880879574441,-0.08668649763540408,0.02288633274191812,0.007386181403561273,0.00393360809188965,0.15200545055194045,-0.057288300392581794,0.050995297454292085,-0.03856221510933887,0.10039564539218214,0.13881466202407722,-0.036377867805871475,-0.02503107243478142,0.006716425121597484,0.013848491667145107,-0.024759424358759843,-0.00878381187229299,-0.08126240204923948,0.008296246177209062,0.014206924900478882,-0.04437415821262663,0.051281531840499786,0.042788683036103545,0.02274220900919091,-0.09449123350921573,-0.009511606319621405,-0.022430876767465573,0.0024206045086453765,-0.01167167390157775,-0.027122755491072098,-0.026029871397418188,0.06890156698796898,0.0880070598163788,0.05522496983000663,0.020250497073735253,-0.03514712522302248,0.028008560490923085,0.005797475952584324,-0.022818440419175322,0.020649085016938185,0.029903451591550084,0.006152192400857376,-0.00968638451887946,-0.0248264350434797,-0.014263237071975923,0.017771448404336698,0.0012179410216524023,-0.0045713217876399564,0.000659067672938829,0.004901728461463334,-0.013095038746925775,-0.006030852623880575,0.0020301199964366315,0.020378797565136345,0.00439644651787733,0.006995828767624753,0.00869159988018026,0.0015572219355337036,-9.00638319815128e-05,0.00859694264755484,0.02664572821309829,0.002265492068138586,-0.005061465884212461,-0.006908333389475038,0.0040412158235364065,-0.007825544079100428
neuron_046_hz,-0.0032645378817278475,-0.01699855996710662,-0.04280903168570686,0.23574634207074208,-0.06551310214549554,0.03402345458847839,-0.016727003040596718,-0.018493730351166082,0.06782982906009613,-0.01049245862119754,-0.004571963948062516,-0.042454185298029086,0.01828135153419089,0.008554635630207037,0.008778309228449958,-0.03118003243699078,-0.018373037108109502,-0.001649549948507096,-0.013580249031137342,0.015815470952436787,0.023257036409412832,-0.014351680849064678,-0.017871544187266955,0.005146540258709873,-0.004241484372360628,-0.03942647932265465,-0.0069113663013236895,0.007971319266748628,-0.022570421439438333,0.00035596136564838496,-0.02764929805601841,0.007763767691677349,-0.033964068078634085,0.021434381653141554,-0.03828382579059604,0.01106323066288624,0.030468719974209954,-0.0186327822642937,-0.0036948124153658654,0.00011121236570516002,-0.06578587534221558,0.03326764538406156,-0.0182167499627316,0.024311936210176202,0.013327454965428488,0.03988494896247233,0.02991121858814908,0.011037482057510997,0.022328558042856706,-0.022452732232979708,-0.009634881392049523,0.012324611558700776,-0.0018676839518840735,-0.04327614358739386,0.030822990469262374,0.025758600018994635,0.009264473186017932,-0.01873656826888509,-0.06758823469701822,-0.019145194476315915,-0.023822305550880996,0.11552920282236963,0.13765898631375506,0.1373756530047529,0.13036542929251432,-0.017725577331154478,-0.06839818357467727,-0.014974788276203188,-0.032946872187324,0.07257036832669554,0.03362185687871075,-0.024389582469017332,-0.025222108587338286,0.015813248478728587,0.03873069534921293,0.05892100912786405,0.016989494804103306,-0.04256899246706712,0.17574196021332356,-0.10703544143204771,0.16947620769315394,-0.026795391394168692,0.4912055380065309,-0.12759209611894884,-0.374830691239732,-0.15233837391787136,0.003944901451477606,0.052853214796904815,0.3077779773799248,0.151071591358618,-0.116174829858437,-0.2157718208018255,0.2779854764761444,-0.14371674264281864,-0.02526015478539477,-0.022787423623898274,0.0871264087911909,0.07274953321634431,0.0353381241461702,0.15144280086876066
neuron_047_hz,-0.09802384126609169,0.20680590939286664,-0.03237833019814175,-0.05450758543853988,-0.007603802727553112,0.08549710063954584,-0.022177362336394408,-0.21985416330215546,0.07791204120333313,-0.05784194350361594,-0.06051510149844065,-0.06520159925163609,-0.0015006051796628824,0.018683644170431543,0.0376671052963633,0.03566806149726055,-0.00031677050960991424,0.007053792428506756,-0.009114412226147816,-0.027524279047601786,0.028223840921186207,-0.010210635153222056,-0.00402553881829017,-0.06868591105876594,-0.0503770153631552,0.012225766509674784,-0.02465709476384932,-0.14561012986596023,-0.023547354299401704,0.07492341300185874,0.06532461236753166,-0.019016724881404948,-0.2112671328704791,-0.02715899267700267,-0.10273602853111978,0.06877291319982264,-0.1584482429558401,0.015554782458507901,0.06338121979070394,0.00782031886093772,-0.11911059901147747,-0.18379302942288206,0.04300585408261857,-0.05985936266486802,-0.009812759295679582,0.1695093827258093,0.047083512460621306,0.1796356921256718,0.12433647294317496,-0.15925306347844065,0.14769316992407366,-0.019881606136770875,0.20899708212919602,0.16932397634624008,-0.15599887290624576,-0.1799034940667521,-0.16720741388463417,-0.0078122182606451054,-0.2011539543742524,0.3923665124540354,0.20107308162261106,0.09031230543149507,-0.14305660710803303,0.05876115146424188,0.0839930562100017,-0.003100128354976084,0.16863728275568013,-0.20246986914152293,-0.02938133198798723,-0.06908102979234021,-0.016516094335497642,0.016570682730180815,0.0007543760219389031,-0.13500525977235794,0.07720000891296525,-0.0763408679770799,-0.031204510789265463,0.10683627251510296,-0.03611096161449958,0.03613719331041748,-0.013852317192328295,-0.00916877040218591,0.035646850677265265,0.005831538485230631,0.005281156192813816,-0.003541039335138902,-0.013548998662293185,-0.005085064400292581,-0.012448463886801965,0.006346497136510362,-0.0009988883045506658,-0.016622206347210653,0.0062891222843303035,-0.026986892633490293,0.004379534617398803,-0.011693114972391437,-0.00048409656911003324,0.0030586766911079866,0.021606408039310143,0.002040735334648859
neuron_048_hz,0.16564793963776475,0.02514488859146809,-0.035619865211628875,-0.038785360060717415,-0.013864644101760904,-0.06652953827835231,-0.09695656104510976,0.007104930350720308,-0.028861634426355823,0.2172635794362647,0.04836231577459488,0.10385340526724596,-0.23781109305923753,0.11510938773459418,-0.11967403754726666,-0.2672502729980823,0.1497157103058544,0.064634469853208,-0.2037637789840889,-0.33382303700313154,0.11127347947140326,0.18394302585125583,0.11528682347771643,0.016593279101016073,0.004163019793737095,-0.13323067898109148,0.336784935449598,-0.07595772362333117,-0.1401411471864636,0.010400363289200236,-0.12896093027860192,-0.043654492104526516,-0.2615322875333227,0.3301488948976016,0.16399586407530198,-0.0998667783262174,-0.03641230077859789,0.1034327985427205,0.020862080036837795,0.12130444586588662,-0.03253174225085363,-0.10570359503181714,0.009449246365690389,0.13696853340308784,-0.05511140635581496,0.02382283468193276,-0.0004661365803017986,-0.1112497406620789,0.05472964186867676,-0.06460451558900382,0.008199461030100233,-0.021191560068094445,-0.06075623825077539,-0.01455147399663942,-0.018843173480847214,-0.04648788472446512,0.048641953089454314,0.05109672581249404,0.062399564866721435,-0.0010160321756163757,0.06123218344710138,0.013047913447451792,0.00717448901473176,-0.003899928966401397,0.047921664105877504,0.00983376610466595,0.004757234920518105,-0.01868560006714943,0.03350945108063838,-0.013842499565301591,0.023391494468924013,0.01204986016676099,0.009506711385667908,0.02242491468090542,-0.006725090725108473,0.010444226008993578,0.006349711250825285,-0.0074979598884424865,-0.006882228396914415,-0.01582719465414767,0.0036546350272884387,-0.014562496734505617,-0.008510124717036549,-0.0009427823600818008,-0.005430350981185661,-0.011676940363249469,0.008323440221098571,-0.009067331844960863,0.0026413587689590387,0.0023885695183015606,0.013216748976741688,-0.007104600980305201,0.006684303864527362,0.01007992619821825,-0.026051390701021623,-0.011252849956062613,-0.013804546460826697,-0.013757241354814834,0.0036797242669188088,0.014820441465886257
neuron_049_hz,0.10066446765731511,0.010225444704949212,-0.09481214557390899,0.06764571303251579,-0.025914876269245053,-0.010492962976613045,0.09368472522169592,-0.005963384232391143,-0.011511552688489537,-0.01880338746897375,-0.03813620437473499,0.006129803423529058,-0.07106726527512258,-0.018061606057927733,-0.08422057141376611,0.011499546157271136,-0.045759918315903494,0.07149017858732802,-0.1162731764732338,-0.10741154181856263,0.03750675075241405,-0.04878946554341162,0.005227150513591752,-0.07660101094312696,0.04254051860637707,-0.1130524134222151,-0.0005252648891951248,0.06849204121939523,0.1606500855509058,-0.02143527692334176,0.0767447068940777,0.20448667419472352,0.13801135197278322,-0.12989663241014726,-0.2098772477840992,-0.10799873286456328,-0.05324430935421211,0.15226991464674566,0.3679254138760801,0.14601449269050168,0.27357400109406627,0.08218475231491129,0.2862156080697978,-0.17591111334459314,-0.33978339782573497,-0.051600541756056606,-0.1657882473818165,-0.10060192335469001,-0.16442963959028886,-0.09624492397555734,0.2553676651254081,-0.0835557493974502,-0.003435805417614596,-0.037599242130387955,0.020942021274504553,-0.0792810540782559,0.0651614162555662,0.20142848125230822,-0.016914510439444003,0.04804912583748357,0.054526431483786296,0.01994215697645267,0.02409527459343387,-0.012405117516594268,0.039300644374465746,0.07070071640949832,0.0017137442447396067,0.018493874721790426,0.00368773726665559,-0.0076733903030776415,0.014499726850057473,-0.046297928309256366,-0.012165517650040335,-0.0036971436996710155,-0.028523779908775485,0.03370466015451599,0.029484406515425967,-0.009189749681579438,-0.008522143775919946,0.020634758522065318,0.03244753039613825,0.02727776013306326,-0.01877565631539399,-0.03627692361113715,-0.02957571925747872,0.02110480571409544,-0.010560963356444691,0.0021113917064544963,0.020239093176656783,0.052599511020592946,-0.04300252987982225,0.02090952822490748,0.00294519320045096,-0.020875536931342566,-0.006900394238001265,-0.014863261596404834,0.00026143750823272305,0.008279363515021343,0.01021584574136327,-0.0026278628299820916
neuron_050_hz,0.00853905256417054,-0.12164454269609402,-0.10576502771826884,-0.14789217048304834,-0.14125855715672303,0.3085998032147213,0.04240033318756538,0.10317400454673219,0.05862648711877854,-0.0003519825577240153,-0.021118438954615914,0.005737929194222446,0.009921500370717422,0.01025467448581208,-0.05673156609876911,-0.004905140453014059,-0.04186475435987748,0.0627202661676835,-0.03667104576589852,-0.024258217445691455,-0.080683406686476,0.06581284481859828,-0.029147129202946723,-0.19953622208395677,-0.11707262580629993,0.05502020442893252,0.07508668739278206,0.0031205294457743588,-0.13382338943542038,-0.13814958233535252,-0.1212133045003963,-0.059935566416487604,-0.014084300018785426,-0.11951877663080039,-0.10535470089149546,-0.08177193298285622,-0.12153043532072824,0.07544371937799393,0.14766437453729514,0.1067933947982743,-0.02278451381369688,0.053446755244380334,-0.05024735347585035,0.09543413395515554,-0.016811304102515717,-0.20706027111799885,0.03945162218186288,-0.020341642155352634,-0.1262702018567023,-0.10364884249029259,-0.03972733675098959,0.21502980189440465,-0.11164680557096537,0.19390848197371213,-0.14494317526436531,0.13994977343457593,-0.1535162521955368,-0.24525248437729494,0.044768869043040074,0.1392339030236393,-0.255476903590437,-0.2570027003879188,-0.023626080890846883,0.25325430321533526,-0.020423314316436555,0.010291960248154888,0.09947208737747423,0.04038992620107856,-0.01736597219316255,0.040830365539217914,-0.004809672173351973,-0.040036442855499066,-0.007566225807118021,0.04723992154028093,-0.07193141207295062,0.06114581872604393,-0.08850832205559116,0.09558391730054784,-0.057110365985267614,-0.06741004974223788,0.09079800057168926,-0.06733308762166629,0.006961694644507188,0.0034123607549027893,0.02429794979166426,0.003792044930169741,-0.008650842771235836,0.01596105191664892,0.01499624599320512,0.04086527707338554,-0.005900615952791871,-0.00561922330650276,0.008852423285408917,-0.005197725673688466,-0.0012817523270963749,0.010704158961543787,0.0015896666839362115,0.010761120922080467,-0.0042085285486778284,-0.014871265381767574
neuron_051_hz,0.05428129520295039,-0.1469791740653498,-0.11957162393365144,-0.1402109899283167,-0.04817427211372853,0.15682837516450124,0.005887891988684758,0.039096361331581835,0.06657843261349057,-0.163553119757769,0.06031500502855517,-0.09439973184151441,-0.25647487288868887,0.1993521661521953,0.024302844294405712,-0.07244287816785544,-0.06663976529787217,-0.03857765614162886,0.19434096355444952,0.05789444026429849,0.17122564751704109,-0.2908882216935553,0.33223317568449406,0.36497339025219133,0.35726491057630594,-0.04581616167551131,-0.042911001389509096,-0.10300882369082937,-0.0792082756996021,0.0047225984262423415,0.15268930904613445,-0.2472180492741627,0.0614084442046435,0.028922365078170156,0.07138975912198821,-0.011209933233341025,-0.006547146629507422,0.03610292991381517,0.08805475757754172,0.1452615159654107,-0.06559400442367323,0.06517483998191505,-0.028908682479715286,-0.15408911181697965,-0.03339346734655498,0.07352840055189866,0.03610224758706518,-0.02984690111334329,-0.010231922494798193,0.03465251936256479,0.05596062482404421,0.0679486224273845,-0.020221637060324687,0.005650194728305358,0.04369986745564817,0.025575497809236375,-0.07958476846270605,-0.05110869825643857,-0.049843874977085076,0.022642412187926925,-0.01243815147412422,0.0024689004899829045,0.008195230518468072,-0.025999793500238705,0.02282356941931701,-0.005538407660646474,0.04118958340477208,0.06486471729835902,0.017385919749293363,0.00892680272366779,-0.0014967079375806111,0.0028238032932186175,-0.008900302180817637,0.005183143401290117,-0.012079373270517293,0.016266811634742067,-0.036968116387192454,0.02237836543564889,-0.031671754346839984,-0.030418839928517183,0.016132761728686346,-0.014423768708415025,-0.007542124725717584,-0.00784569353113207,0.00144850741091377,0.0090996668693408,0.0033787016907840806,0.03227942101519793,0.01306548498458121,0.013457993482405891,0.0038984055700900105,-0.009134429118698856,0.0050092552345526314,-0.0035995923179988677,-0.004893391771646924,0.001485111609560507,0.0003066406778716585,-0.014355756527869412,0.0011951451373658356,0.007140295690695051
neuron_052_hz,-0.1154381246536854,0.221368456412916,-0.04134146672292621,-0.06791340783413652,-0.07705279803650625,-0.0202326484267806,0.001084822984584779,0.030755249322294585,0.0758461620019536,0.012483266974525582,0.06314831804266073,0.019821131881212584,-0.007603071305967747,0.025535164345526877,0.07093559482172657,0.05078647124652848,0.012960332700587926,-0.025954772672147467,0.0624991013415697,-0.03156707409119214,0.05205947396747069,-0.02471077050084282,-0.05783709851589225,-0.030297371058162964,-0.0354671241576154,0.01508653674108644,0.04330336689207613,0.08237408660158448,0.050069924745426424,0.061112067451277244,0.07844285163927328,0.20099014318139674,0.029503258766764517,0.11634130104545293,-0.08649899964493803,-0.016382179686438965,0.31217866354871177,0.40490149728324387,0.05754676557307528,0.09249247110975028,-0.15557896467692445,-0.19319027071983047,-0.16311904279925643,-0.2194036909442148,0.04833840221826881,0.02991404859673029,0.1925645105234401,-0.13511292614238765,-0.11580400483213488,-0.270883869637494,-0.18495788288104695,-0.0649620376650693,0.08173163549603542,-0.06192691207552148,0.21551272590527437,0.15634814897781427,-0.0020114327702583784,-0.08984641321075362,-0.08087089973304945,0.006652172699276705,-0.01265400911880881,-0.11537479771886605,-0.06557422652014783,-0.05348326644850562,-0.05288155430316787,-0.044464498023416205,-0.08816122913098268,0.11623484219129245,0.07423893224099502,0.09743226031426808,0.05987756086401595,-0.03828522235734007,-0.08670154943843685,-0.024177891149760676,0.0796658898158596,-0.034599260587841074,0.08601069722346386,0.0964667134006577,-0.11635758161570205,0.02481244453598521,-0.006776111099128734,-0.01159205191148581,0.029176415109174833,-0.022552139180805814,0.01465747495543869,-0.013364328750413962,-0.00755220669266219,-0.011363271001728958,-0.006407905432835436,0.004836402215918641,0.004062941936598674,-0.010813680784347208,0.01060624233717342,0.012874161888020277,0.0014784946682171798,-0.011175401700100132,0.03422577232214696,0.021215664052161687,0.0023029471624371675,0.005677505528588712
neuron_053_hz,0.07244874763555424,-0.10509683316148535,-0.09771560854366937,-0.14920667463072587,-0.19047944124779206,0.2461519986142615,-0.003930328620626755,-0.0351378896274818,0.0809095597493305,-0.023894361976097,0.028033863181857854,0.10214078116240029,0.274211741550449,-0.09694942341004384,0.07952029741548405,-0.0810115879713087,0.04519270642201663,0.15381523814400658,-0.13999451590939282,-0.05616358088033706,-0.13656171490788943,0.0007858458197770521,-0.18317250255773296,0.07010587299576954,0.028859105106267866,0.0660564115458085,-0.10037330506991021,0.24273791192268354,-0.0160556192143836,-0.1428586691728828,-0.16869722409274773,-0.19461042361303577,-0.15549693765753936,0.06332059739717233,0.16180558945109838,0.08415270961666967,0.015276181131417182,0.17823643286352375,0.05411197984962868,-0.05841210439952081,-0.04045411100555138,0.11895998801315341,0.13008291401021768,-0.23139560990960878,0.03350029956215241,0.3004356597718322,-0.03972990873386352,-0.04081455945301442,0.1793033704140805,0.14967274665912106,0.0897570464773846,-0.17085146858143974,0.06771799727669768,-0.05000957162940486,0.13188613628864787,0.02370753942413841,0.05012231001281421,0.07557311776037373,-0.12286764678624991,-0.08362437435456235,-0.001173722410063097,-0.036154742019439655,0.03042961248423902,0.041287854200590376,-0.05947033477767405,0.07434404389638849,0.08138649465139669,-0.005021199768020054,-0.04207860318291405,0.02288591249446971,0.10775353741312232,-0.01466773166006953,-0.014523827107572662,0.014441428231223977,-0.006623197010775364,0.024446263048000842,-0.015162509447559093,0.0223986334545453,0.002007648444457971,-0.024958443440559946,0.011782358486510484,-0.05271354435506394,-0.0293364668691017,-0.007116572606820248,0.028877634962006293,0.030649134830201763,-0.002940634404625794,0.02177899871485897,-0.005058508362545129,0.005969090791794612,0.02929334723715432,-0.005002103098034727,-0.003946991543989531,-0.005589553396199612,0.0014540436149671973,-0.005325615648120358,0.006100366388779602,-0.0006082345703459224,0.0048501172469205996,-0.002721096581234001
neuron_054_hz,-0.09690330089360702,0.28537166750471843,-0.048537039906983256,-0.06042867344289065,-0.003168325619501641,0.04606744046977825,-0.027408285003153284,-0.12151677894692195,0.10864265421933005,0.010917511063406491,0.0951734600121015,-0.08286591472972098,-0.08889644302470741,0.07162541698174778,-0.007493460915260618,-0.024237866412621822,0.07478525827869706,-0.08444667654308571,-0.055602803233981514,-0.005535057885486864,-0.045216330159339346,0.027467976001390833,-0.11916672554741964,-0.02358555227983547,0.29906396012143843,0.021852908943226473,0.26026725724988575,0.39193361475147886,-0.0490612370683598,-0.2256425167503578,-0.1673193571217491,-0.012867473122443782,0.3888356182364817,0.022600085755472586,-0.002670470230272842,0.02360344945714459,0.0912183304315661,-0.37555340834945883,0.09747224763928583,0.028598178568677357,0.012060931043535124,-0.0667694035955794,0.024668447851361908,0.09320535666765016,-0.028353004612565652,0.07590580778184644,0.04955827839013699,0.04198078569600394,0.0498301507460048,-0.05385585657245398,-0.0030214881400726992,0.06248718579614682,-0.032133039111771095,-0.032714521536433915,0.0024257203105117753,-0.0204975738045146,0.009774034611379614,-0.07099462433892026,-0.07300841297428634,0.0030670487434623847,-0.02326181832180388,0.11764783428828751,-0.11555439958752431,0.019189173847408966,0.0019284076296574304,0.09251810412084784,0.023938127503986183,-0.06481290707649362,0.05091406336282722,0.022321089867637922,-0.000490470644753431,-0.028876680059095494,-0.08946040232799397,0.033018878288997994,0.013594161681754877,-0.03846379695758569,0.002817680588847342,-0.0013096171645156952,-0.0301185403508287,0.013749770877732298,-0.003095426071960887,-0.0029845449014124087,0.006734101065941488,0.0053568056986211185,0.022618643248161464,0.0001981266745697402,-0.017149325579938673,0.006089863549877034,0.003107732605738385,-0.0013201882220465026,-0.012644666062824737,0.012177942078129637,0.003395782161988341,0.0076764010473245915,0.0033841323541939222,-0.00035621359022944277,0.014342414420076048,-0.008874824417898951,-0.0006717809145389495,-0.007467599187896728
neuron_055_hz,0.04888210147275677,-0.013450945646081666,0.41659948495867516,0.0030947286622684126,-0.08712574273733592,0.04470307019107189,0.036335638816309974,-0.0414614829499889,0.22706881264765294,0.05161762180868341,0.06003650816826801,-0.026252055648091764,-0.004308169617175302,-0.04564367824115158,0.039510324818351726,-0.15718870521462144,-0.023582580048440487,-0.07711176722429747,0.08231493811216709,0.011043963073009797,0.1500918941669225,-0.08277776888670707,0.09368877781623353,-0.13754625417839889,-0.015838462107606338,0.11419268430616862,0.002438701690753206,-0.027518301101306923,0.010159888310530288,-0.06797718373099004,-0.06959458673202683,0.013135735290680496,0.036603506393328315,0.12238036975233302,0.021131217483493864,-0.03344013168321066,0.10264955709941379,0.08812380384505342,-0.057762091172569724,0.0076658128086292505,-0.0663718446190652,0.07375772123852614,0.03833086139502531,0.06218932929631679,-0.21600842125271574,-0.11505860430424752,-0.14036779361250937,0.2311980542579437,-0.012794681149241496,0.0862685654826657,-0.057834812208892555,-0.13883017098721503,0.09887227584144626,0.01050597318268284,-0.04605023622408291,0.14749425679731282,-0.05726544004048829,-0.018447505571658265,-0.10060511421743243,0.027735990874207236,-0.033310374034939284,0.04398066015654783,-0.007586857186698527,-0.027447545393537418,0.025641475478777043,0.11321726859574045,0.10662479077584794,0.054187913854336904,-0.015150440306539663,0.109013755254458,0.022822059220553175,-0.09711573887662717,-0.025900838967182316,-0.2716764196745364,-0.2834415067409969,-0.067182432676746,0.1469496360777237,-0.21866006930943652,0.00455143241956181,0.07640439412402109,0.05778480085812982,-0.16537830135471324,-0.0034543924150914895,-0.04338247545530514,0.015046294892966435,0.06901016357830861,-0.0681678200123931,-0.12068519456768995,-0.023868766317826636,-0.03893269622946653,-0.08766742960812478,0.03872408832334233,0.0037799204702199662,-0.03567552544061557,-0.07421901944434425,0.0001534921961168223,0.0020841923590482724,-0.0020976227303287423,0.024084315502628715,0.005330926309451105
neuron_056_hz,-0.06755600343330649,0.09545833285603192,-0.025024908568674793,-0.046334517538914835,-0.11297047571311998,-0.09409163788312364,-0.007471415809593625,0.05317097040002779,0.050962162961848904,-0.003266368902926883,-0.009810911220521717,-0.011737774854467118,0.007404586328367533,0.005210708118928841,-0.01149512328591265,-0.024344829404913552,-0.015022013518875641,-0.005759602341382225,-0.0003676559503894023,-0.036641550256050405,0.005510730544983387,-0.0003720775250353643,0.017880110321917497,0.0075645702933135675,-0.023646149566419056,0.02910508751292409,-0.01997948172689798,-0.021335845564593323,0.01571762184082929,-0.0003249235219893003,0.023521496591520773,-0.005480846162215586,0.004573085883735839,0.01719474636514228,0.02611695136597438,0.058388023806984296,-0.0033957589304286807,-0.03967512159445176,0.034957301107875156,0.04235071532049828,0.05296314665843549,0.08943066955905521,0.04025112996654238,-0.029511679669468792,-0.04373033732696262,0.026895208940565705,0.0021151214993688494,-0.1297187071683737,-0.07165626678032364,-0.07698262746413158,-0.12369307159131923,0.0918757673339883,0.06725271207926053,-0.03361130567624729,0.12009977323821422,0.28855828327767374,0.13000844271992001,-0.011965860327208498,0.020743176937445262,-0.060100619443088046,0.007749925305057526,0.050997182872571295,-0.23594644821688587,0.1084415744520344,0.10298844182006545,0.0724833144084856,-0.05075470957367573,-0.1463293254316913,-0.11428169593050272,-0.23174739804257435,0.022682007983112484,0.11137667041494521,0.41119212034924724,-0.3550864660137728,0.08998255322683169,-0.02009809846706761,-0.4105316680470319,-0.11907274965498443,0.2184117404861911,-0.08632280086831957,-0.0025765471502456616,-0.06513799302062875,-0.0754921323561322,0.04215880910815954,0.005374462749351938,0.03256408958138651,0.01778678145512737,0.00433217261889976,-0.0019949349531573693,0.0015199540858756681,-0.015507657472929709,-0.03361673472042224,0.018980143248732692,-0.04071453490518594,-0.012905319019683541,0.03249137578556576,-0.0070729905148216934,-0.0040218202528922165,-0.016009060947001455,-0.006980657725884107
neuron_057_hz,-0.06049687279241596,-0.11672750387365068,-0.006597204938148936,-0.0300327245928884,0.2033761323570865,-0.16220811358850123,-0.04676042280194718,-0.14441234627927485,0.0807575133473635,0.05275037546263798,0.01732276802042895,0.08300249761242344,0.12771494322726235,0.007722337674677922,0.06009095274894825,0.0036975057352219842,-0.0534754597304755,-0.07561021865124955,-0.040467335663548445,0.04254499206963831,0.06673825375385216,-6.067254581790249e-05,0.004657809365724033,-0.06509780707906469,0.012072274842145618,0.0046558168432493845,0.05884371715156405,-0.006953501710883575,-0.05719934763209697,-0.07830632607779824,-0.018937262568888266,-0.10876364033139872,-0.008498078977739444,-0.053309135986740655,-0.013275624929426189,-0.03400807679346472,-0.10710467099152886,0.09439267886298072,0.2517749742602874,0.16503939848259752,-0.02794326471131177,0.20626736323375194,-0.0028526370774569036,-0.09442104522346077,0.106457538274592,-0.20352014189050588,0.23650111269484456,0.18569348728269183,0.13451647054843652,0.07391358896805726,-0.2749296435745647,0.026502343020120035,0.01661591340154929,-0.1537946452656172,0.20013197906857377,-0.1736832273608471,0.2617587867172305,0.038621306807916436,0.19421686976407634,0.3085681829631751,-0.08474882272286641,0.028505008945284443,-0.007755357601775092,-0.11427463313053719,0.16611678768976057,0.10947024630104592,0.11443099239557011,0.019015514111416113,-0.007239935841864553,0.03781354920552461,0.10930957604414634,0.024631038624567,-0.023320919844354124,0.025302100246341407,0.03516858394721288,-0.030424943622747853,-0.022775199885448225,-0.025246305278203904,0.0253676547972874,0.0019081533124309102,0.0339397548009524,0.009617099954263256,0.006919426528870037,0.013001927324604395,0.017516171573379025,-0.007104929539355237,-0.01386685012126683,0.06362315681990333,0.01298919845627075,0.007938432980886017,0.009543713581294022,0.021002390585870355,-0.00047993388742399723,0.020494091639268006,0.006391080950379043,-0.0009317173909232507,0.010431752982002567,0.0004132798590940692,-0.012915320009365959,0.006896571840516456
neuron_058_hz,0.04836441842616793,0.014240031100600787,-0.030256328550687373,0.028421153644725604,0.015895623770843244,-0.05231228826388025,0.07888721386459605,0.01784934433887593,0.0029234122039307623,-0.035884558873839886,-0.015214604445045332,-0.06634973560320263,-0.02979702477831859,-0.04904682950927999,-0.014633662346971811,-0.031238686218676932,-0.015416733134010333,0.028268407395582992,-0.009708926967674105,-0.013097097985652216,-0.022843644240113897,0.02640538323146047,0.028790987217154534,0.026578217858995622,0.05587154138537874,-0.04083024261815589,0.004321479169528825,-0.02190351476575002,-0.013709256506326616,0.0005317783962988862,-0.02078791389535619,-0.01355852061224656,-0.011756937400278236,0.0006497508911263661,-0.10491138800054292,0.011063491957744497,-0.012761750565725795,0.0034452210944976337,0.0036341703919310388,-0.056669013541847266,0.027629072696065807,-0.027611660874464407,0.011558608482433397,0.06616234608636892,-0.0012596881567276813,0.03101061732973507,0.03342886926071864,-0.0013840680229266974,0.002586716088335478,0.05236495322353929,-0.06964054898135935,0.07493211564248327,-0.018354790761271073,0.025923748624819696,0.061978147240742805,-0.00836184573177566,-0.021399250117003804,0.05345638537719797,0.006504066993264085,-0.029711484849736507,0.051489292609315215,-0.1042212298815886,-0.09951391736780146,-0.057997466827954355,-0.028550839074632003,0.12706172447087283,-0.020158593490071583,0.048892000866982706,-0.1106058647764893,0.1624950528782079,0.04692367689267782,-0.11770180093887386,-0.05275673746137146,-0.08333567088434338,-0.191961829791568,-0.12878537042475294,0.11353957197765299,0.555804757434141,0.5949975938635407,0.07197282965446848,-0.17027617379384677,-0.15437258965899578,-0.05874937473147242,-0.05093750326717483,0.026921155502872888,-0.020481607939659828,0.012664157191660808,0.038095015497599416,0.05337261863542066,-0.06665575523823003,0.058827707919652264,-0.02064924191785461,0.010750247159938164,0.026696135891730373,-0.022463584803722313,0.017123901853732373,-0.0016923426330145595,0.0023144219561550133,-0.017812482729705613,-0.017848455338426272
neuron_059_hz,-0.04226516590485153,-0.10424864600009238,-0.02890448141216172,-0.05006576164563747,0.09185298066727236,0.011403016263231557,0.0010829475396034892,0.03579604657986685,0.08731969560633915,-0.03104717900259085,-0.023687855067334746,-0.09025563873763472,-0.10938749548809217,0.00022706098889756915,-0.04944644945839265,-0.028741889365620284,0.003386603868488297,0.059520504233063376,0.03824672228066914,-0.02286157664758693,0.01109246096072354,-0.018659983547907908,0.02304619916116217,-0.005728449034321261,-0.03535925087787502,0.0339555683253975,-0.04607107125097176,0.03763060465382087,0.03293204990884851,0.009144775137988562,0.005228160199919417,0.1027842900160518,0.05089061205444559,0.03767469570869253,-0.004905095749055101,-1.572087091365748e-05,0.002293326085306774,-0.05780067310414341,-0.05823371266280476,-0.022070612006086676,-0.02655292534234436,-0.06199460110505343,0.04115058391827581,-0.0007214914992154202,-0.11050985049288743,-0.030898474005348252,0.05596619066289614,-0.08910695744137954,0.04355474077515495,-0.01870344226453629,0.023255858319186768,-0.057070375215337345,0.05647666300476181,-0.021875641255055964,-0.04931817914360313,-0.037510769369557884,0.033358382677367945,-0.07030880109460551,0.040929284644501664,0.0646653305917976,-0.061118624297949335,-0.07482747922604582,0.06361282598703968,0.008115107819134399,-0.18086645961970543,-0.0988700834302909,-0.10027271105688754,-0.3398851315363578,-0.1848249604600444,0.20422712512050673,0.5432837474743235,0.5008630142183768,-0.10764000104629083,-0.019302180097893584,-0.07305123076997039,0.05779044935311592,0.03759665988010676,-0.07857151328551305,0.06627068857165354,0.03083495117430425,0.04614802400105345,0.0027113166486046093,-0.0037058725141745213,0.031568094780834076,0.026625960398841422,0.042226078190828284,-0.01671881297808846,0.04640635084666299,0.009310966675746164,-0.018763281449312993,0.05681012656060404,0.004143391408386036,0.0070228827290817475,0.020361767905542616,0.025492421141020166,0.008075707897094206,-0.0069114043163951665,0.0019633219949513475,0.01361090623793662,0.0016114546904914193
neuron_060_hz,0.13104273352421536,0.009118780694661769,0.15658437473835138,-0.04082833670039932,-0.04186513584945014,0.030171428766595537,-0.021715474325854318,-0.005759639970208729,0.0740023291678844,-0.07660677827575238,0.05546190462648888,-0.06795293343252207,-0.15099831802312713,-0.08427344429834466,0.02482050606790108,0.18632688112512202,-0.2754092414530812,-0.26625451633095304,0.026167883636669678,-0.15165968402444532,-0.13229064667558335,-0.19278903627512606,-0.2697565280466283,-0.041392074693927555,-0.12245904700808954,-0.16113022863093177,0.09248244864163743,-0.2808717251793532,-0.29245361593169084,-0.04809665603684353,-0.15307686795786413,0.015812605106918586,0.20541291447269092,0.19696914479219446,0.12193019193588728,0.12777220725836327,-0.21142235840052,0.05735092443585178,0.006480772451066347,-0.1568032409845059,0.07709595727610635,-0.03381897542235471,0.07955518007588012,-0.20135748158822303,0.11089529954963209,0.04884103998950946,0.12931505270685062,-0.01916763407960228,-0.11075683105278335,-0.06614587703555468,0.12124708900129348,-0.004472462065105486,-0.010870683590988604,-0.036025250587548865,-0.019576737269982675,-0.027278139898666766,0.07729334336827029,0.009857097402961097,0.065884165230151,-0.06896286764099652,-0.025388305106257582,0.03317047124998411,0.005867758234959108,-0.03014895756552176,0.016992164044109116,-0.010460385514057964,-0.0437841438908951,-0.00034570723806426167,-0.02776945888583504,0.028472901795571926,0.009779839369217983,-0.009767332577785108,-0.010879814593705756,0.011038193665417945,-0.021504952335266433,-0.006857264157459991,-0.01629119567093975,0.010797154174036726,-0.0034676112026437445,-0.0001848025008445442,0.00687795764910662,-0.013873233915778257,5.4159323717981045e-05,-0.004451140879889057,0.0011585656185989848,0.021098232988333278,-0.009007126033598684,-0.011804311312832466,0.023149384706387166,-0.006026702872205615,-0.015110665216576655,0.00900436931615465,0.005134512751463101,-0.0036320749550239374,0.0011985343628866801,-0.010574798459328447,0.009434402952570399,0.0045781061307898635,0.0025582070531563507,-0.00211922768208617
neuron_061_hz,-0.08063004307293696,0.13019807765545616,-0.02679683510977734,-0.05581269085181628,-0.0880351708769178,-0.035844842477586805,-0.01749731439139742,-0.1407392793496434,0.09741451322913573,-0.0046972504015006245,0.03120800063181673,-0.10224419516129124,-0.0442744794908692,0.030723384372828448,-0.05324317088453941,0.029405795562956857,-0.024849547163001667,-0.0069998152176116435,-0.021678646539093606,-0.03104816327086861,0.018452843393882756,0.020186127023555614,0.0328635590265445,-0.007960344998662418,0.017801698112332467,0.03847991731813473,0.02770207682737587,0.09663694157741903,-0.0299882803454826,0.04016123600244257,0.05152771125521277,-0.007466939706071943,0.040535489123478693,-0.02493432908559859,-0.01451902879093762,0.11526250150897482,0.0001960309452922332,0.10555418840169949,0.07515002083548553,-0.03782766510928509,-0.03126057354588666,-0.0757658114259632,-0.008894673106951072,-0.021196185074507663,0.02699482701944916,0.022671806261490804,-0.009588850077069222,-0.07083140452541345,-0.1245799829244002,0.2565022791376666,-0.18841876411960778,-0.0013815313889907477,-0.0659473811071346,0.25144710202837595,-0.18479283381054026,-0.09119432257195734,0.35720381531593687,-0.08898023644711592,-0.04255571735722839,0.03383929490617957,0.11344367889923315,0.0010669003882791267,0.3199637501044391,0.041100844780588563,-0.10597291543374551,-0.1308222980272618,0.02175653019898998,0.135954153202545,-0.13178714771732386,-0.40204803429333036,0.07504680415048819,0.006163960529433153,0.16896934096983918,-0.02178004071308834,-0.21312606634297795,0.11729876354928814,0.1790310168307409,0.06978206159973685,-0.0046584866018469125,-0.007312305827153531,0.004988032218647541,0.027872694820254368,0.017360960415527475,-0.06754643974942788,-0.010274304368622061,0.025622098582501376,0.0063072618862340495,0.02763918728087244,-0.010754493063882814,-0.00042555858490849786,-0.011548900412565774,0.0013759972229243425,-0.00018099129440678208,-0.002696327606068416,0.012995901768362787,-0.012032864782670495,0.00730893460988756,0.0025255825101438006,-0.0036358253066303,-0.0009174434045468027
neuron_062_hz,-0.009940776471897434,-0.013665361511134786,-0.012957319353381508,0.148672530575472,-0.046501537445316744,0.03932790826425701,-0.14644240324102653,-0.015427528070051993,-0.02081573611829139,0.007389121504968822,0.029406257100931886,-0.001353880493711636,-0.0015872233426279803,0.0018496128821374588,0.011413150503980991,0.010488520571963525,-0.0042563412117953385,-0.017214895121316597,0.018522561205608745,-0.013629314607967027,-0.014138036135728997,0.011135009679228286,0.0014307248983177513,-0.0046290064398603475,-0.014937451554683028,0.04735817076561445,0.01295161761701518,0.009429078708565145,-0.02064353624017576,0.012522946333022762,0.04098178992892084,0.007924028878491505,0.033414545085183774,-0.004900671912068673,0.011194512276675103,0.005953070470287911,-0.02733883036336076,0.009795094814680164,-0.0006490920744817996,-0.012885302039621401,-0.0032325955012872803,0.007834265324894008,0.020596655838744142,-0.016950309424097768,-0.033706866609997,0.012620141603555922,-0.017621030307408747,-0.007873309314692864,-0.0029210101799406543,0.029837294007630355,0.008853695594500617,0.02689312720342612,-0.0284606630462554,0.01875931399942351,-0.022938496610418656,-0.024551387494429158,-0.011644987544644709,0.021281243524562156,0.058139202884465904,0.005984946064958335,0.024951922014318687,-0.12381692272390887,-0.15913777227291526,-0.17288745407262368,-0.14788206450651048,0.06969885752199022,0.07470564711738492,0.024537339787973844,0.04330374425789789,-0.041888607959427226,0.017620339690488762,0.006228690972527984,-0.003935099956739428,0.000914243715520624,-0.06482764493649171,0.02318967599167531,-0.10099476417766742,-0.03156620177640235,-0.06676705581611964,0.06254364089674083,-0.062246635374016604,0.0393500846493195,0.10637372123864564,-0.24123352878564852,0.20750256178007348,0.0009165052816995437,-0.06014713678267694,0.12100130630260744,-0.2923313274047041,-0.04018049285343994,0.10364107000429576,-0.1069996734857837,0.5911383263801008,0.07323399677758526,-0.10261424118939974,0.04300992969898525,-0.2895127757400961,0.09105370959561215,-0.1773774751630319,0.2506055275301622
neuron_063_hz,0.0751794854629317,0.08544888761240729,-0.02043542537000765,0.018221172036176455,0.13816161985161857,0.047613636189978124,-0.018472648295954137,0.14343954337347084,-0.10142261087596424,-0.0945527442044436,0.04484153889727977,0.0027347471620778915,-0.0742606681465332,0.05797188511456705,0.016473761807227007,0.008432569098156005,-0.04099543495702608,-0.023646555789824594,0.06367979537013463,0.023760895657291097,-0.010144320343585644,-0.0694266980009659,-0.10486161613332962,-0.07334016712922256,-0.07173902767908007,0.043689961462482954,0.041589888573173715,0.022942974915866714,-0.08492510274530873,0.07111123262166068,-0.011657036687548292,-0.18927362084769958,0.13582037717041645,0.14863818477747498,-0.09559118030086206,0.18632507509879376,0.19722696167665255,0.19140651484019514,0.021473750136435585,-0.06983236856955923,0.40063288900570826,0.16000764400991324,0.01296560877202197,0.2408724690351811,-0.03616399675449804,0.09081607544349135,-0.11098962325979957,-0.18728410877482057,0.12087177355349348,0.192385578403944,-0.2669153028204929,-0.04033116541792146,0.009790424596270511,0.05020373199648946,0.06457906126045061,-0.0014709527528415922,-0.25927832505556,0.07553636276469934,-0.015656260413330264,0.2667108503519449,0.17335531022162348,-0.07211844426613376,-0.003496536342706795,0.07593241540860773,0.11292048300351891,-0.09856559118786172,0.021035866344016482,-0.05969302207791746,0.05449497938520386,-0.012840924590180826,0.031370937419616426,0.028825286350602664,-0.01770044976290034,0.007885823330830759,0.07905525113666474,0.004790509006598718,0.026709776262419202,-0.02295406533287343,-0.02842674325100518,0.011515058939140885,0.03543970860197855,0.0027763299855445406,0.03110589265590054,0.013362044729188973,0.0006293035028984151,-0.0042693479707401685,-0.03266418235142379,-0.006053926040034213,0.002897560618118959,-0.011687564908431668,0.006823488419092076,-0.0030375937207586384,0.013915702220799457,0.016610534912045782,0.014350868901142073,0.0067522225926626,0.003779489612065201,0.0012552682139919833,-0.0009221347199489457,0.002319095130801776
neuron_064_hz,0.20904192268813895,0.0599464392538918,-0.14449229974350467,0.21473653608971646,0.0021686942577020724,-0.024725041920839963,0.412900759924543,-0.04888347138603844,0.3174690596978509,-0.06289730770881458,-0.32551826520398974,0.40225592582506825,-0.055957137611662267,0.1602717061759606,0.11824240361314158,0.12834981734166198,0.16483182961873372,-0.06470298532352364,0.15392824615149686,-0.2415157058038777,-0.0007523436439331316,0.027175925142748893,-0.022126662814673972,0.047896423295683443,-0.08903029543565547,0.1445557256356571,0.06902739131922789,0.05282132704085932,0.050927751363351724,-0.04198010634225169,0.14971559075078605,-0.05573537621719522,0.13740781013098977,-0.04144475163543428,0.1291354647411353,0.09994282247266462,-0.11210715571457282,0.05287912013031752,-0.054057362578608506,-0.02749442337635863,-0.02603375438805091,0.00918125660175148,-0.0875796412050334,0.0813733296287878,-0.019260205089640374,-0.0003231756152242554,0.030335003765364407,0.05804298911776501,0.010144121815582288,0.02008346995316425,0.023393096337374977,-0.005431476900659392,-0.011712920345908578,0.015432767905086676,0.004217856014594795,0.01507318244045223,0.0006309668225597254,-0.019797390844181015,0.023311579694104058,-0.009017390042632717,0.01271406896635266,-0.01794313801071793,-0.01136872706392271,-0.023499372753624306,-0.03795561057295409,0.0004319866894215707,0.02792282728028081,0.004890584539237325,0.010703786468363743,0.006368687589735189,0.01117273676507493,0.02481451556829481,0.029383151366317712,0.01959275418036252,0.0027516333255185876,-0.010708086340737527,-0.008180448027814799,0.009763342488330856,-0.007122557923001829,0.014140335855931302,-0.00044575103248432543,0.0035488395618213583,-0.022959748807240568,0.009002691971849164,-0.004194415983323069,0.02696598320548685,-0.002589952862851408,-0.010087060466583211,0.0006958172618399677,0.009825897000215366,-0.013314623294717344,0.0014146109265669449,0.008387448130858469,-0.012068408678251458,-0.012918576445796984,0.0010299892646311037,0.005826560921467798,0.0013072591520401147,0.011459889812898208,0.012298960353640094
neuron_065_hz,-0.06770188460044928,-0.1418039785316219,-0.02668438247604821,-0.05282018631632617,0.19307655368414833,-0.10155234730217565,-0.04099823198283755,-0.062412235359032835,0.10800284726199946,0.019809875213581157,0.00973431313251542,-0.022423968703088562,0.02732553518245671,-0.016440308900725804,-0.0032932070045750446,-0.03331780373260274,-0.005442082307164753,-0.018106909482951197,-0.012210484385180492,-0.024548263697779807,-0.007963202169865877,-0.03004502019718228,-0.03777185392447839,0.035808564821575656,-0.05432140451996318,0.02537867299333987,0.043062438516099116,0.01888950176817085,0.040943901432561824,0.059609717594584666,-0.01112811823963844,0.05701734219853239,0.010825633140436637,0.05107030963879038,-0.02347570057450586,0.015513104506756234,0.04790922143889219,-0.059198387176248424,-0.09044670640913788,-0.048155800914262636,-0.023103445690960046,-0.082437484125878,-0.007483134020374746,0.08206218439572414,0.013610427742811867,0.21523209289542672,-0.22043914121031144,-0.021518232171452892,-0.16903138801044468,0.025543617326673474,0.3167672570959825,-0.020283756286022622,-0.013353756607052764,0.3752874730590582,0.4457638395476891,0.17914649187816553,0.02576300385653912,-0.22379185397891793,0.2488315674468572,0.22763353323151328,-0.09708219998120529,0.09641853012869282,0.08861122641318658,-0.05819909159030194,0.14120662173334836,0.07607872051514566,0.08655963809844697,0.09122142423757319,0.028935228646661038,0.004850785219416745,0.08232326686763927,-0.055524188994556745,0.013879241186126675,0.050735123542417326,0.012937067799438207,0.013300127296743812,-0.0029429579034871284,0.00905027493617103,0.008745707256728144,0.004047855339085131,-0.0044537287638683025,0.0036028065024377373,-0.00951833545460603,0.000607226290317231,0.0067975468831968575,0.013186841002991296,-0.007066975345707122,0.027062815637927555,0.00012054762449707074,0.0008970226944552545,0.02109427012380037,0.006308720135882372,0.02899840604815632,0.016493805142803283,0.005366422994413936,-0.02102999220894969,0.002876512204896562,0.010961313596037067,-0.0047163175362502086,0.003012938232677339
neuron_066_hz,0.1824863131577191,0.11512112839347564,-0.03920429548607307,0.014360720372544645,0.10839460675366534,-0.0005436357761258823,-0.02257765642784699,0.09439436456014419,-0.05804859894560586,-0.22096034642917076,-0.270150082525387,-0.31074452873801867,0.48871788186965576,0.476507491542189,-0.15402840481042027,-0.16837607268506502,-0.041407459416775434,-0.15334675153402594,-0.15002428352903383,-0.04656422111566016,-0.08356742727850916,0.09814479500521182,0.042250643527822485,-0.015211762424610786,0.041186733335988615,0.10670589572550279,-0.06409357872072428,-0.08657170116229405,-0.12411049345540111,0.014935938590251184,0.03205070962879542,0.07873298273302275,0.055969929764918214,0.12669909476078833,0.08376392375289524,0.04069728075407454,0.08644725138132439,-0.002023429991839236,0.00801203662855133,0.03890732519590773,-0.028921068026309962,-0.04427713963792125,0.004470651730705644,-0.07645775317901986,-0.048590591685156025,-0.060769647098852325,0.01176964148354194,0.025593643904276014,-0.062412844973470154,0.022362597893942245,0.048358682300990566,-0.0400440307765563,-0.02510085057688508,-0.030381486584383065,-0.05402649526932153,0.011097353638133384,0.0059202822180833,-0.015749876340170457,0.05309175077436758,0.018809852807357766,-0.03343448776223623,0.006136625319995537,-0.015252193987144804,-0.009731626502047223,-0.010160738310662304,0.005635061771722124,0.0031821269377168664,0.017455706261297388,0.010072998589748201,0.012437742076324351,0.014721515029969642,-0.023947722051485813,-0.015899745251689804,-0.019675445005298747,0.004119171530197321,-0.009506245092853166,0.01807018964075402,-0.019847457300621103,0.019229826023705,-9.994334083981982e-05,0.0012143430982898828,0.005949048083257635,0.005224561832413023,0.003603242670768697,0.020648680392971616,0.008735682722189983,-0.010135125990510307,0.0029657454964560903,-0.003575204953053135,0.00648257398421162,0.0019405069612992432,0.002498878871570631,-0.014978823468359381,0.003923075157365674,-0.0030844667817924443,-0.00548136547471917,0.004199960698591673,0.0022724030195058753,-0.007318013746157657,-0.001095974138361092
neuron_067_hz,-0.022954311791577642,-0.03314776709044026,-0.04513581302621191,0.37290290028245066,-0.11419842650094623,0.09121029465193121,-0.2803324631700194,-0.04011178245499476,0.006700861100849511,0.0067575745130725035,0.038735287443290925,-0.009080446959524719,-0.0025264471717719086,-0.014808870238966914,0.016761079626922644,-0.008098790106399897,-0.01057925483548211,-0.04263963626479953,0.033513086998426235,-0.01146016867361195,-0.01246782222772494,0.010367796930018276,0.02862568578789859,-0.010264831986963992,-0.0015720278019224626,0.08292799539099652,0.025565504953883034,0.006604523059244064,-0.003797851615391021,0.014402934873526174,0.047074197959794006,0.026425870117212112,0.039131868018914114,-0.003612809768435022,0.026992755796188414,-0.01058207135971689,-0.023641375275282834,0.004168814442496935,0.002254471248103393,-0.0036573186770974264,-0.01329815443807146,0.02444906827224714,0.013435557754688129,-0.05118089018648388,-0.03313576352117749,0.05529182725017785,-0.005023675244754028,-0.048367016717495784,0.008611117650475827,-0.0018982752267118694,-0.012515315239612634,0.05161915814791489,-0.06634077652859183,0.04774308743870428,-0.018907329711411697,-0.002887164721298907,0.008351311339360734,0.00975851734591927,0.06618719840960985,0.02621944064881982,0.03616623882916281,-0.09221268913004314,-0.12500165764765092,-0.12613461408235305,-0.10210359767069727,0.058053846555970956,0.12046307506088309,0.06484209962916992,0.012257926943264635,-0.04680062997000427,0.07044442903823339,-0.0118809634003036,0.027090863624955767,-0.0007093631268846653,0.03512247633152628,-0.06465604956130117,0.13718396364848412,-0.003993977834825347,-5.3389610571885626e-05,-0.035077286148813086,0.17639382554470956,-0.023153910719435775,-0.0811828986537057,0.5317309926794933,0.09061848219284978,0.056065434466431155,0.07459836570219913,-0.09519560958153399,0.2721190827886551,-0.12842097366294725,-0.017768076413872375,-0.2758278376931097,-0.06032528599150799,-0.04493535135253553,0.0048510473996717235,-0.19583115163121925,-0.18369711798334906,0.0775117999392058,0.008335447874197516,-0.06980211914972313
neuron_068_hz,-0.00413410214400075,-0.011096953697465836,0.09399471154318682,0.012387907831387686,-0.023698578121498226,0.01908423812378253,0.08359983531671272,-0.04221817009701017,-0.16014628458447958,0.016221799045354243,-0.010608183172871318,0.0006838643264162313,-0.03489083094209987,0.026010645566313332,-0.012328113653422368,0.07260582185595173,0.05147622427046354,0.00881511122423895,-0.04891752389408778,-0.014202531688301094,-0.049993046688300034,0.06305073121006108,0.005563241105236261,0.015766909227543504,0.0007464012813489518,-0.03831762952069666,-0.02507238604229935,-0.0013004327618647803,0.013788565880690405,0.028005607058104037,0.048355956350902035,-0.03600894907926902,0.013477730490346135,0.012374850602089885,-6.303227625070046e-05,-0.001784340315384464,-0.024973086370256276,-0.02770461024982359,-0.003667609628855914,0.009989815068455005,0.023615147131489475,-0.06571059480847265,-0.057346372020997696,0.007722931223811828,0.0382698928101331,0.028439197298961192,0.03579238370711406,-0.03991718070140788,-0.041903847719451444,0.0023810616456102635,-0.029769011837368575,-0.07075840074672912,0.005703205761838616,0.01061037744506565,-0.009176108808646256,0.06201526167067299,-0.009414361988145062,0.029608681769585275,-0.028063129637818544,-0.014744187903537154,-0.021618175195920297,0.01778417956864961,-0.011351333635993971,-0.005193930946181792,0.043204322462508875,0.06513179205021503,0.05024672968801986,0.002138059681309829,0.006758165358005292,0.04773662414055134,-0.05337067660714083,-0.006622499797929143,-0.006039060229080764,-0.11501387354379322,-0.062287790989834196,-0.032471902828531546,0.07140364538498528,-0.035066657180867086,-0.08410752527412566,0.05020992073201682,0.10294384067268059,-0.10493274183764366,-0.010734609137285522,0.10853268769643595,-0.0571796201811437,0.33673738866244807,-0.195684488134633,0.7947651854584157,0.13222014978544236,0.055037230586828245,-0.018971017462497075,0.019262622840687166,-0.018255280660198797,0.07325846256811072,0.009921818727267613,0.006114077895437296,-0.0032910558056907235,-0.05092100973076148,-0.035511582162349536,-0.012915449812057084
neuron_069_hz,-0.0871938358681603,-0.17053405911962302,-0.016964165888650573,-0.044471793942300795,0.26856840804935117,-0.19196628219467407,-0.04948963760701916,-0.13691957850968012,0.13504161360738118,0.03825308042607582,0.01326511839322382,0.04437471489243848,0.126652245294341,-0.014629240350375055,0.03207411724490048,-0.027998446921111177,-0.020526947607968887,-0.04580738579335473,0.010191055925146533,-0.0025048334032978935,0.029775314272263494,0.035421743503739715,-0.00044524902483117357,-0.049857637618593305,0.012071470593327555,0.010061224695530592,0.03936043999905212,0.04746832044450998,-0.07530388010232356,-0.03357681137799791,-0.007311396314717271,-0.1172361444249452,-0.0008293500841350925,0.005921550638905978,0.015236130975984814,0.054165653354442705,0.0302700799710775,0.15311480108878694,0.027423376085022003,0.03861337802981979,0.012697667532118399,0.05491206172345366,-0.06665385382808071,-0.03711926034993826,0.053729544556720486,0.329133679789114,-0.3400633587924132,0.12062996066475325,-0.28637528135112383,-0.21219118503947923,-0.08062829132806731,0.2984366295127509,-0.19590026360931231,-0.11480338359879522,-0.2729867721499355,0.014517904653839536,-0.06354661414423762,0.14085674365963036,-0.21446270894825648,-0.06068510842401367,-0.08509381946593568,-0.027787048296425285,-0.07260633362621877,-0.09692599199497688,0.03970750162286963,-0.08667256103411655,-0.07425280129351518,-0.03136804497339906,-0.03433524010731667,0.023170550532707612,0.07627310575334277,0.03174679880494746,0.0134024157684538,0.03591675644636138,-0.008033110140474808,-0.005475820536236847,0.02568636135901628,-0.020247246003216514,0.015272026267384272,-0.004491815533241971,0.007626138297008568,0.01193418055407696,0.0024672763767159406,-0.019672560112007353,0.008014865431433694,0.0415004806458869,-0.0024722705418013594,0.04526491855213631,0.030674884831340843,0.016726949807834166,0.006514305218966482,-0.012611043134637921,-0.021955529728264006,0.007798735166276123,-0.007597525953254636,0.006325657387036644,-0.007921182929468525,-0.008067375172370134,-0.008941068177396462,-5.4366776184616716e-05
neuron_070_hz,0.17828333798312704,-0.008865568223279007,-0.10798958382064269,-0.06538627135431632,-0.12599565200341617,-0.12002008755681846,0.012422214263419034,-0.3040878398087069,-0.15190453077520907,-0.10826071042427872,0.26770122403968843,0.20712258512688259,0.07606669958094318,0.06795652492624588,0.07587655131677164,-0.33238011554023905,-0.015375266944843199,0.3857554582193553,0.2102294600371981,0.10901487186666114,-0.17927134579217824,-0.10766471397619351,-0.029659630680596703,-0.16714876443508708,0.0039743579692460874,0.24939356269226287,0.05523781435921046,-0.21615929596216696,-0.0594175108627953,0.07451709524086891,0.008054506546999532,0.15372197838655155,0.2251278000986049,0.06385109413297857,-0.022924850475448122,0.048703566659123496,-0.10352710232491669,-0.0638315116914624,-0.09428771194346158,0.16524072402428935,0.02513275097651979,-0.07095307436030696,0.0015677934358876294,-0.043713697639964556,0.024336940591438094,0.004648507955907438,0.006787769141114841,-0.0272721713540878,-0.021077515009502248,0.007619348556255918,-0.021355105797878558,0.00030180447618750883,-0.002942144505550477,-0.025764420769261602,-0.020310541881253565,0.009581186170187458,0.009508019928396713,-0.00016097673251469664,0.007098488738227139,0.0007025290355338748,-0.007669239923205236,0.04271585098616629,0.028574651555685168,0.006611465628950194,0.034680172611867885,-0.029263512129853814,-0.021009397798901024,-0.000919179085828184,-0.006761234851219586,0.031404929071799106,0.016672605570107274,-0.03067620519225147,0.022486084345201537,0.021579342548389488,0.005641803342558031,0.0003288321334729005,0.013338088340966808,0.0091394953509717,0.016439603363503977,0.0015952474837625658,-0.01125113823872572,0.010986736065656564,0.00777204514898204,-0.013210728800168693,-0.007937630477946642,0.003368864378072406,0.017062562702289494,0.019323079727383508,0.009209998250762599,0.012850740294278531,0.01043078994156936,0.0002948445926336668,0.0038111656640070594,0.013614010724201903,-0.008167958338136327,-0.0027888926066254316,0.007959790236607825,0.0011928896108907017,0.0003386063239310712,-0.0014956003804094606
neuron_071_hz,-0.008703311228476817,-0.010740415409618063,-0.013027257088306349,0.11989655685269979,-0.041898951131570536,0.029871495263898807,-0.12353634574450462,-0.008085401910900627,-0.007098640635522909,0.006477003075734073,0.0070301553059194475,0.00804503719434044,0.008777992359517858,-0.003620103043148741,0.01494342067921239,-0.007526650782218229,-0.01116103654713984,-0.015785355020853355,0.01476566330192389,-0.015325415110305107,-0.014019375094557196,0.007095648596367002,-0.0009931264516504223,-0.011254495373889624,-0.01241150359227795,0.02732686200784542,0.007691318360882434,-0.00309756049622318,-0.02363894500923626,-0.006117908182433626,0.032446096496610885,0.01574180290959605,0.029910452245165055,0.0019541323690458745,0.010393517294606715,-0.002369010338661326,-0.015152726907070709,0.0007417193374561976,-0.013828540378360107,0.009625016876179775,-0.021591300358193538,0.001262736740769814,1.505884182097239e-05,-0.01675462321544819,-0.017989692594262488,0.0424797039962153,-0.011698958750670615,-0.03164942165505581,0.01857752979717483,0.01345323805184111,-0.013334607662742082,0.023371598456197764,-0.04727232257076142,0.0421555488099266,0.01976356058907612,-0.019450979104807656,-0.0027882181630112385,-0.0020335033045565023,0.060811614476579866,0.022954844448541123,0.020391160171232915,-0.07544792592793896,-0.09606439960369713,-0.10848433696145446,-0.07234330099612012,0.009162650618405656,0.04550313334934455,0.008479512564677882,0.012882953230225994,-0.0232473263305017,0.06116222275651576,-0.0012034638790972343,-0.037547157372470136,0.010623894586125934,-0.030604971596284607,0.06640076505079906,-0.03028731513543064,-0.024071133720735334,-0.06321789940895856,0.06263890041849712,-0.10789418643378743,0.0011159789939665377,-0.15873946464396324,-0.14977972324541483,-0.1270251539246821,-0.342300156964675,-0.3138506972271264,0.139062140893706,0.008510229397409357,-0.040964399513517255,-0.0892873458889825,-0.1095492618601031,-0.21034384777795684,-0.531604314681723,-0.09413518637249202,0.42686277859359206,-0.05736093418003016,-0.15044462746759404,0.03320522635347556,-0.12019159018511587
neuron_072_hz,-0.007014331477450578,-0.014821597161979911,-0.026693493592837483,0.1780568572075101,-0.0526120118555205,0.03335482418857718,-0.08761910135871714,-0.017794536635544738,0.0286342815001923,-0.0014425238863641243,0.0101281622184058,-0.012814822192590851,0.005414068700452315,0.0037205276206027163,0.026633863838033955,-0.004708801371435874,-0.003044884774971224,-0.00820540736759877,-0.0025254160121583116,-0.022273857401341655,0.0037035539617248387,-0.009221605629356758,0.014249046316053351,-0.022139278315999565,-0.016631877283186144,0.016514808988909512,0.0031593482506425304,0.006141539562726256,-0.008319009348144904,-0.01586362610533494,0.026181136120507535,0.0054467435812538545,0.0187742308851815,-0.0003695965847182875,-0.007843556608345681,-0.001999115336536836,0.02843520796322821,0.002758442010671441,0.024669767573564545,0.009796450780507907,0.00635050195309441,0.02551119733610105,0.008883863324387377,-0.005316755235509873,-0.022909092115434855,0.015678124745682996,0.03756276341404358,-0.022146430365350522,-0.013752177753597647,-0.01962982704000952,0.017943361089448467,0.03408130477685754,-0.004584202876457567,0.00525323182291678,0.0011203653877207426,0.005114780999135156,0.010335051490936406,-0.0036382045072912567,0.0018227002079436866,0.019685540610820736,0.003567900654638332,-0.026391837364964657,0.018942883220053705,0.025179781194555856,0.03094213669862772,0.01844396435409265,0.0164048785281439,0.018423666737336038,0.01657144105315396,0.018224797414646027,0.013887508775232177,0.00968556392612048,0.01270136302272104,0.07195119596007157,-0.034228535714547495,-0.005988252944626606,-0.15121625176524214,-0.04718072827732933,-0.03522058865184975,0.047544663829846553,-0.1787065322348437,-0.14675848443210943,0.3761617306418391,-0.21153844228735144,-0.19357920538774784,0.20343370680153675,0.1312642069856866,0.040489409682276656,-0.13543022556279333,-0.451890642029529,0.2814515615510185,0.03635283891172164,-0.403296577877686,-0.02370430257307199,0.02016042958695543,-0.17666305490384054,-0.18166698162858244,-0.17795567266971912,0.013953445101498207,0.05151972066173126
neuron_073_hz,0.14693524241919195,0.04996537362463876,0.11134004838674608,-0.024712651654764186,0.019267026361295347,0.0071663512609846,-0.07193532295000107,0.04112402591969715,0.0833867365686668,-0.03191206658984565,-0.10508419193749449,0.18973947903682764,-0.05348886014133868,0.05204815865812352,-0.1870768047724919,-0.04703039040845229,0.07094032337916042,-0.10554993242610855,0.2656619724192549,0.3161870052400836,-0.24758688623922862,0.023520352248443555,-0.05341507376913507,-0.014173200647035845,0.1548050505482732,-0.09016452221332402,0.24837161122868828,0.188061874673186,-0.3502553436760054,0.11002241520509506,0.13371319577567053,0.15469233499228544,-0.3331606447725353,-0.17853791831167345,-0.12839890119603595,-0.11304071854525959,-0.007058930688752976,0.06207147464387492,-0.010808235219709762,-0.1544851773554227,0.053781516297981925,-0.051901889782519514,0.1828500312769603,-0.07671047225653782,-0.05013925885264537,0.052932516851717494,0.012846938836039387,0.02546812217848904,-0.023804017524611344,0.10465425238234408,-0.031152443641148133,0.023507977382219172,0.020559622300917638,-0.07205113208921493,-0.0010975413884665025,0.077398063147569,-0.006951130122689655,-0.07087782778617291,0.017999207871909485,-0.0016216855483844423,-0.014821433007298495,0.06429411544767519,0.0011755920584148732,-0.03760817294953229,0.02603086037123878,0.03579254632115393,-0.012687172870045504,0.021636085166298752,-0.02916002404463222,0.01260932252249812,0.028328428512961655,0.03885267990882332,0.02408488356367075,0.004128166910044532,0.03172093355111093,-0.003994986846549137,-0.004682010731129005,-0.030367115464925435,-0.00029202943791931113,-0.00409699459831123,0.02259600959400299,0.0019855225214929356,-0.002230239788574867,-0.011805805591088236,-0.009767649081203648,0.01820023730468749,-0.007896794175557359,0.023639116992070462,-0.0009737842270753812,0.018907084344975844,0.04340661847994616,-0.004014714720444429,-0.0257421028008503,-0.001427765275619275,-0.018383537289163025,-0.00594272924524953,-0.008494986619657023,-0.0033280035567021804,-0.0014280905700008936,0.00019838244831321683
neuron_074_hz,-0.005529721890710385,0.18357970554192238,-0.012481464462685757,-0.0025077945343638993,0.17903959298720318,0.20806599033326195,-0.016781474931339132,-0.06699752770684178,-0.022886058040427166,-0.006228591529234118,0.01134392549698723,0.09776566087014836,-0.002669281147767306,0.028387969204464143,0.06458559914016337,0.09292725830274742,0.016636206903356862,0.01722394237268848,-0.01352597076552288,-0.019741571984155472,0.01775642378439807,-0.10660374474004401,-0.0940858322495995,-0.06434640166343364,0.006397292228804287,-0.04145803397550903,-0.03677755009634028,-0.14898318844895667,0.07496290961428474,0.04778152878143668,0.025019606141110415,0.11907869976740701,-0.19909413155512845,0.19061681395628222,-0.048466487258295984,0.10087948033230362,0.1911672939302842,-0.018316539953379177,0.032111888676417344,0.10837322899835036,0.21837861717095264,0.08413662085045459,-0.15685757241342413,0.0014114625091655314,-0.13421832005174988,-0.022546855106737942,-0.05580460640552351,-0.03011379506481042,0.17025768725065626,0.06048899551083252,0.10783836205886707,0.37436707890084714,0.14446265381279444,-0.07011186128164912,-0.003113798430009581,-0.13982123148982567,0.1427316111860069,-0.2773730957819991,-0.13595515885802018,-0.14903241420741647,-0.18820675108528645,0.12681001141073117,0.0757921595200651,-0.11574837899266989,-0.1457295289659954,0.08041747176326394,0.16808821253836026,0.060807605984965846,-0.07343263976794101,0.06819211171425327,-0.02034686837235862,-0.017897560066342452,0.05783341936506795,0.07753075665678667,-0.05693953379035029,0.025497551829280082,-0.060735595299520724,-0.060982877787970693,0.08979747503207709,-0.046556703810569894,-9.88473963095815e-05,0.017676366717655684,-0.05010653435606031,0.031953572620874046,-0.014308714769968381,0.026960373958528877,-0.0041310075785326444,0.043585479860815825,0.006499081480188463,0.012087162829658875,0.018182069289708905,0.014070767595768516,0.0010851409852748184,-0.006690365897316919,-0.022811779702503462,0.018122583864355224,-0.010230154334988025,0.00048526112749815165,-0.005647647711667458,-0.00572963511095318
neuron_075_hz,-0.05934392842188518,0.12121433295539656,-0.01982575141068511,-0.03309379942002173,-0.002243128058295317,0.05826088863519371,-0.006987653154937194,-0.15180036003863978,0.05458341484455337,0.001313755283305396,0.021499383558068706,-0.0553616033559369,-0.021278723658200025,0.009755507338069555,-0.00520363960925814,0.04141234829803067,0.01577973577794377,0.026895237296673733,-0.011435183852365506,-0.004723680067427509,0.00028053528623869783,0.00434729363589258,-0.008095182191281872,-0.024142275488690017,-0.00729995056311146,-0.015790306847908497,-0.03347299805868693,-0.022884060417478327,-0.0125973243781215,0.010483929060956076,0.0024472506494466195,-0.03453894129308922,-0.021349470608564333,-0.013841200310495017,0.015995639396745837,0.014847709064470305,0.07116031513282645,-0.003727450376327323,0.025751462282482415,-0.0006200918487550902,0.00979114810825929,0.009188329835434442,0.060205107646839104,0.07585842202391901,0.02421096570286054,-0.07021079043548123,-0.06264607610017564,0.018533096850290143,0.08850130518616123,0.1198778028375556,0.14322359406540708,0.03646640281166047,-0.10918436989659137,-0.07583710739510942,-0.05827273256114102,-0.050181723691422986,-0.12052335942890463,0.11178108953328621,0.18569767530321588,-0.1311646498015263,-0.1351659556916361,-0.04738219731487377,0.10344070883699574,-0.0221125395816074,0.0920584494123407,0.014400950299747806,-0.055646243911612187,0.23501024350280303,0.044463316919794375,0.13411053510641457,0.19769641719441794,0.1684775849842579,0.38202918547855425,-0.22705520146815883,0.1441304403744621,-0.40600831960769845,0.06433283111152809,0.26362075788420564,-0.3150849670963354,0.04409820661036641,0.015444971842918324,-0.023986936574385918,0.10286231725791255,-0.05819193063527359,0.0009430660248447853,-0.0563006234361986,0.013539460279414835,-0.010929376152771722,0.004838807591776229,0.044839992326370245,-0.021171867806183825,-0.016308536425188196,0.0008236076942698591,-0.024331675620108906,-0.00949692644328301,0.028748662347107365,0.005459576631886898,-0.023118216223942237,0.007291818867635261,-0.0019426537914056241
neuron_076_hz,0.177253980227023,-0.006294140781684928,-0.08498087774394585,-0.08065022373999257,-0.11756556484745222,-0.1234383522124119,-0.1302870374503953,-0.28574683404934353,-0.15495886527639469,0.00164301218851467,-0.054917888662495,-0.00370409419624208,0.042770261856828896,0.17020625916659377,0.20241652291839973,0.09712932847223178,0.03463553469158329,-0.04406752061966505,0.19499601891132684,0.004611943442087332,0.1278658921891701,-0.021762999476290276,-0.05579045523163416,0.3876198451409797,-0.25206707485101254,-0.18119524364736853,-0.13135908140761832,0.0880402722894981,-0.08987429581363693,-0.23139278959982684,-0.07522144608689389,0.2600611946836213,-0.04061164648216635,0.11874801622405659,-0.12093585428854742,-0.1556228201276392,0.054365705370073444,-0.057866407280641075,0.11605757170529765,-0.11038715129399805,-0.02012107884382676,0.20309878536111486,0.06905199513674315,0.15357551489636737,0.015780243151766647,0.031491656178307764,-0.10222436391545975,-0.00433409050553933,0.07817499540342242,-0.12398948257866306,-0.10754328371207753,-0.07420429207436205,0.013335045134396296,0.10276132716896753,-0.10845299876976947,0.03076353050734383,0.03166774527407322,-0.07086336933178744,0.009415547126716599,0.018963005531255774,-0.05592851554128718,-0.0590691127326885,-0.006097283198745404,0.04465583632668972,0.000875643085571795,-0.003995537765682677,0.013217211966180045,0.005318329855435185,-0.012279658908016827,0.019304984739790088,-0.016675975379192243,0.008706363325016012,-0.01267486754662098,-0.0207253208107578,-0.02464001769637443,-0.021030393370761416,0.019444974546670046,-0.011479778151592068,0.008848786439761558,0.019971139014344982,-0.006617402851486084,-0.011896774127655649,-0.006364776118258211,-0.00021638009035676586,0.03131979866349088,0.005137397603439873,-0.015116712869927447,-0.005302775698848947,0.0016518377057660044,0.004881142434238664,0.015029410759128572,0.008348618923132694,0.0005041824315489137,0.0010505810379493434,0.0054003452893703965,-0.006647711191821198,0.012196380777347204,-0.001898329970596295,0.00017986035430602593,-0.008113641151694849
neuron_077_hz,0.009231449860623202,-0.07249353272431487,-0.061196488300413444,-0.08441426878025128,-0.07388778501644162,0.1588046974700028,0.010159610083039014,0.04592067655831919,0.015799035205838304,-0.04151643931206076,-0.013109300637925023,-0.0375939321928266,0.018538778627774668,0.0005593817636728525,0.019983225970685047,0.0028443434373321714,0.005387822734062471,-0.020611596901870734,0.010429773287666628,0.020707723215355023,-0.013290825894792907,0.03236369410061164,-0.034804943879180573,0.04816018936064634,-0.06663452116159929,0.0022290507050734126,-0.006453373949778414,-0.025987912131444538,0.02112054548217289,-0.052866502217849984,-0.05531477988335049,-0.026351830812598218,-0.02116294710192794,-0.06354651606112062,-0.10746577177470576,0.03875721068719707,0.04251715070353465,0.0167788526400807,-0.022896333241400498,0.018465314698172107,-0.021234487673877166,-0.044580780783671885,-0.05994085514645225,0.06726056192702817,-0.04692190983825837,-0.11368651506768253,-0.06417821838350146,0.04721238408827398,-0.0002416986857767243,-0.0994023793074924,-0.11151779614530546,-0.023406681731920592,-0.05030103292936422,-0.023764081812287223,-0.07277175582457647,0.03750379958007666,0.007499381460103956,-0.08509376401918022,0.133074974061287,-0.11609405542050404,0.3942106396052593,0.2792699016618669,-0.03886745058749951,-0.3033500843324131,0.1307892719230618,0.009593372281912226,-0.06586205340439391,-0.1448579797176365,-0.08243143840102336,0.12283294771019096,0.3105416923874296,-0.3446357406582693,0.19988114799765005,0.2105493207561896,-0.12128148362793945,0.09948509794428312,-0.16425999940729935,0.1126032597038649,-0.16210544793046663,0.0669785706607681,0.10427538272534623,-0.02492421131158466,-0.012548171388686954,0.03652324000853789,-0.038183044364527956,0.04249294253741018,0.010554883762357602,0.004369728350893255,-0.008007300166315942,0.03390520816451018,-0.017640871658896343,0.018068962413891443,-0.0034783544031785213,0.00406117244103197,-0.01704559930620175,-0.023236108072186977,0.007156739868660325,0.001694943835454453,0.0015714649628815087,0.004233046715962069
neuron_078_hz,-0.054373190940656506,0.15252553335375268,-0.024062360889671265,-0.02484456557378629,0.07769001869369031,0.1557403975837118,-0.006404496371568135,-0.2094533560913412,0.04527086062649727,-0.0012489796015966803,0.05834196050201269,-0.0010027416848788415,-0.039805737693616686,0.0059999933276346645,0.02175401640104766,0.05517857652705257,0.06453222388451878,0.04219861601128917,0.05885061831695115,-0.01868426033955866,0.004881998488739173,-0.0022252623489444137,-0.0016302301806996392,0.0063908190430720605,-0.04074613365691386,-0.019464318563633454,-0.03150062048126392,-0.01185442047896966,0.006596489532185754,-0.03680265197235062,-0.004140527771576051,0.030250876782184577,0.008329128296334705,-0.008409097926297057,0.024324298531046548,-0.06680779588645791,0.22212027408967105,0.12747419896707332,0.10086483026082141,-0.043309560421804075,-0.09101741509396176,-0.18797929646587502,-0.029897875443607592,-0.0019833482268362067,0.1504282627788156,-0.1286520837696114,-1.2265969940286961e-05,0.04052084894092926,-0.0627510650025048,0.18509727579680155,0.17335292273005645,-0.1230200380048151,-0.14308663577571612,-0.12660001359611073,-0.04812818712190958,-0.1187167489080509,-0.3121115424376802,0.09517750215996189,0.18766921533416656,-0.0779446301069543,-0.051122398004955244,-0.1076610928430378,-0.07043796884702369,-0.01713967874805787,0.24592620795138256,-0.010809516349420872,-0.013054948376634429,0.07203729023834228,-0.2477158995949684,-0.23414329932614353,0.0651757110319709,-0.01695013396813496,-0.11715680191495138,0.11517644702763599,-0.07097759039438034,0.04313774787420224,-0.17333631989085121,-0.2380323685132938,0.28267432008580146,-0.0409835982015982,0.04233495944373683,0.024457284478329823,-0.07459823287840395,0.026115633851801916,0.005832729637483991,0.036840079644897744,-0.003569772318480274,0.0262373030734515,0.017724068911021226,-0.020374703996494894,0.0016465517287966615,0.0007549183618332372,-0.006289772395385793,0.0009092437499954795,-0.005133318474716821,0.0008042226641358646,-0.0047609245399012875,-0.008731440432946994,-0.016552161145418312,0.0008874653839201149
neuron_079_hz,0.09785277170193378,-0.03989660670423379,-0.0554046518571745,-0.08464290607616191,-0.08855785989572638,0.06404770418994757,-0.04587976696602423,-0.016289892302872196,-0.004755093053268684,0.08995543267786553,0.009030240645165557,-0.11990435760592198,0.0037777782394969855,0.026266716235670076,-0.008057973782550555,-0.09600397418584092,-0.028376880005976757,-0.08629696963010865,0.09415852963377547,0.012303814432409715,-0.017349391716443514,0.026155247641870386,-0.14009747198992853,-0.026538195610898554,-0.05299289768935056,-0.06752504039593359,0.027432195191554862,-0.17198458028631536,-0.0775282301401301,-0.02961586623617773,0.059432108360963645,0.09998741629671386,-0.00017791452427362922,-0.2943433313371909,0.07409840150088048,0.010066621768355603,0.11140020011153626,0.020420252944683796,0.06549732718841418,0.037073085389022056,-0.057231452318732966,0.07379734698120055,-0.31697976137681644,0.3587309195065108,-0.16596723708426855,0.18573222281134644,0.210318864318059,0.11824163937640411,-0.19044668676249,0.08531859934498817,0.0556695111078642,0.033481568359361676,0.008607221377165936,0.033492635170304125,0.2752393570093741,-0.17414705391358218,0.06275002848510736,0.30404551709339306,-0.18603747972267906,-0.12484878833026275,0.06355331088659211,0.007516066306159558,0.0023866906678997046,0.12010347020304374,-0.027727362582753393,0.10621969942798691,0.03945122022903418,0.004549785480760068,-0.0011055006394712075,-0.006772016714929935,0.07431130118705223,0.08257761387712967,-0.026033104033148253,-0.015200369777099652,-0.03292746949231523,0.045087511433137425,-0.049012689502151055,-0.006430643508177052,-0.08398353768976247,0.00497842785005409,0.035386042270405864,-0.017627914165307762,-0.04752000599619552,0.014189229938231065,0.02836913511462289,0.0051725035479018786,0.016294419683387455,-0.01479459754577913,0.0015398390790217278,0.01378409811719658,0.01612205379732712,-0.013745867049814932,-0.0021689007709981972,0.001740013577904767,-0.008319714031445394,0.002201495835943084,-0.013541149628011949,0.011139032402841947,0.0017668404084456996,-0.008302377991705896
neuron_080_hz,-0.07545111692674886,0.11819706024219306,-0.028959435628450193,-0.05325959090668159,-0.09061570174823763,-0.05062991130902627,-0.015597616950239571,-0.10326267462956912,0.09022265993103942,-0.009601276198669819,0.011670990243510425,-0.10792751557839975,-0.029597893955311996,0.002226174922103294,-0.059566152408776676,-0.01548836861006118,-0.019446086782013882,-0.001432902520256879,-0.030349329156640292,-0.04507819199022051,-0.00021301819472799993,0.01154589236586153,0.04343903360990083,0.00673023832059208,-0.004604763504795502,0.0360716480034464,-0.016330614882065032,0.04085231818247312,-0.043441378250178124,0.10818177778448179,0.0547886478163877,-0.010394471118130577,0.025341371324902103,-0.07186978961887484,0.011493902555969208,0.01870306569089694,-0.030024905757000384,0.09795129450949079,-0.021408085837500725,-0.0695394500789462,-0.0236201327877038,0.005496504026882773,0.05547401595097404,0.027490647150483122,-0.007109090583679617,0.0003931003559996399,-0.051930202537117574,-0.08847293846164161,-0.032472734161265934,-0.060526003966730094,-0.13483533429580322,-0.07785907718247631,-0.20687814547430183,0.020572618753175564,0.09391052128570573,0.024156401264352978,0.02077965612191375,0.11692821290275299,0.07138248220401161,-0.03032581846558758,-0.010798317631408153,0.08161303754688363,0.15792796354556085,-0.014770731825700475,-0.15203199523344693,-0.16341197665172275,0.41940680127617835,-0.13284138463428485,-0.3206204704036917,0.40249623664756273,-0.33778517392323437,0.03950003211191918,0.056632198267690934,0.16116342705410355,-0.02086180588071231,-0.18898689955150294,-0.16963432571934292,-0.09209544176340163,0.02191144873605163,-0.0026470254533506876,-0.023505818725539564,0.023037568181383035,0.004100503210518927,0.0517344190144451,-0.0034589459376563308,-0.023700836294769607,-0.009491800297394104,-0.011131349055268622,-0.004625009012523565,0.020697927405263314,-0.01256932560014866,0.02685386094603743,0.020217566380854826,-0.019281775461569645,-0.01235693837842695,0.016826377692988573,-0.01256209053157659,0.006719944555778762,0.0022085730378303206,-0.0010495412533832738
neuron_081_hz,-0.04586035619441749,-0.14928397684868708,-0.06425921458908952,-0.10259877938567981,0.05884526216859661,0.11149126954923068,-0.001317382381317224,0.08496772160546216,0.11445079641900288,-0.03914686064153496,-0.0358454608688956,-0.1240814033857937,-0.14019463802629478,-0.013907334145901867,-0.0469160384487791,-0.03013410593546316,0.03848423075985516,0.09946221834038678,0.07715474434024358,-0.053444032084328394,-0.05633072668308248,-0.03991997894380999,-0.03198886643417605,0.014323011686382593,-0.028053708620349758,0.0346943311220627,-0.12315059231521351,0.04585806829034862,0.026461788390240853,-0.05829818965086869,0.014123137985783733,0.16827455539923641,0.013988179017072049,-0.0023907323371966244,0.04717324583492441,0.11054934067297544,0.02900628185662011,-0.023484654538870844,-0.2952397214939226,-0.19292719931505634,-0.0842701712021568,-0.11078333510608404,-0.010251438378377538,0.052327016860895706,-0.32584925806962645,0.12968776865967152,0.05248305929518532,-0.1594810381795078,0.08872408280444326,-0.12308693308881666,-0.102901993376994,-0.022864713039413773,-0.029468515277642097,-0.27744655148863306,-0.16812056829870575,-0.12802348149577766,0.20750966836457804,0.11741008091319,0.0835200635365138,0.2748398271035189,-0.22125082099658377,-0.10226074161797243,-0.0013132745062029855,0.0020003010360674367,0.20173058179001813,0.10650533612418597,0.06429923228103478,0.1097552472031393,0.03367031923362465,-0.07447816041276684,-0.06283558674635038,-0.20508354981351684,0.07622341270400915,0.0340765010298387,0.04460970444379934,-0.018774787360753324,-0.00739749800912301,-0.016651940623672687,0.024519328779480536,0.029817905179783645,-0.005475675906558461,0.04729746307809321,0.004078269801466458,0.004144408274581268,-0.0003240095138500338,0.0021862302502445204,-0.013468826521915929,0.02440799160905137,0.012825031837142488,0.005200079008751662,-0.004767898013998198,0.025629889058529826,0.002835550477415731,0.006516476663583036,-0.001395974008301791,0.005049552153720771,-0.00148994357249577,-0.008695387849376348,-0.010849412334143958,0.0032223721536186606
neuron_082_hz,0.08203841142490743,0.09752459481051547,0.003280352646598407,0.002783180021333212,0.11774266342309496,0.046755992892713275,-0.04374761861623006,0.03490956756964534,-0.04515213185311352,-0.031838780179281156,0.03497353149405176,0.04853398865129254,0.012304074859860957,-0.009884558974197077,0.0005957699580894059,-0.039968809174102164,0.021156536213781645,0.1262613582490936,0.03956338759929749,0.0012183265289464236,0.055524912874622925,-0.09677905046867859,-0.16607428384783554,-0.04576457543885716,-0.07847161694373786,-0.09300822632384732,-0.017416718257919628,0.07519165583318256,0.04116327772762385,-0.057153812452923225,0.11953799696214801,-0.05676237414180832,-0.014686246142447278,0.037035847097393895,0.32729230775764684,-0.07992667312826278,0.015640179765595036,-0.11289236939009305,0.03846086337972538,-0.18639225501238926,-0.3647340231890471,0.10779155538322165,0.12523810548108608,-0.06562182121453947,-0.0037387669013068253,-0.30699324008969286,-0.13688863878040433,-0.28383430774354496,-0.3327458735601433,0.08051486498550987,-0.09481314848179134,0.20025360091904412,0.15049631803020502,0.034798425832107044,0.056161721014489185,-0.10896328711516148,-0.1134811236392135,0.07548845206557052,-0.15634073641974366,0.1695656522919407,0.09004055528124902,0.1332421590290447,0.025222507375662666,-0.0376095445164448,-0.02035637940211149,0.10255693673878097,-0.011315710780672412,-0.0015351004255770191,0.01565483266274892,0.05514286424337892,0.009355797393427012,0.0034453925867539356,0.02867802099080554,0.03227757236001859,0.021680970696444604,-0.04231981804880117,0.009784312318064384,0.05245293367515946,-0.007027611190265827,-0.030662259891497713,-0.0017991487516423807,-0.029261031962289394,0.002674729036253539,0.012863634855965242,-0.007805205041101515,-0.0137476432219822,-0.008360227500825011,0.030573511896282112,-0.002898535627437803,0.013770329248565208,0.017180584635984,-0.005584298327682896,-0.0048178860132819246,-0.00036719305881552713,-0.00868996915427359,0.004803760636782114,-0.004003492160186676,-0.001651407508987686,0.0017180537647566779,0.005228900613947862
neuron_083_hz,-0.007071404935504709,-0.010342699360497814,-0.01900386892370949,0.11974194483195108,-0.03408163946789407,0.0274355420735706,-0.060238714741550556,-0.010685213194085164,0.01360711396351077,0.004827588460260356,0.004586136847377452,-0.006971330038613085,0.0021463158846481718,0.009962461497379248,0.006790583241195061,0.0039319192541278965,-0.0040368374550618785,-0.0047826800445408555,-0.006675279982865653,-0.005153210940434661,0.00913134308276372,-0.00953324418591322,9.141090931334347e-05,-0.0028190353427327355,-0.011895316505581247,0.006963720222532069,0.013306741767066898,0.002860450303802834,0.0022267595471301372,0.0170545535293138,0.006207174519051546,0.0010040238602781124,-0.0029074584017163615,-0.0025207747658245253,-0.006362551636524903,6.83112054487775e-05,-0.009552346348372459,0.003918795422052486,0.010387276605817612,-0.0009311551920881816,-0.019813477559277315,-0.011723335337471937,0.0031368682433710066,-0.0202183975428345,-0.014338394950614345,0.007838363867671892,-0.0022020611974015985,0.00402482362330845,0.004207544953530761,-0.021522438063672558,-0.004173329204922797,-0.005653368525794988,0.0012520837337913863,0.004285566227182243,0.014404812701832932,0.01201627662349267,-0.015119889910639893,0.006025673530889728,0.007536139746857899,0.004558460187146632,0.02768135163000252,0.03115633083292116,0.013969138136974226,-0.0024265513519480214,-0.002756791979409319,0.013726237514486659,0.002551334181076184,0.010167773583448086,0.016674433642407477,-0.02798174203132789,-0.013406137472563195,-0.006847163037949362,0.0013576534990220462,0.005243217772172022,-0.0013702306704808966,0.019920885170135634,0.024499813413092753,-0.011781129224700607,0.0014865452091834847,-0.018231464094707744,0.06169834986335115,-0.0015242396653867493,0.20391317142141172,0.053689081895033255,0.17824630807738873,0.2120347513642943,0.2144871971276744,-0.1140335852596815,0.30065921285189784,0.013530312096725575,0.25397496859341656,0.2923413524310671,0.11079129819236574,0.09969668698486027,-0.06770009298719015,0.6514516371292212,0.04066840306454106,-0.1896843888502879,-0.12817985616037758,-0.20111477247381307
neuron_084_hz,0.13829531676189016,-0.0524246372027879,-0.08170449804925899,-0.11888011037589,-0.164436783449804,0.07044442511510847,-0.045415892666203515,-0.14746676308302553,0.06381115248963115,0.09331671996816193,0.12567418223616988,0.27033771336865026,0.2974157560852334,-0.1093479571526687,-0.03471571597253581,0.1434643007607878,-0.04718422558020872,-0.26383890441480445,-0.31264040614259014,-0.08597710184638238,-0.07998958333254667,-0.16909219121622024,0.08215577696834228,0.19954675451803572,0.07723022232285964,-0.047187402654113406,0.19138598095127238,-0.13569415304627083,0.0939201508584488,0.28659917827750386,0.06129851168683023,-0.07025752818792394,0.06365607436980669,0.009688908816511011,-0.2592089083800917,0.0005417693856702918,0.1620634641806305,-0.1602794211010152,-0.15055232542327734,-0.07582597856671358,-0.1113893099247592,-0.023278868009453488,0.03919819614197073,0.06418654739481947,-0.12518736275958323,-0.08832489564899906,-0.022655873868815554,-0.052927268266068,-0.07866046141236274,0.03296507574049044,-0.08218089689936099,0.008150555905022379,0.014697589439630065,-0.07807578319069426,-0.05465315518444523,0.0197251774034536,-0.02415807137066897,0.0631084272913803,-0.02731395495793728,0.11368988648477206,-0.038428675944411336,-0.0727273081430028,0.003996408487167535,0.04512256260914584,0.010914355057756439,0.016493639486244438,-0.009359411576176889,-0.009489693679535314,-0.005958894764099887,-0.005462602137665452,0.04196240247794062,0.05703599212062645,-0.02686435867895179,0.007683594650425063,0.0057348384156351295,0.01421069141863962,-0.002740465304978998,0.004356644452644026,0.001947173043069253,0.0075787496604887705,0.009309873806155104,0.009482586476793856,-0.016089844106100284,-0.0019474628307099423,-0.014092549387617129,-0.0019934880241172376,0.0023089709262839875,-0.0037174413544896062,0.006552422877023137,-0.003681774853053932,-0.0013538441289970837,0.015382419647978318,0.008673546122440067,-0.0036017757228065245,0.010333471023975471,-0.008729905115702132,-0.01293020004672063,-0.009199197912856505,0.00798856559007894,0.0008419227102532539
neuron_085_hz,-0.008607865576407869,-0.013195640330508273,-0.01935638123490123,0.15528548282464125,-0.05158472313778087,0.03550403618324557,-0.11194037621205087,-0.011712292505190198,0.006899749907604764,0.008835520931262811,0.013045107999331979,-0.0016650550415197956,-0.0031659232913720334,0.000575422524276328,0.007910385154215502,8.665936807230462e-05,-0.0046388759559027465,-0.0030436272784489446,0.017650921944821343,-0.01546721598561672,-0.013435844625572173,0.0031569669094614755,0.010113289173089832,-0.009612756658353773,-0.00855003815894835,0.03740058828280158,-0.007947404117593718,0.0009743025418513232,-0.002620724368894453,-0.007645856908168103,0.01841973270437814,-0.0025330499457775005,-0.001946457846145777,-0.002789008356036099,0.022970685055707808,0.013050329308766349,0.0072681713530143785,0.004217812687504464,-0.007637863194690602,-0.01658984938370276,-0.016011507064059405,-0.011155947050137144,0.005273493902128841,-0.0022469268893147744,-0.01444811602794975,0.011730248629949175,0.003257564235845424,0.004909033366423454,0.008779350123821618,0.0032012516961150914,-0.0003109962479584394,0.03156642546929538,-0.006984989281174268,0.019598931656372814,0.008193331413959264,0.01105135302137357,-0.023777465211335346,-0.0018377930066248646,0.017990526983303626,0.0021253552899417397,0.027016192285485716,-0.027218554281786364,-0.06518315431285532,-0.05675210402782006,-0.07014319823587958,7.902026105874316e-05,0.05918576460242576,-0.02038912461293338,0.01814024882201369,-0.0006971845110060292,0.01463922018296513,0.009775704543529065,0.027534775411144696,-0.06946219446538472,-0.02223599654472256,0.0138117387265164,-0.043700484108222235,-0.008499858614121444,-0.029890085049786373,-0.059085388466247585,0.057966526288034934,0.0888159944057435,-0.17072952069269726,-0.3195648995249788,0.015835063133088426,-0.24640377206615663,-0.22256907742680498,-0.023738247080884393,0.45264329204687803,0.03388945201288962,0.03413186745932997,0.39383121762184736,-0.1162557647108242,0.22608670397344716,0.11894922277534198,-0.27891683362054165,0.024136105291013607,-0.11116021056798685,-0.3314893194900922,0.15664737910697463
neuron_086_hz,0.26760643041642157,0.038307577881953395,0.038014157223443715,-0.08231144739375904,-0.029273873526655624,-0.00903738870003832,-0.1493465345145708,0.05579400842204414,0.16231142282714933,0.6770034370654715,-0.2022200052295167,-0.10560504952492766,-0.08364969549634635,0.2687204428271916,0.1940618865837198,0.07838834133312383,-0.007367679078514294,0.1719157303095471,-0.06564654136311986,0.184550994870965,-0.05384893670864237,-0.08621875723705079,0.10272090152649761,-0.11549656254484723,-0.05075854742332689,0.036182399400944754,-0.09448676411110479,-0.050574202059369924,0.042778621943720535,0.0313341361114805,-0.05436174198468867,-0.09313530447481229,0.11141212302221298,-0.08184442462602648,-0.08982704971915537,0.07378648382490072,0.0026739706784264725,-0.053234607092961184,0.03313742134081543,-0.08373965359258065,0.03735933863091756,-0.03871547824936171,-0.000654333113831073,-0.12148111909945652,0.0820314473065359,0.05186755048360295,0.001874718502668453,-0.07593970045809068,-0.04251266262748239,0.038200309554315276,0.023005300308223287,0.0035157996188218965,0.03185590863737646,-0.08201746241237802,0.00743732681181032,0.001486098499382249,-0.0285774862207585,-0.05752736682166112,-0.0160543929857411,0.020034575044890035,0.01053825796637825,0.013202548201794534,0.011715681083530324,-0.037219248121782914,-0.002955480607549521,-0.012563892210040811,0.00017610162393787154,-0.014655357057190538,-0.007487877779149825,0.014512953307333099,-0.000306162021477957,-0.024555071329073676,0.012271325962643964,0.016843262620937327,0.0296535756808035,-0.014177272775361405,0.009174119962330779,0.01804761953533149,0.02817443768742265,0.01180021351560262,-0.008158881158187303,0.01904518179222533,0.0078079938110537095,0.010867568138960448,-0.0030339900940576144,-0.012968478717379012,0.0007197743057153205,0.017053358351751736,0.004341269767322159,-0.0036362986659434077,0.008888030015945264,-0.012993017300470477,0.004831231730055797,-0.0021614250715302928,0.020626437199461695,0.0012664626746756863,-0.005157770954374391,0.0036078922483715747,-0.002356497847802397,0.002645708715706435
neuron_087_hz,-0.067206532859217,0.09711860159540134,-0.022033133654209395,-0.04102679612526216,-0.095461937471684,-0.08706844737768496,-0.004394568113907848,0.10833896300517191,0.013339082933108159,0.005736487286404905,-0.01593663388708418,0.018952722978345667,0.029258494218910233,0.0018187805963865598,0.021306313743729995,-0.012089616831076993,-0.006696187187697404,-0.018561327078626497,0.0017890766538769497,-0.0022876500512390013,0.024092548742495362,-0.004724501196692899,-0.0014268100957182065,-0.01632679111365878,-0.00916205094022586,0.0136735175054606,0.02712598567669064,-0.015146092045959266,0.0002694924126700471,-0.02958655092635512,-0.03317226927291127,-0.012215141641531709,0.00660304956800051,0.028914677216668988,-0.024642378621469285,-0.03479511829642924,-0.05326269209776768,-0.0632801433595512,-0.030054095348655725,0.001721641354944306,0.004562144918248245,0.05976409509725176,-0.05063713679431013,-0.037177218628869066,-0.0064083387021081715,0.0705684441892106,0.005879976559869934,0.03648259939059737,0.07509052180774621,-0.06322362628601763,0.014767647747498586,-0.05433165470395797,-0.0844501316972541,0.008381822094514184,-0.0031650280312789172,-0.1369185192727085,-0.16575527756227554,0.015197648096184548,0.010967687664511547,0.1917040517359605,0.03948196506452683,0.10004311244401162,-0.11753219381103684,0.011995871700876255,-0.10679017244688652,0.1528819879314922,-0.19431750132169298,0.4030600190629786,-0.3584705393567049,0.23166333853210508,-0.07667450027323251,0.13004352956486265,0.2873917949222452,0.029914634362239415,0.08898602576084752,0.44838834510621695,0.1784610485449739,-0.08778054821313244,0.0008660486562656472,-0.04814507020075563,-0.025955990254326537,-0.06509896032541211,-0.07744661991560489,-0.05650189643197888,-0.023034279201440046,0.04677287428091273,0.038714336992018955,0.020395078932444355,0.0068573693499712485,-0.02241431688561213,0.01135947176210466,-0.005472259580038144,0.009119305970530386,0.017476929061710927,0.008237074627185134,-0.014230057869810409,-0.028611600701427643,-0.0013410024321970568,-0.006474132351864878,-0.005625132051099976
neuron_088_hz,0.010001218479088523,-0.005171107676010643,-0.036491168276665334,0.13785671538035635,-0.03745934370392485,0.02023354530168724,-0.02021133046409161,-0.011118898768044635,0.033236046519714194,-0.01658295173332997,0.0058232396851206555,-0.03268230752498167,-0.0038499484543385943,-0.0044869343178939045,-0.007895485456937822,-0.0014293113222737918,-0.027824274664125168,0.011127083531332235,-0.013453133382290204,0.018806978016112766,-0.007353178062709173,-0.0024030563375193187,0.02355613831949074,-0.00211519572945695,-0.006260341503195276,-0.008325275090878739,0.013050969252520556,-0.005277718524317233,-0.014191955768487585,-0.025665130970601854,-0.02773492102710877,0.00999131599688012,0.0012519988950412501,0.0003688736143095499,-0.01574869527854422,0.011995493051698142,0.014932570492581003,-0.005548290632429729,0.006073272061344131,0.0008925272943968374,-0.04379229670479576,0.024024723926941837,-0.01555090540655138,-0.009815813634196785,0.02948365254197185,0.04271456664418481,0.003288190986493734,-0.008954005112026365,-0.006701390642658549,-0.03781814176038467,-0.028179418027335056,0.0024903944426243607,-0.00949580586136862,0.016408589426440526,0.002566391980182336,-0.009885392720433876,-0.00896282171205643,-0.0009138261889295313,0.0006445584012095551,-0.027951695993993997,-0.014249447879830745,0.028229749600648453,0.02236633655964291,0.034060539913685385,0.06749979168974954,0.0004749420733777647,0.01654317500885519,-0.0420881801791573,0.002415341422203116,0.057589826294630705,-0.006378317270836525,-0.03278254375086408,0.00015410684386695656,-0.10297041362474404,0.05979069293114368,-0.07045303821183681,0.17277787699683614,0.06825526298104609,0.07320533587712098,-0.2344814013483408,0.46111697556000664,0.2309410278565084,-0.31470883741941136,0.011673471735403784,-0.4136690221765418,0.017210710983080642,0.037798344734441276,0.011734892672980335,-0.35529402439963287,-0.24282805308177205,0.18704413081618226,0.21831055450002124,0.1239376871917781,-0.017348873553825958,-0.03739228667714211,0.074876125261385,0.0067895029267213474,-0.058300002788642946,-0.012520263949894236,0.02623991717176226
neuron_089_hz,0.18798236445874844,-0.010096738830617487,-0.07389165213356085,-0.0886558501949333,-0.08813652032466311,-0.04161463231035108,-0.11345862175425145,-0.08478833971576374,-0.020177405409720673,-0.07585993196946077,-0.04999671947137397,0.1396450045620353,0.11792657412424139,-0.08071468534859806,-0.20879124820321115,0.38059843250747716,-0.22779893599269962,0.10780593771612383,-0.0649525308212949,0.05045913073690607,0.16017606246177155,-0.18266684086418083,0.3361708487549033,-0.37365571267613235,0.07743909245409253,-0.1013835922168871,-0.09989103799208977,0.22962199317973134,-0.11468567695714257,-0.09303807533620674,0.07397313215706347,0.11201739380552853,-0.010445668093068461,0.0516128433545254,0.2693797827030299,-0.0386050489232429,0.04602213650150441,0.02503292977161553,-0.10544084402966385,0.06500403610782587,0.061005808462014297,-0.00788153250546865,-0.10189512412352544,0.16316200172632422,0.042628679784661574,0.07849951003834948,0.06507350346487692,-0.027028527487916988,0.04319954963937586,-0.07472200110457279,0.04580667953424792,-0.03867253064433055,-0.014217803856384874,0.045654469556616985,-0.015623315811081569,0.001025887407047947,-0.0027294355552932026,-0.0048864688499432665,0.04519564345017135,0.008284257100368217,0.07367249465602242,0.058289531690377025,-0.01838326817898521,-0.020523138409260528,0.04173182166457667,0.020239110128774718,-0.006035575678328818,-0.023321670349726736,0.008279090183046234,0.014816965420475697,0.02552054475058238,-0.0168450746453551,0.0027520348396185106,-0.010279365912700917,-0.01721788234084754,-0.006612749085163072,0.007574934448622894,-0.0002707260648638944,0.03987695678522195,0.007108629503609212,-0.003605978836193194,-0.02943560258635717,0.012601261325497902,0.004312016292312801,0.011782431013159404,-0.023762492834950216,0.005426107892543441,0.007727213932035723,-0.00270868119555355,0.009092005154920056,0.016365309205448,-0.02457918808878877,0.0033879421558139083,0.0218582469659995,-0.00244191931804634,0.009159404889126543,0.01683624246609591,0.0033789584541644227,-0.010696321168226261,0.006894606886657474
neuron_090_hz,-0.07102641098452758,0.10744360168614812,-0.022042186982108483,-0.04219624104402956,-0.10097858171970542,-0.08842140641342987,-0.0002791390412751151,0.11311452446507693,0.019755794624963584,-0.006075052378658417,-0.009536807086915988,0.019198340685419587,0.04649178842097481,0.009477805062546642,0.010267490352853795,-0.013581177612204925,-0.033857562038303125,-0.019510640922207504,0.013276571715421376,0.007538628117615985,0.025879957291167096,-0.011493203982147805,-0.023391533091665088,-0.02639106306760039,0.029196275115618654,-0.0020948738233336067,0.0497461857164313,0.00424142627974841,-0.004969247121294283,-0.019907039679228983,-0.009662298910281593,0.022727649445398845,0.011485970745643191,0.015402985075345672,-0.05607481524541065,-0.053744866039956485,-0.034220605248695565,-0.01307759576998705,-0.03375602643698877,-0.02199246019283476,-0.03360328958406922,0.05324417116885828,-0.04940549168197286,-0.11045038847690833,-0.011104466995177073,0.04042668059580478,0.017647802967689655,0.028369077682382733,-0.020795257897837628,-0.05897676265964013,-0.03272306939743869,-0.13381255402684622,0.04764969529408715,0.07239446434669045,0.03180896577078586,-0.19466755970762925,-0.19493328029470325,-0.02528016129283015,-0.06620609509020368,-0.09647555069920612,-0.1068057571510016,-0.15282602788521005,0.1314575067426972,-0.13007515983887508,0.21921409657048324,0.04019656893885626,0.12675560572660033,-0.1594583107313093,0.45467844245824085,0.03610357202530221,-0.03906198314663697,0.19457624971824725,0.43047349087138287,0.24377917701678523,-0.28002741892344696,0.07719949544401043,0.056113011686392954,-0.05897873891593142,0.18437991067943993,0.0010303600686903877,0.007765327061675237,0.04810107280788849,-0.013579105294659194,0.03575905925089783,0.02741610439087013,-0.031891585957667154,-0.002724901928627149,0.03953050490867053,0.018399589364869642,0.0035358055413490797,0.025278626906892157,-0.012987987111171384,-0.014104115539207027,-0.00892585084793833,0.0022627668585222427,0.0001289217604038273,0.00443846886374279,0.009994865889213674,-0.005109359658216989,0.013830475137570818
neuron_091_hz,0.011699992382667277,-0.07724435572717378,-0.0656903317925169,-0.09559669489216904,-0.07783944605583848,0.17094224573103448,0.009373211542657486,0.03758137157221091,0.02770045322097954,-0.029358388916484967,-0.006891453425779377,-0.002759040508678471,0.01600010981343955,0.0029424589910487893,0.016215134107252404,-0.04063895553079778,-0.020731268190027585,0.049635554135093365,-0.01825523484083784,-0.038662634656229086,-0.04735121320170933,0.017386948089514423,-0.03987696616087478,-0.026431890753417328,-0.06412403345618035,-0.028163919220369527,-0.017190793658357136,-0.008404178621638447,0.020521206733233946,-0.1002192065396055,-0.08030453806154858,0.029373356540508655,-0.0024419054128192105,-0.08434023000869242,-0.06536689881863444,0.10833050424705862,0.01312747521967461,0.050222783072681916,-0.019175621886359743,-0.00938059248280905,-0.028783526271751313,-0.02183129305567368,-0.052625908500224014,0.0014506271129975414,-0.07359630804135187,-0.030531410963264848,-0.08312650966262655,0.027317391287662966,-0.007881735155216195,-0.08055045627835607,-0.08442878134415335,0.0293181382333557,-0.10880813322121022,-0.04418709736890862,-0.06816397111739182,0.07197344454709675,0.01912134175773594,-0.09655079775001335,0.10807138997225277,-0.0009502373378725074,0.2504268630648966,0.28116855730556856,0.050881308951916046,-0.24621488842654923,0.13087280013928007,0.04072820089330644,0.035128956088403114,0.25516756450604655,0.1823274524217397,-0.06694898968330146,-0.23018036771572065,0.5497335869664258,-0.2656909517670219,-0.13348736181152204,-0.030342129059946585,-0.050340716977310324,-0.034430934876631104,0.029740684562056613,0.10144735811218462,-0.08516662590483262,-0.04565519761034706,0.02401583507145617,0.018017860693438983,0.03148372047157819,-0.008624012337927757,-0.03488297837809248,-0.004477737906439858,0.018319473221308613,-0.0025654641519181273,-0.020393727677804452,-0.0010597576510002343,-0.02833717316829938,-0.02439098576794564,0.019960009451253487,0.0003175324414364522,0.005607092281343295,-0.020252557192207116,0.011610176658718163,-0.010340388145470523,0.016669995955925113
neuron_092_hz,0.14881104568769282,-0.06770540655164706,-0.11806189722097436,-0.09893883468901339,-0.11310485373101727,0.0924414500745372,0.02267354277299583,-0.021239215864012347,0.0395065810563758,-0.13302442434397105,0.1111346542558798,0.046512124478953844,-0.0854583324706202,0.04814142421031853,-0.006740259505426505,0.09541553056650533,0.26236453440124313,-0.2973694582058239,-0.062311247461314,0.4213651317591662,0.452235627772794,0.35232504708607865,-0.0685033270080804,-0.15534226215889047,-0.0950007360070802,0.08993659977048483,-0.0260034667932737,-0.09546982629354048,0.010031310012099452,0.16787402000158902,-0.1318864370076917,0.055696349066979754,0.10473301447040796,0.018498629654358195,0.07579988612196378,0.006936689286139414,-0.08340255521989186,-0.04898215986893474,0.0053302576954454145,0.002782137822962459,-0.006087070791745683,-0.030105772787870584,0.02400352558878649,-0.1276707380586356,0.014463475541084458,0.06836287898135066,-0.08207376910866881,-0.13933591430696826,0.05067945560965443,0.007869141953526672,0.03218090656829983,0.043247800928733524,-0.01449612730228693,-0.04793603186821946,0.05253274209635561,-0.0191175383302074,0.020263258774187595,0.05883256561129723,-0.0239005034600891,0.013886744552869958,-0.03310258038283883,0.009531381347489098,0.03835093501708754,-0.014301874704826537,0.03426158029516672,-0.013177191122933418,0.021579942659293413,0.01686681300646142,0.0015536081560897537,-0.001046560854347801,0.015694664457275555,-0.0043392860115716025,-0.024133946003012757,-0.023785106937608384,-0.014865237315101032,0.006065609499520301,-0.004409612402350889,0.015658495727355747,0.04619759898768509,-0.011226147034598299,-0.002070739864884333,-0.017120224420037924,-0.013311280552925062,-0.030660537724607962,0.009309504589911064,-0.00037622381663290905,-0.0025509919338416454,0.0029611594266505392,0.008234165184819314,-0.010676129328080292,0.012720733926596221,-0.004975142224391688,-0.003952777103310983,0.0007833370995962013,0.011293246369544808,-0.004560617825433499,-0.01610583444255809,-0.013794185529729525,-0.005342126301092223,0.002526902391597627
neuron_093_hz,0.1902746388723596,0.028320111320962238,-0.10536707256645594,-0.00271027545206106,-0.018926489909473123,-0.1462781214236675,0.024342915098940994,-0.07656755174741957,-0.13106603333438197,-0.03359240051069655,0.038116042915603096,-0.2636281427442781,-0.019974668201485222,-0.0934364693455179,-0.15067766002776162,0.02610865689351921,0.34532634509733373,-0.28132275510606536,0.12786088530995635,0.08792943527637775,-0.2895054628795909,-0.3216734735853694,0.18199735341519124,-0.14221956400707036,-0.10746565267050177,0.0822746564008919,0.1797259501046175,-0.008774789912300976,0.3783739272652134,-0.15411172573171644,-0.15305709125632333,-0.11625250992970433,-0.07493320794392372,0.0036392221500678723,0.052957762508699734,-0.016213150469628238,-0.0684981634178782,0.172526050085268,0.05012175506621877,-0.0764837532532776,-0.06758961300531269,0.0005530880849260039,-0.019645795492088287,0.02962993691955071,0.009607425600553415,-0.008412556981597158,-0.039956081218883825,-0.025663856368476404,0.09317107655525052,-0.054752474883877,0.016349261040972608,0.03929430019671051,0.002175722164442291,0.010684906127780478,0.012751202994424681,-0.01129167611463558,0.02562964528243098,-0.02562728802863399,-0.04450636377325301,-0.018018484593834337,-0.03830913684303444,-0.006543652017499707,0.004545622209665104,-0.02251830065730462,0.002614412697387755,0.00880938446320502,0.007148477830728667,0.012309570991221066,0.005924134846580904,-0.008452851819604968,0.015611859045127272,0.029442404293549093,0.011048595961109764,0.020593348529204678,0.010843301509811068,0.009130403045148412,-0.026766450302468516,-0.0066742460874114895,-0.0044744102378083146,-0.014660719886541218,-0.008283433814077402,0.003184054590737617,0.006573749527350813,-0.009111250888077571,-0.011263917006956729,0.0103464887586293,-0.0029416839467651112,0.01383668521494151,0.01612649375735177,-0.002674026481838128,-0.002368614745583142,-0.003474385377481886,0.014174039940378767,-0.021903157338507916,-0.004942568852978002,0.0019105647296559,0.0019483940785704548,0.0017852882997717312,-0.0003111542267556708,-0.005109493605235174
neuron_094_hz,0.03002184002111173,0.16226172685740184,-0.012148017263845573,0.01969331211444162,0.25552669604351524,0.23582560929899143,-0.034616803693694735,0.11270639067551319,-0.13720285968379728,-0.0032180015164708143,-0.023356377431639257,0.11837154828584467,0.044995401589935896,0.05016200450724907,0.21601356906108468,0.03965538150559618,0.056174000177654414,-0.004392881535900499,0.11639581880173488,0.04098981884985327,0.0935316525635433,-0.034893910663956654,0.004339858806251332,-0.10425464598984688,0.10781712724081233,-0.023535408978744246,0.11964380941917084,-0.12439791298993003,0.1853371263332756,-0.07121086340012187,-0.13309920196295064,-0.06581490852533523,-0.0383127518065077,-0.04153816395305891,-0.022945201116666723,-0.1382953855146785,0.15042519573711255,0.01336972311068738,-0.2881054219841115,0.1080123029770649,-0.009569623873404945,0.1774416395102809,0.3038298414049715,-0.027474329214020876,0.062150069396046684,0.16542338970768714,0.2615835074342583,0.030791028074431764,-0.21591255169451928,-0.1012253121816844,-0.0065779736906221575,-0.1263915744158759,-0.10391546513990851,0.2104531140375463,-0.16704800839195288,0.0216375320539883,0.1839975579296099,0.10749133049351065,0.10802200984627475,-0.03253925317423014,0.02405560878572244,0.021583987261173998,-0.004856248592156387,0.06837834257976737,0.04291112985626297,0.001024483200356363,0.09157360884420565,0.007871916490856647,-0.0511412168573781,0.04339183107708726,0.0294650149607125,0.03834578536172761,0.01564047517333375,-0.031163541132530826,-0.02636035702481418,-0.009384672845683378,-0.0020870058960466113,0.01702782043229232,0.015986680495544095,-0.007809151871163957,-0.01264257959446604,0.006198879471422898,0.005173223012231366,-0.026572854488822503,0.0065256992989740775,-0.005538334600653769,0.008497002797004702,-0.0008977846531293063,0.005876181581808228,0.036476690184903474,-0.0025959310733480664,-0.0023301174938028593,0.011917050996196797,0.003778894455010881,0.0068619888357219425,0.010003706869398126,-0.014841729993574318,-0.007427148420750502,0.0005219008545539333,0.0005676507612669968
neuron_095_hz,0.17588758332559853,0.19275220068920154,-0.03028468892907536,0.07054078654651887,0.2221244279039954,0.08213125458772094,0.12167664543239029,0.22603309565689916,0.16217277547285253,0.15798222934590492,0.6296657352374645,-0.08113196257117804,0.1650442813545103,0.016566791343735152,-0.028040898424156472,0.18532026824188663,-0.001003737710449773,-0.008124720974896686,0.12049825989562837,-0.03553439019393151,-0.13541176935770827,0.1562807178692949,0.20062463424472338,0.15553700641436188,-0.20873140805122642,0.005672728620429418,-0.0746453405036504,0.08972136624207455,-0.09855405276649679,-0.015233464931519234,0.09098086870133956,0.06395009375552162,-0.01602268089109448,0.006672978918157865,0.04930284023284242,-0.006106968426727467,-0.14548541945262752,-0.048517291710385206,0.020400453192522195,0.11905472105805187,-0.02279732362281954,0.013775823418736333,-0.034388339703704154,-0.06447266350878787,-0.1151699330961788,0.046972349186047146,-0.02620390684978275,0.06643434289339731,0.036590148261305765,0.013966447139852359,-0.013203244440074952,-0.025024567780383276,0.00021212389812032967,0.05170743325638924,-0.027084797720929067,0.024136192532510675,0.0035376312645386265,0.029684297045608155,0.019975902754129422,-0.01060461447300877,0.02650384356364388,0.015668527224038553,0.00963264752554377,0.03646225520949059,0.040224488599132906,0.013309423555631916,0.018023404314969217,-0.010464024791907223,0.002735946562722899,0.017217268293030726,0.0005898873796514117,0.01675323187860457,-0.001959988344970867,0.01148684397902694,0.022288171045467035,0.005209883994159059,-0.0050531532867488516,0.027881791606114245,0.0013636514541903802,-0.0017441248726574113,-0.017169656684390303,0.023748641185166418,-0.002021325219083603,-0.010550100721665595,0.008308657581049816,0.011341381348502363,0.01736385429175441,0.019216427517933843,0.010371246623205654,0.012555281655419304,-0.006373133466418851,-0.008436780859414184,-0.009642213636936438,-0.012362868553797784,0.0026259319327197467,-0.005813388739004138,0.006784735245092155,0.0013555717107157361,-0.005668413328137889,-0.004375065766345214
neuron_096_hz,-0.0990925764192203,0.22171941893413835,-0.039216235274500355,-0.061477039304651725,-0.007262943664201381,0.07931875840484812,-0.019378073445126587,-0.22418403246193994,0.10911492178745541,-0.013150596171923077,-0.030766104150778135,-0.11329671138838017,-0.007065753807432273,0.03103730577222838,0.008363169726754882,-0.02203599897638661,0.005262786349065282,0.013366518429750299,0.0017611389980008788,-0.021769945621391264,-0.05559596821266451,0.0607529888715337,0.03305357829006302,-0.01424126254570622,0.02728494072804266,-0.05977013958488483,0.043442463825965054,-0.007426669114590771,0.005816902496053891,0.0704554716388964,-0.030134140145077898,-0.038594735154299675,-0.1158725254380916,-0.04087480177742188,0.07705433068456635,-0.14710459803792642,-0.24590117143669485,-0.08126882662813845,-0.3305377634989105,-0.0295583535323184,0.23973740763347415,0.38508509174071204,-0.20507421204117138,-0.10005137525814689,-0.06022589283011399,-0.15316165902766696,-0.0917390465143582,-0.05563826579040339,-0.11621568607161561,-0.1253962345712173,0.025707237575308725,-0.18426617435536446,-0.14674076631582325,-0.14550693163942277,0.1914686221227887,-0.011471304089841261,-0.012778306660882782,-0.14907337063535453,-0.17117454004140503,0.03283550953963377,0.10985586616958869,-0.1898053988770083,0.030883242499020094,-0.0727921899496647,0.052456990247261,-0.05684340732937496,-0.05886895413096081,0.04617497992258725,-0.040186369018715515,-0.10650680111970037,0.0923420700711597,-0.04656014610887308,-0.1345896575577156,-0.04152238668741401,0.020885477666460307,-0.02759793271552813,0.014822294484387426,0.03782906944732057,-0.007313293133250905,0.004142917419718565,0.03114902956061548,0.015727811644004216,0.024593549831174226,-0.02386244149677617,0.0019817659046164338,0.006925029939693315,-0.02112004428343596,0.010250521628592385,0.015216773879733197,-0.013650765522588145,0.014509450097568877,0.0066524420940759325,-0.005015185656775223,0.01160828227574505,0.001357165815630463,-0.00718779608846902,-0.010054238493973647,-0.011780432929018925,0.002932366349259752,-0.0012662212236105586
neuron_097_hz,0.14247182229115649,0.01953493576261711,0.016242980475878157,-0.04405865231315849,-0.015948872039223117,0.005522698089380367,-0.054303988268154156,-0.0016796293758907033,0.0559747848510179,-0.013765890731280126,0.016677648294838684,-0.020114089105177615,0.10966876502519532,-0.2497636545368842,0.12548083554490735,-0.25666906699409225,0.3296744647493748,-0.032466605834040305,0.06241959530236135,-0.07920409959810698,0.0516414075104423,-0.0930526457731467,-0.01297127826786676,-0.10499160903619573,-0.03881311794660092,-0.10371002544393906,-0.25271987362904924,0.10281576253300982,-0.15534264612793364,0.22575497347969065,0.19650247797562928,-0.26575910171124223,0.03198418332248358,0.046359179167793876,0.07832866914865683,-0.08364560700296904,0.13506469516820113,-0.15492420141068525,0.18339870889694532,-0.196678690706008,0.26155999683982195,-0.08096448728059752,-0.11129759122133515,-0.06141660804805267,-0.06418343534213386,-0.05952792957935164,0.15436065544073274,0.06743067460516272,-0.06514756574218476,-0.2425445112026556,0.00991322886868326,-0.05795180930718823,-0.0445874385137727,0.14674884422691428,-0.0908975923947826,-0.054302105878209356,0.09968266509105564,-0.05326584056251486,0.12202436743426544,-0.039355027166619753,-0.049312138246325674,0.01174209257937106,-0.031698684583449384,-0.006512625858821543,0.0422762889362041,0.005171212490845428,-0.026641828731611496,0.005520657802118054,0.007071986309472582,0.003176445003043881,-0.01769057483709985,0.024049759307282453,-0.01243701460517082,-0.004507631361863175,-0.0013073325204204025,0.009708188547480255,0.021828286010811285,0.028291929597199235,0.006375084055350281,-0.0038781028833922426,0.03226147161834794,0.02840404050390488,0.0059485417637450775,-0.010133637474080082,-0.008535338979689874,-0.017416369216584973,0.0033627882238612405,-0.007440822495209429,0.0038651215170791772,0.013798752052308322,0.011479928303846088,-0.008919238838867832,0.008141455907260259,-0.008143206190176916,-0.008795469424174446,0.006071085653367149,-0.001621210751493473,0.005778769499169098,-0.0036703833166633892,0.000986092681498036
neuron_098_hz,-0.05274024741750994,-0.1173527910775236,-0.021078040091957233,-0.04529099771091854,0.1534120914909745,-0.08172777853820641,-0.03069132668666629,-0.07183798629452438,0.07884596625543945,-0.0069334373018509485,0.010041180761093655,-0.000832887169139067,0.015328187630212393,-0.01393536223341885,-0.015234922279704728,-0.016729688299947604,0.001275875262270354,-0.043448689733056337,0.01836717856697785,0.02095157422285277,0.03129020527315572,-0.013126415450784426,0.01459244605645036,0.007276608603529758,0.00021288220854020004,0.025959341403166306,0.032698259027626374,-0.02545593189152257,0.012657545910756105,-0.005480295452727213,0.022505585067656052,0.017323824706603028,0.030209083943505598,-0.015381456300773012,-0.006078559333981673,0.0065487300927010925,0.004492501991687173,0.022027007649098464,-0.013815478301387052,-0.0497793928267969,0.017072276024475263,-0.03333308819860594,-0.03461332118953648,-0.08265736357398588,0.02907071803854166,0.012598694310924755,-0.07613846254874108,-0.0682710873201409,-0.04611394236247602,-0.0754180574721718,-0.022432238970776223,-0.0017401602951687412,0.07428411843713698,-0.16144737239256787,-0.06530144462500864,-0.13107719010575464,-0.02591093245758251,-0.205757427028924,0.20761571532557674,-0.1975676716553909,0.448469768118826,-0.09744083307080041,-0.0055932914915385185,0.5276210847619449,-0.1219990029541024,0.2910635463841121,0.24153075775247912,0.11012511367490968,0.12667780237666418,0.06691093041532042,0.07490911076866474,-0.015007214059983499,0.0365453973693114,0.024414199843592777,0.05250878299009801,-0.06096580860184053,0.059163056466804066,-0.10858596872254997,0.05381725725967848,0.0125012381336101,-0.004182576198786356,0.01476755293289907,-0.005927081785418564,-0.04538712363804901,0.0288899729850376,-0.0033753563680235382,-0.012587668981689067,0.04046885677400837,-0.0012883957217569367,0.014054168742714993,-0.00013182853496084002,-0.007664471675649875,0.0005978202171124658,-0.015042471627429617,-0.006606210898454576,0.0010056948542126846,0.015749054690642177,-0.0010104610392299394,0.005424200124213116,-0.008414745209191435
neuron_099_hz,0.02804456385573276,0.0004184519049311502,0.1560954959894909,-0.0019371588517039587,-0.024295964116024825,0.012957284038355343,-0.0012316429922329605,-0.018267313050368033,0.08857798355998743,0.009169546627299843,0.017430780094983157,-0.03465728604938566,0.011019582043293761,-0.02960392192734186,0.02638142133318152,-0.07614314382602114,-0.035100684777176844,-0.022537910992917975,0.0022559677524282336,0.0415461744729957,0.09617491924204068,-0.04412188608029693,0.03069646633663675,-0.032057175501241694,0.014235008546754704,0.0733540400133601,0.01357832095373791,0.0010567383534813152,0.002273113126958305,-0.05705770598297999,-0.005389635259253338,0.06497800369736219,0.0019271183886748061,0.057294137123609326,0.024689940766955194,-0.005300985930607726,0.05566992299229757,0.017497360885155494,-0.03928520764445655,0.01552774433287303,-0.02788501187915398,0.04870472343276815,0.06011354681542386,0.02863877766346931,-0.08273501290000532,-0.047524948374687376,-0.052130533931860595,0.11256301746951687,-0.0025154596290561035,-0.020386910725468103,0.01824566292591409,-0.024334890157116883,0.049927932851829435,0.01850361953771841,-0.006843669858801284,-0.01646379200393322,0.04054025719070341,0.017273397745434196,0.02977065280734462,-0.03876410666190086,0.013143873317114148,-0.03478641119853692,0.029173168930328924,-0.002389290358346407,-0.11837734474797687,-0.11589932356242358,0.019631155644610862,0.020867507246868332,0.05539444230989727,-0.18580624367635235,-0.07978153164092222,0.1587654677973483,0.04416305090310929,0.35322481712705917,0.4582744311944562,0.0557218969688557,-0.12456581168086057,0.23064411678881586,0.13536702442313467,0.30315684282450917,0.3154646304944661,-0.3188571004403144,-0.07044291225280833,-0.0817862235435052,-0.01750401706110791,0.13556491371068086,-0.1327531354101708,0.015452576024056489,0.0011308345364176905,-0.019289979811752997,-0.07082171548495483,0.04927729403594286,0.024225545209133715,-0.008108351048738124,0.0004498250733032047,0.012111230160845796,0.007053279411370848,-0.00961978249744104,-0.01195409332195791,0.01213857410252503
