neuron,PC1,PC2,PC3,PC4,PC5,PC6,PC7,PC8,PC9,PC10,PC11,PC12,PC13,PC14,PC15,PC16,PC17,PC18,PC19,PC20,PC21,PC22,PC23,PC24,PC25,PC26,PC27,PC28,PC29,PC30,PC31,PC32,PC33,PC34,PC35,PC36,PC37,PC38,PC39,PC40,PC41,PC42,PC43,PC44,PC45,PC46,PC47,PC48,PC49,PC50,PC51,PC52,PC53,PC54,PC55,PC56,PC57,PC58,PC59,PC60,PC61,PC62,PC63,PC64,PC65,PC66,PC67,PC68,PC69,PC70,PC71,PC72,PC73,PC74,PC75,PC76,PC77,PC78,PC79,PC80,PC81,PC82,PC83,PC84,PC85,PC86,PC87,PC88,PC89,PC90,PC91,PC92,PC93,PC94,PC95,PC96,PC97,PC98,PC99,PC100
neuron_000_hz,-0.13274978410059002,0.13674706365201722,0.024295089308305325,-0.02918428166369676,0.07758626314020993,0.001170843444644223,-0.028844398107021513,0.041442500942699335,-0.12377041428822544,0.056277812302231785,-0.05408078210593359,0.007928083063434888,0.003181691055052958,0.0002638705375246424,-0.004459634341187709,-0.0022659380202320594,0.06816946590848108,0.035557049484665065,0.07719973575680639,0.0035759665037978696,-0.008297420138830348,0.03196402040905613,-0.04283376228658972,-0.0805406652512073,-0.06681178696935382,-0.047949617105793915,-0.009598581795420924,0.019104357170881887,-0.04918885912363931,0.04897488673228168,-0.07265165809035437,0.004185167987973614,-0.031334252101596974,-0.043627727610696644,0.0045501002105598955,-0.05503670483260512,0.03653974627030387,0.08248709269306867,-0.15602807674106198,-0.031775755887454356,-0.08057978723722291,0.1615323705131097,-0.010997045044258228,0.08712604415242013,-0.0180553558270874,0.03371113073970382,-0.14161611777030791,0.02830078894816498,0.05980316934590053,0.04885053670284421,-0.14732133516367993,-0.018437577702304375,-0.16165898484856206,-0.14799776170761186,0.18133544715785765,0.1961523311262691,0.1295224553796007,-0.13939041729240517,0.08673819360138343,-0.058994979928673016,-0.062139333853854534,0.07293170833455377,-0.1578102612013353,0.0641029331476078,0.06981336728931929,0.06626271593296233,0.2269321921506978,0.1946241809085561,0.12134577218857043,-0.18020681925595744,-0.10691536777559142,0.10383450958497406,-0.09276255121613018,0.01383839180885156,-0.0966019854637314,0.3212244108691556,0.0496893727734833,0.1815566621669079,-0.13393017715141578,-0.22876249865488676,-0.09402601819260362,-0.19480776783546758,-0.053263866280953275,-0.03196918248942811,-0.0005499577330596248,-0.18958624664078466,0.06336156120573068,0.031515663792215355,-0.0538466909561138,-0.009678296184087271,0.013600623548310719,0.012797852850818647,-0.16766953574054705,0.14707355855260473,-0.09366028509797451,0.09087048439793696,0.009000070661005069,0.009001787890119456,0.041062927606649834,-0.006606891284177404
neuron_001_hz,-0.020303528617801714,-0.09792388929809948,0.2045907008761725,0.006590677306313762,0.03645329811213217,0.03834664510302332,-0.09441069003400501,-0.08531289322526896,-0.006666039339035033,0.05043177668038703,0.02415943884601108,0.0026824717630715062,-0.007326237976278977,-0.02866360476643543,-0.09000487080209196,-0.0630900863689421,-0.015610604146087786,-0.07921496940694693,0.0746308506245042,-0.05526578308919776,0.0477905722085296,0.09299532630780231,0.12288305934328585,0.07471930860265451,0.0773210831831445,0.010548719028066617,-0.023070621971715985,-0.05564007784748721,0.05761378910358288,-0.010150361673643615,-0.13534460797057726,-0.2341722295817501,0.04406158635207004,-0.14555637652336906,-0.17416177670350685,0.008134015753499544,0.20013252058612696,-0.04157822811208469,-0.0694428525707923,0.025895343170690865,0.17626761692156967,-0.11573863978387333,-0.0810796440499024,0.14729797137536893,-0.21359945684835374,-0.10802330157160299,-0.012641134814183413,0.06815255332123911,0.09820165045702463,0.0735457401298307,-0.15391247247587556,-0.11314541814506315,-0.19209956739224404,-0.07098503801214875,0.0809972492241724,-0.1140407974572458,-0.007845682464698283,0.08131526623762056,-0.07527985510770396,0.11714035715181831,-0.1477408991021869,0.036992857324984696,0.17784895583342694,-0.027218908378089095,-0.16160338029133012,0.07864209876386127,-0.047125284118145434,-0.05443192794670899,0.0010412294368675919,0.14397193796070956,-0.06194651599445145,0.22816411322586888,-0.01142185880481451,-0.00022278811938931985,-0.11931840574980775,-0.051664039776278536,0.026449503753456845,0.1483833622109175,0.2343681576066429,-0.10506123914354425,-0.03041195684399936,-0.11717768500235595,-0.14952245262635439,0.11428040501025538,0.026285618765897592,0.1283281242130503,-0.0751033387187307,-0.03169204801591996,-0.010561754710960818,-0.05318944050739374,0.06345433773162316,-0.054658154740238385,0.03208698849289216,0.06419990073512753,0.09003717254649032,-0.011587823489018363,-0.06327938112296161,-0.014014061751691186,-0.16806467071857967,-0.010192452890626992
neuron_002_hz,0.039679862819424594,0.1515458439927444,0.05254016700973371,-0.03368096205887064,-0.1037495913592913,0.11570924334104282,-0.020731530593603567,0.010888868335201668,0.09212531622928749,0.04743821496792919,0.10007965420052371,-0.15860922909317007,0.6253535193931272,-0.26237337293727975,-0.31570124788074394,-0.23688207266437272,0.17073483736054837,-0.005763951769072784,-0.10130987602528271,0.12670305766143822,0.036322474192288866,-0.00414676576713137,-0.08612869894741261,0.05363958662847826,0.05280883794137025,0.05840712157437484,-0.04092729869115136,0.01602404348471274,-0.044923554547317335,-0.1947616645231966,0.12086417679428728,-0.07557140790920036,-0.02469463392485622,0.05027293811654956,0.050069179106583005,0.09525395436181168,-0.07259894073851528,-0.053106635158825015,-0.057316690608263235,0.050795835292987083,-0.05945640045267288,0.015854379903159656,0.01497054782974694,-0.0073071745264052905,-0.030404221030247276,-0.004535933989987789,-0.015150834400154106,-0.00024198394590685746,0.029769716278836764,0.024380155819506436,-0.027737080521342765,-0.09455949634397634,0.008303734083019619,-0.022405240237798347,0.03844421870858526,0.0423443586172959,0.007370213957735269,0.002976376665517243,-0.006837691676485252,-0.08066467530946436,-0.06556113887704493,0.035212862542472814,-0.02025609808396025,0.122266378571411,0.03665943439471681,-0.021302444979812388,-0.005955206578379876,0.030697012697576572,0.11337351471311603,-0.02909334180242653,-0.060903966474589004,-0.04107509639803533,0.12113650766240584,0.0026975399227743492,-0.007613381381700665,-0.06531915118151815,0.02849176667810084,-0.030613969803061945,0.054011608996697505,0.04551063827174985,0.04565319452524256,-0.02762977208374112,0.030848774293971315,-0.03385882274173943,-0.014329705933263728,0.051769264472198526,-0.04222793076631216,0.030656445376730658,-0.013557261451428718,0.015884954637855882,-0.0012553501140756722,-0.01628657496461667,0.07323934147104837,0.058087040945395185,-0.03243631626223557,0.05327324050954013,0.03679467301193849,-0.006768644287977792,0.01892905175165666,-0.003633644052447712
neuron_003_hz,-0.1229925064530776,0.09221733406444466,0.009263839564132383,-0.019402681938788358,0.15720041604387802,-0.21250935534305096,-0.042159976745787,-0.015521927884519254,0.27315609383295797,-0.04009902815575765,0.026016751496655437,0.012494069267771284,-0.00028134081524438994,-0.00717197249507234,-0.009754790750965654,-0.01701669231393424,-0.004090586568644403,-0.03165143673768475,0.0005420948301968417,-0.01627022439825565,-0.020154734735780867,0.017541531127812156,-0.023495592571309808,0.02228982429189478,0.005806585885543981,-0.012716219845877133,-0.0038981592440884413,0.006755832289974768,-0.04557120854394026,-0.04153040236269202,0.021776443121550543,0.016848920140444798,0.013792854015365315,-0.04536783295447469,0.02776549213076132,-0.04164227106878673,0.039539061644535536,-0.008084297581002636,-0.03480166920677741,0.008158216482719683,-0.014235747400685984,0.007081750328414356,0.03339698806560906,-0.0008008653634957799,0.00206562880587631,0.010466024493791666,-0.08766619430670411,-0.12147800915692211,-0.04111814443059343,-0.010302628444126443,0.020133057843439797,0.05314277495646425,0.0038211750365199602,0.05171212640045671,0.0017367344275362791,0.03954085784478262,-0.06085852325658161,0.011262955263878896,0.0052679696087180455,0.049620808370671406,-0.027397705176273983,-0.039904955663316595,-0.018779333025438702,-0.0226170794664953,0.05679472300813845,0.01746125509532385,-0.005171560176870815,-0.016684620725086755,0.052101324374140404,-0.00882622782845506,-0.11697688168082729,-0.01693434684342702,0.042422232044124514,-0.07198728104757804,-0.034416654192413604,0.13469826010266298,0.19689293645940265,-0.013141138939235616,0.14695960654718448,-0.2580353070230916,-0.20150356011013712,0.11627518811957759,0.0912876981791781,0.03606513462728178,-0.020871984173721162,-0.14486433284228573,0.029063200435814666,-0.32796314208933486,0.35925316458180145,0.10822829808223103,-0.14635432556996789,-0.09607665038002283,0.39570413484950534,-0.19040143851279928,0.15355677861901723,0.10890986417040142,-0.020553210344087747,-0.01055020834242381,0.01802276790742233,-0.009834827807213427
neuron_004_hz,0.13345077376541747,0.04211367941143623,0.04216684984789998,-0.0887830691449536,0.005066086572221851,-0.060346832335919386,0.09949151338929169,0.02304610058391182,-0.0196495576668666,0.1324324647799778,0.32366062507155835,-0.143023775594868,-0.34140798596583216,0.07141436442496539,-0.10164831400118624,-0.014644567072257537,0.43261369318167286,-0.06927568431703426,0.2557775682355743,0.031395639155786415,0.13963536176336042,0.07792954061051964,0.04309960736207963,0.028483918662986635,-0.09333709854740357,0.08135836569042933,-0.11578905545910245,0.03578850103132444,0.061290121926612276,-0.12855698791861422,0.19750028039715256,0.22504759789693476,0.04307907382818142,-0.12142522463435092,0.10842131533281284,0.20873016763750454,-0.04710620670340407,0.05026640453675237,-0.10546202285301816,-0.10565371791935294,0.09929606452344213,0.05082116667839304,-0.17189423597569978,0.10880824857231111,0.09055092953736418,-0.0950061041107072,0.009252026428340485,0.05857547210747639,-0.008895910978772504,0.023297790611766674,-0.01614439192178118,-0.07716942691997787,-0.03074415998960999,-0.023410637964471404,-0.04800689946247108,0.019877918958048073,0.0623066281449357,0.03826934430869886,-0.03246271949027024,-0.0409605389260832,0.020592511021182265,0.0737970274507413,-0.030794061698750312,0.036246695798353504,0.017930357441718222,-0.02159964566350191,-0.08016640044423966,0.035076331255289216,0.022551545766670067,-0.0248596599939018,-0.033352542064217214,0.08526088557751049,-0.0589312080449582,0.013851608659208401,0.013123658902345382,-0.03254355127383923,0.00921793133165899,-0.03901834924237674,0.03974260891075317,0.045135230286078076,0.03060609773070743,0.07790776399413282,0.06485366170309223,-0.01705645839508163,0.004605537575076125,0.01793674791388726,-0.07038620333905511,-0.010172597114285548,0.007745930710391119,0.023252531591997395,-0.06428455000520962,-0.021528103862648324,0.014430451358091262,-0.0046035980966836615,-0.00040083278926099364,0.030206059246635213,0.011706951421051775,0.04218810044125612,0.023222686943945185,0.014875815762970947
neuron_005_hz,0.13162666575662735,0.05078806772555303,0.0014158034639446537,0.13125282449463188,0.05631619259688875,0.010549229127481055,-0.09895569887746503,0.1025447509982862,-0.0013512974842213865,-0.06335168008042989,-0.07462510625606004,0.153304994491762,0.043822749604380956,-0.027702128522045004,-0.022065099146432794,0.15873575884242216,0.17498897583893352,0.2544849494832794,0.12389387060425235,0.11169606497375631,0.3951816687859396,0.154549379219614,-0.08032377843301673,-0.12828028628726576,0.30166457275140734,0.09336318129161321,-0.053777917978702745,0.1308065050784011,-0.014073711043399342,0.14901752670312512,0.04331010659643134,0.03969904938866615,-0.03332986248927114,-0.0647682681839673,-0.10025099683221182,-0.09259480506483067,0.006241415914743665,0.017173511579586218,0.2038521572692346,0.0019503245854133426,-0.08540239427389615,0.02864906644186535,0.08101121046716286,0.18495887387241627,-0.037915891588101665,-0.011423144096832113,-0.05537386908922946,0.13583458053200698,0.07536067234052703,-5.6038967843981616e-05,0.09464285667241709,0.059896328200373807,0.2427813324606909,0.04926793551398859,0.12259690768554277,-0.06903433147425436,0.00947278822660956,-0.025055029604069558,-0.0895647097118917,0.1608746012550823,-0.06698188346956539,0.015969059535841136,0.11584288889937798,0.11229438835721077,0.1721054375371993,0.05709470240484675,0.01094211488223876,-0.01715764920026111,-0.08576178730893498,0.04157302447750846,-0.11004424676895574,0.02131410074973379,0.07598017544359437,-0.05829047329428748,0.05647058609303396,0.11376210416904747,0.0012491871210016416,0.03131489607522654,0.006407142559252392,0.035238037589478306,0.06982646814755904,0.026259860396641826,-0.01286089125123787,-0.034756600652513486,0.008109251759156388,-0.047432324174402865,-0.03978650567915408,-0.01887219945973332,-0.009931456851444441,0.007037693403116417,-0.014035456518514986,0.003155069451655607,0.01452246920179931,0.014853166641939475,0.0064236358586001185,-0.0407783359986776,-0.042782902376339554,-0.06827215575121834,-0.022324139998796094,-0.01761144373869636
neuron_006_hz,0.13523381326676617,0.0768924674075337,0.05149026777029825,-0.0691678306194049,-0.05153326432478905,-0.03842338933689247,0.04249895036430351,0.02259101876415065,0.03776406744509156,-0.0230980622575775,-0.06929523153901032,-0.2672880444997977,-0.021307755305625634,0.0330768481511055,-0.14460976331818132,-0.14586124235642256,0.009612216400300133,0.385166108504373,-0.25616256647878805,0.0961130427988014,-0.16084139569115638,0.0779051863566689,-0.06562085979708909,-0.1402052131332857,-0.0532271145993305,-0.23898196829649007,-0.02373051123122107,-0.041118643258824444,0.06035520370184414,0.045852898993556435,-0.1405342176663767,0.15604168169803528,0.05511969365683103,-0.11791856271763443,-0.13881686321882558,-0.08884566825990847,0.16003369004608703,0.16974294947289484,0.23612774745461432,-0.16076116525099324,0.15692400194290687,-0.014978171949298416,-0.23513857610223934,-0.04705456392711266,-0.01313999510216215,0.04244362209065128,-0.04599215016634338,-0.03805972117196026,-0.009819750837963007,-0.028638588655090384,-0.07080389196531234,-0.06701556193674504,0.036081842937221054,-0.060385620887686606,0.023489003650438024,-0.0016109916935637125,0.049675124012181875,0.05062740934564508,-0.1258490582194904,0.00017090378525029017,0.17739368571208447,0.0045913445875218235,-0.10861362574716145,-0.059630637517597625,-0.03720867003727985,0.04354049524715484,0.058648426380087285,-0.15022874016626567,0.011890771654655442,0.05145156777659478,-0.04391848546430039,0.13461080503470557,0.05407485531837439,-0.0034814390413712153,0.018080270309075545,0.04958176977575803,0.013893341873333416,-0.0509189922763373,-0.034155050741939044,0.07784171504962364,0.034431026440343446,0.0639399507012178,-0.01766809421285359,0.007735484428224262,-0.032524211908412926,-0.06075843080910555,-0.011222862305450824,-0.046569233134762945,0.046651917427951495,-0.05348954637042551,0.02509024958426088,0.05821694839333563,-0.014405407786065097,-0.005742178155299801,0.04433383803079037,0.0666044988004175,0.022848812008434288,0.008465807767905233,0.015069332010730671,-0.0012659861393434727
neuron_007_hz,-0.10735640697921707,0.15031489790935576,0.034447873730954065,-0.030776479100340537,-0.0013197301576684806,0.11694648758332321,0.0014265515975684928,0.020062181257975376,-0.07830351397689206,-0.06060513082715715,0.041220555761237634,0.00987359350507218,-0.05103032474146027,0.1561564282577549,-0.0618869530933268,-0.0067890729475348095,-0.09692762315043596,-0.0274586934384878,-0.09002932900621953,-0.0076894460259945485,-0.010133452321154097,-0.038275896551988,0.09126238253091487,0.028924538132330063,0.22527156559203576,0.015991648241712522,-0.0870871814623116,-0.06936807543516395,-0.11688314714645318,0.06608640522038553,0.3109008724259206,0.01086495145048168,0.13518208031648082,-0.1319603035836866,0.009996621707786653,0.27346737678592303,0.01755565496883222,0.19696936989823532,-0.05671082641091317,0.0825358476533307,-0.038600604302614076,-0.19986482892260204,0.13272929452442728,0.055504421212179286,0.01607682845457232,0.2241209010553612,-0.07458154611695846,-0.04534442744276927,-0.2234649864262144,-0.14057404874289764,-0.17935846071825112,0.16494112097429278,0.05898518395862366,0.03711889067951184,-0.022237123377099016,-0.010425489460624215,0.03919185356165347,-0.14010631498078185,-0.12732281976076856,0.13834613523160422,0.04300740031279195,-0.056409916256015075,-0.1224836175968082,0.10134676951289437,-0.153987263097379,0.08893691749356887,0.12829478354118948,-0.1035481787113216,0.1267267292238275,-0.05890957030604958,-0.032180679312149435,-0.04348898246877847,0.013343325792629084,-0.02986777014302503,0.05753775937142711,-0.04824391210400048,-0.06347493989310238,0.08175238891237062,0.12830544309880368,-0.03542060726937668,-0.049116984195536714,0.10534352121899129,-0.049146506891833114,-0.0026314861683875562,-0.06862765136781564,0.012473814297086258,-0.08516519887851506,-0.033081389851606774,0.02288061170830432,-0.10812980006138014,0.17880332973741567,0.01581868681141939,-0.06838559689068344,0.03446136463068114,-0.008424414970008828,-0.046564137225390836,0.017437181059112065,-0.0013124410651032363,0.015799199517254503,0.002456582559919339
neuron_008_hz,-0.020299571354320166,-0.11219321252702097,0.2164837368550192,0.004434592115649939,0.023799462452275027,0.03194495777496045,-0.05566909631005568,-0.025708309502823296,-0.019383062997251344,0.027691037441913285,-0.04766462107862754,0.03749901249054047,0.03694000993474313,0.02390457434579308,-0.0321091577714771,-0.05478695150451981,-0.02226144335379332,-0.003146366010959835,0.03496021441894035,0.01596794217663425,0.015470770802320299,0.008038867276030193,0.0027728504675157764,0.02322656652487785,0.04087275964433233,-0.011827810361088584,0.05119230448164649,-0.019559599679417502,0.021189936378624843,-0.0027822521198737115,0.059701673961024423,0.011797912685418611,-0.0027284054381413016,0.011219846698681419,0.0877347269846109,0.019122522213238326,0.07994600263645135,0.018791742931020827,0.009424348678032816,0.041959155575281994,-0.055969728207587985,0.006494059188269917,0.009668241790679898,-0.01615689676601072,0.08144014261676673,-0.11592318312624815,-0.016414632962869442,0.017890658580088016,-0.08736841933437504,0.1012689758958526,0.08449315390998659,0.0060434227471607635,0.0760925650833226,0.04258260841258079,-0.015720448807796196,0.08682401911271037,0.04276901786737398,-0.006245703535988252,-0.07473376608962928,0.07847092985158974,0.14610965305751128,0.06373169578514712,0.037286181736513546,-0.030085124909567107,0.03684134361285187,-0.03739305967669731,0.2800694278140908,0.019041940990953063,-0.1706076874751823,0.010237790332583527,-0.04341116333961195,0.09684387492424783,-0.19919966525777447,0.08165780443581194,0.06717059947071653,-0.18977410247793033,0.0001592157411679446,0.12321531164309649,0.15037821203090873,0.038582479849234116,-0.09722552931374309,-0.14219247528685455,0.12026683679827978,-0.04435716174729,-0.2830285783897656,-0.08065451959273989,0.07999863698419439,0.25743423683095695,-0.014276143024995951,0.11791267329135377,-0.0719881802164946,0.29440840655421413,0.05549376026944183,-0.2659799612526657,0.03207256807356604,0.27872252950713633,0.19991851939551486,-0.005197799118436264,-0.1308547557951151,-0.14220853569087397
neuron_009_hz,-0.05687324879548428,-0.1394564185258664,-0.11798371552274449,-0.017281773726222093,-0.20956211431918162,-0.0801854480678601,-0.11169222007434312,0.044125183938700685,-0.10199638852318146,-0.003183673453222735,0.03069120040182438,0.030429987705674788,-0.0002846257759247569,-0.011491458981190623,-0.025448410957359575,-0.022780347485223496,0.01598713608109162,0.06939826510220497,0.01302535746025349,-0.005952049381723163,-0.05411133684270786,0.012844528139420205,0.03449266534933694,-0.014425823092348716,-0.012764733266582479,-0.005548801333963904,-0.009355930084318004,0.006391057017054856,-0.0048018704285465105,-0.0018827741440659643,-0.008277354943525828,0.00378135468795468,-0.04278220942449102,-0.004061675822326999,-0.008130170047898722,0.03043289683309201,-0.027679723263526832,0.018113428481957843,-0.002491820446722616,0.03253507830791126,-0.0022295385785185487,-0.05485846015014312,0.01872709887885726,-0.007239182212911786,0.024161019519738383,-0.012985088220223937,0.007624996256682597,-0.04459070329373701,-0.06896038863857135,0.06492065194553823,0.027102171857941112,0.022459462295671456,-0.10322815829596449,-0.021126606478253297,-0.0676114824705024,0.05406234574545009,-0.017311411552055296,-0.022278454992577607,-0.08209131650967208,0.08842149774555577,-0.0438694939568368,-0.0016764997155376757,0.05283071777789847,-0.004200519643102044,-0.013176501249402693,0.03584757544074509,-0.05108919303449112,0.03508151902163342,0.00842681572584704,-0.021351570979202608,-0.07241686463568561,-0.04784065634414918,0.010675221545614472,0.0702868058571909,0.055482764368492414,0.15672821939095644,0.010456787820540948,0.09872518218770304,-0.06447298577692281,0.07712193116206098,0.07660484631080618,0.06769172192790796,-0.23300729573429793,-0.1345736158015056,0.08927002524433311,-0.005687914897597443,-0.16112538427113193,0.5289312917140385,0.5395136452330436,-0.1101845871481669,-0.13902817974797643,-0.1046084008170809,0.0919857133436296,0.057054419920542054,0.050162663293826626,0.05683835445902269,-0.01594791736886713,0.022333940070474012,-0.0073479889305893276,-0.009132042163684913
neuron_010_hz,-0.1272370782168762,0.10751381576781335,0.015421416608687363,-0.023244933900818106,0.13512518701990223,-0.15696052271700012,-0.04356861743632229,-0.010497744206959758,0.18333283216726592,-0.029116241264428785,0.030764082339367803,-0.003251853520303369,0.049730310287264254,0.04326235698034242,-0.013520006437576105,0.03149889732906745,0.0019843788510074956,0.013559918857170075,-0.0657708948696253,0.048590257310172705,-0.013997242799889821,-0.09618581331833964,-0.017225472781965685,0.03911909718897047,0.11105067859788689,-0.003915417685517793,-0.012571556374819555,0.023545609812683235,0.09848482882878926,0.040733315480800496,0.09531783600764815,-0.0816338263082611,-0.07918603178175705,-0.014676363716401106,0.06892615023322608,0.13822100567175727,-0.056181604228521066,-0.1348094846814251,0.02760183580944396,0.03624606776441073,0.103223803513352,-0.036236074778719464,-0.09021912640581822,-0.08340212598467106,-0.0197495401257203,0.06307346697815593,-0.0014378782275866475,0.0733988284327906,0.009337139454760057,-0.1453009488302125,0.02202699569504544,-0.12302707089218629,-0.10539494194537838,-0.0014919686140138968,0.06333398400117718,0.12963746341898563,-0.10240259203846212,0.007775851870372427,-0.03952339948828828,-0.033410106126681424,-0.07050567794275381,-0.019039845008324875,0.05008787472786481,-0.15662740492872015,0.27175696125226295,0.06550007282343337,-0.0975500629321511,0.23957409830569457,-0.06365955447003296,0.11065086535235025,0.15078926623478628,0.28750324706079833,-0.02648850999034005,0.2301065782736167,0.2181499067397566,0.0693486887299001,-0.1971853411976089,0.096974384156908,-0.10809091425697857,-0.023513098893928934,0.07889307935134188,0.18091539143304045,-0.006824350477701479,-0.02053156390725328,-0.18019980167795693,-0.004807168831155655,0.10045634367909201,-0.00955461715821478,0.07032638993658384,-0.15104907684248886,0.1905962110846166,0.02575770360434665,-0.14070688907264134,-0.07606476304172005,0.09499875798810388,-0.05917642458167721,-0.036241888123848764,-0.049893936791160665,-0.016736824140927017,-0.006077332226597107
neuron_011_hz,-0.006193615213287208,-0.09778437227129973,0.211244693878627,-0.00442908857606702,0.015123417572856509,0.032074200539007225,-0.00439853419266889,0.013576659523864887,-0.016377870629622676,0.027455394101182695,0.029063955562581484,0.001571932371661068,0.036676546994605624,0.0498746288232175,0.05312228434599596,0.004676575560926544,-0.08448809945599312,0.11003970531948006,-0.05738639075693373,0.08763407834576852,-0.11299126740908677,-0.022551972981701265,-0.12316794597534209,0.1391560590511674,-0.08211464788073843,0.07061687409405676,-0.1165655420790556,-0.0672347771748692,0.14026326030985722,0.07429418750047745,0.025201355002609546,0.23929501642465964,-0.0007563515693229036,0.05435158114955059,0.17122755363774944,0.019452721664693765,0.0718241509168687,-0.10482326354852584,-0.026128816163758117,0.17904335754368397,-0.20705905871475846,0.007663575700374167,0.03383950616075404,0.024102349090324784,-0.017460025132154538,-0.14688397572888323,0.23621430095063614,0.10957596083603544,0.019158906237855055,0.05615430366390568,-0.11999778066429227,-0.022993415766325066,-0.2010395217450269,-0.1484256190587575,0.0674898159259034,0.0662270141437016,0.15748331253324555,0.14526525615942287,-0.1599451367568819,0.23632448679025214,0.03909754041246906,-0.1025384013227815,0.013287714329814071,0.08137595436454644,0.021530206772996087,-0.05061947686121551,0.024149017769083236,0.025824446332611127,-0.0967451193745883,0.13775377347146664,-0.12713208666132025,-0.13935973380956,0.12097613695181159,0.038664029859189736,0.024218416195449087,-0.05901091967002067,0.06390784152344114,0.05967720471396584,-0.08636161056008376,-0.06237337927979377,0.05250994294834604,0.07430421801054327,-0.045643991036992994,-0.05333099937353765,-0.00944447212615789,-0.13505024265547733,-0.094343931747787,-0.19246882900976647,0.06902918806492217,0.06140776247383017,-0.050080057411478106,-0.03261664197299014,-0.11198554040215045,-0.030710950682927507,-0.11260232123571878,-0.2544638275821613,0.047882991179841974,-0.012561551901959317,0.03704700524060514,-0.03442098286302305
neuron_012_hz,-0.13751563624573215,0.13901100066310804,0.024831345250007977,-0.031503895815348605,0.08271609688180333,-0.007511285599685377,-0.028922543637867587,0.04013470509287592,-0.12416339781441321,0.06419484114659241,-0.03841463766488279,-0.022926566235602637,-0.011682990029180683,-0.04942587687799731,-0.005235405473550215,0.01679156287161944,0.04057072080189589,0.01861073374345687,0.00856899249543866,-0.010338193918074452,-0.004551521163378635,0.008141997056875436,-0.002097653943161616,-0.012999709751198192,-0.0367903447846266,0.04379308597567737,0.06697952530566637,0.024653185322367505,0.028025600389513988,0.0519871391751415,-0.09227081897281056,0.02591655167061051,-0.06856102093015,-0.03710839137387381,0.052952749619381255,0.05075074354397208,-0.01903459739832844,0.021540755831354688,0.03656447925234063,-0.07679589225682398,-0.009005225868627932,-0.04541809495901156,-0.021195689901187822,-0.05445243353077499,0.061064849362051574,-0.06973275455958297,0.14485418919054632,-0.04974625840943501,0.03135550814965698,0.031465802250605114,0.08955013110216835,-0.06299830771275486,0.09843393346549276,0.05977853111285718,-0.10558968619378546,-0.03460012194070948,-0.063520280146974,0.10261227614577154,-0.04761282756795791,0.05660086012513294,-0.20418566579871783,-0.02217430786613337,-0.06743571442778853,-0.045501080110580676,0.055875016619669426,-0.15147457520979174,-0.020604611231087547,-0.03228209125695318,0.00488559921218262,-0.03341676324659034,-0.06272407789069956,-0.08553690058491809,-0.044415669956090816,-0.06317102790730188,-0.02140947680945212,0.04533842079615116,0.12445724274278737,0.06748565098470598,0.12227893963045763,0.20974213000905179,-0.07307895217276579,-0.20119332019557798,0.02344887658246646,-0.08174679789417924,0.07063457156395851,0.1434317284187263,-0.005075074892320695,-0.15738450745933108,0.326313740501866,0.2158566446913708,0.49763032105420496,0.012592713620459748,-0.2874887724635828,0.011115460251573978,0.014406558828641364,0.13632087253451897,0.05702459892722421,0.0006633091479161801,0.02546107268115197,0.015683819187348735
neuron_013_hz,0.020019389575906793,-0.09013992324231235,-0.08445350014516216,-0.09511984402276914,0.20711726811815534,0.21508578725515734,0.02499363891924306,0.0556974579353571,0.08483846909691832,0.03355008928532566,0.09357811813555852,0.03439653283860283,0.0014166641223742602,-0.10241612595229153,-0.006190532276506378,-0.04375066999029819,-0.1142208185389944,0.08317883810287639,0.21483742187023175,-0.030150618865070367,-0.04470182066525883,-0.1454576951492142,-0.1125512392270238,-0.0605637714250053,0.07241126279258356,0.21042764395291852,-0.09641525787620632,-0.1555569276748341,0.25714067415408776,0.014095207988163397,-0.14950030085163352,-0.04281931134635918,-0.11285580264162542,0.36691537958739734,-0.16527029784146238,0.12827807911273945,0.11860010449839209,0.2146112363926444,-0.1321836630148609,-0.220563045512366,0.10918406667834446,0.011649292824255798,0.09813586211732343,0.00866166883601583,0.09210717526899925,0.01433389624085603,-0.08187731847904799,0.13271500827610963,-0.04821468052461976,0.07183075565047971,-0.09261145969918458,0.01809002464156398,0.0624559491165588,0.2357984390348447,0.04864595254894358,0.11241850736636971,-0.004742151152941035,0.06876476120415101,-0.0994551232166536,0.0029852908888431534,0.13935562486283154,-0.03744373885335637,0.0011371576943433187,0.03660808048548234,0.02643693637966045,-0.02134494382628796,-0.06515346779913113,-0.07081201958764421,0.1038278178667592,-0.01616783833134139,0.047235071963575466,0.025473216026715522,0.07445853090946436,0.09229055945567559,0.04727377537853332,0.027952939545084404,0.0829700786565166,0.00727992673089882,-0.0596563977252722,-0.07147661445163353,-0.01434432300789601,0.026369369601679182,-0.006052519571589612,-0.04725314797531821,-0.009339299365842206,0.06802406877706638,-0.02534774465425898,-0.01134546536288391,0.04754476576563425,0.0022968555813137346,-0.00532341523307038,0.032341317621718345,-0.011241756537492523,0.02417244749100078,0.0030808111971607557,0.03408534358204174,0.0012375571141223802,0.012029532870001296,-0.0027946874505939134,-0.027433964045509324
neuron_014_hz,-0.0026671909411507657,-0.08750483668285691,0.18430982546062644,-0.008548110204644813,-0.002795674874215245,-0.0333602051026947,0.19424435888935715,0.26355786094566613,0.0020455619225336064,-0.20996704965970164,-0.20034168474530306,-0.021900921095858984,0.051058859160304115,0.03335310288800879,-0.09634274799245482,-0.04773884791677774,0.011337840203304028,-0.0007324466672248287,-0.001295519721489613,-0.1302403034138596,-0.05741184616529272,-0.10403284372619054,0.0733557696185069,-0.03760498255981751,-0.03369209293231255,-0.004079720600234708,0.17188341714699187,0.0124182338296292,0.05908364383063142,0.045330365039766965,0.24130081545317567,0.01807587576682885,0.022776289202708612,0.06844186542691853,-0.015143352852845054,-0.08122626781171252,-0.17310734171513242,-0.07563155438924003,-0.010688107891138138,-0.03242755144057739,0.010831718975424245,0.1328979355687717,-0.005258780385528924,0.2597890962952396,-0.04805350276093139,0.07502104450252607,0.14791715824989127,-0.027865038850866095,0.06487138282164187,0.14218861926613394,-0.11068009496836179,-0.07973876430782194,0.03889083918870261,0.13072364921743626,-0.019965505409768186,0.03255798795820933,-0.14801557804617727,0.05811688600704989,-0.0015621593490000585,-0.03334775783019809,0.040196872759495926,0.10552495696093511,0.06582789322925083,-0.08994067286323021,-0.14006299807320907,0.11749690636411576,-0.0014152625442681588,-0.04915616672001641,0.0534087178358814,-0.06724739035039272,0.06608582829242829,0.025914039849407378,-0.1451874724431213,0.018653867034445427,0.09921300751454318,0.08453888301185783,0.17690044308193464,0.2164830737618521,-0.040994276873418584,-0.02346751655460183,0.17582323278400047,0.12447006178124179,0.10382762998776617,-0.05062986796566674,0.17845694052910924,-0.04049020690435079,-0.1858085676240489,-0.061189663753138855,-0.038975857461046606,-0.0007176316432754362,0.032492708409399086,-0.004173717798962284,-0.012602576407825444,-0.0919748559004563,-0.02793717127038198,0.06840075110925717,0.017789609266158468,-0.0403719090513579,-0.08366066864614558,0.11580295971794552
neuron_015_hz,-0.12754322107342372,0.14655602481999658,0.02720154225588199,-0.022289692980141027,0.06265079121354385,0.007044320615234334,-0.025120234870094366,0.020443686206725598,-0.07109913354728396,0.04866596321204558,-0.037246065307134923,0.018759439335961713,-0.012365150665939979,0.031728716910131724,-0.02022066036625808,0.015881531360835612,-0.013190147440893751,-0.010684023890129409,-0.07822531663648162,0.009466137806993225,-0.027466566491330325,-0.04604642581740977,0.020410161693450043,-0.05449024973055219,-0.007929739296137384,0.09830168798674147,0.10500922370748571,0.0032546513666941654,0.03628101451301517,0.16107792566602536,-0.05339230194103106,-0.048304641518095555,-0.0698003520860565,0.01155749073841452,0.09104874734038754,0.21118739711011295,-0.02072585954356062,0.008232070886557228,0.1589268518304673,-0.07024452629009038,-0.050867904301147085,-0.05953516455877505,-0.19547698027427,-0.10837872420861888,0.011790413942685832,-0.07926601288435374,0.2644793853591101,0.08876043959644983,0.007012613257307947,-0.07061653869989468,0.2118345567404567,-0.06572403180191168,0.1180961826002353,0.013596010990821403,-0.08939677782464554,-0.13558667753065795,-0.21995878032969346,0.02470540451200992,0.0682154880494944,-0.11305995286658158,-0.050451062709466934,-0.04142382448180309,-0.008517258051095721,0.2333770749873482,-0.06384317140266034,0.006431723461153235,0.008169397321331949,-0.1411850405869458,0.05729200896717902,-0.1344509787385001,-0.0855916957668807,0.15766375480180334,0.11628927338411851,0.08161412463664924,0.009362558526356389,-0.09626314225640606,-0.04912256788831264,0.16113282418186975,0.05253006670668584,-0.23457193862830866,-0.060189231197933346,0.06052128840460835,-0.13947828409007051,0.03292636262079623,-0.011889584511288754,-0.1010083259589004,-0.07811405552466365,-0.006790304090533432,-0.054187741743226034,0.05125659690624472,-0.36991789833395544,-0.053728189112081375,-0.13184162937004074,0.11069869388755685,-0.06310630122681941,0.11321477822417088,-0.009715554015785145,0.025594620636898255,-0.0019960484925714006,0.0010499739252439189
neuron_016_hz,-0.12147978341734983,0.09283127323658799,0.010859656314172617,-0.022097646381900142,0.15202962520686794,-0.2034391523701641,-0.03799344407674523,-0.01799629832672611,0.25426244841887347,-0.07093695793428073,0.030516376668379364,-0.0012577482166216333,-0.000139553785317441,0.0802974768101216,-0.017579286245013377,0.005594707565034796,-0.030361584992384477,-0.023079145035742446,-0.051115766112476424,-0.021104237334383272,-0.02132492047456852,0.037368662284549686,0.02845698314521132,-0.006427461757987696,0.10614829432236852,-0.026712028980319942,-0.039235540305691124,-0.005725562703333384,-0.03740104746619636,0.06597616050558401,0.11069746882014131,0.007396199303816066,-0.075537722509839,-0.05638079048212239,0.024172862817190967,0.11157676570767237,0.033563863891923854,0.13151725692402477,0.04548464369718741,0.10172764565038739,0.05415094015498595,-0.044118652516344586,0.08287676684997158,0.004535163258313699,-0.00901462401371963,0.01668912589349943,-0.041511369555891464,0.08952391250588146,0.018442457801880176,0.0806336908387367,-0.05844980387431019,-0.022845058931200802,-0.011237657332920578,-0.046657140529375696,-0.00536100195270979,-0.019526375366269735,0.10461630597631896,0.033892080721022184,-0.07597166199516459,-0.04127843353040062,0.05390293354067834,0.039691774780898706,-0.020350254672725235,-0.15742879562702491,-0.017141495905719346,-0.08846140350459045,-0.06593429818743132,0.06067158054505378,0.022183493545651953,0.02618220769836689,0.012520964894337992,-0.03620355052728347,0.11962638656163996,-0.046969466317933646,-0.0067651536347481875,-0.01508226777065623,0.10520748921221199,0.26689066518235655,-0.2393032684404675,0.3599004066928999,-0.12918352997600746,-0.09397872625176185,-0.16395915004958406,0.06979378478220633,0.2674106949416403,0.19394604387351677,0.13483373207835142,0.04446065560220846,-0.1437850251764807,0.2414225650058649,-0.2517617923033005,0.06589569401000203,0.040626892987590896,0.05019610958987475,-0.09048795490274354,0.057776317545450095,0.04072746172332865,0.02400696276811302,-0.015540699666235364,0.008092098985394813
neuron_017_hz,0.15483720888105068,0.06258487522441146,0.01922060234670941,-0.031594540269243486,0.014593315783544532,-0.09554357218544679,-0.10201313139462428,-0.034961192859352314,-0.0346367949338032,0.044804292229516776,-0.11898307690087062,-0.021705677025500084,-0.07214775156438283,-0.19959075194966353,0.15344363348582934,-0.08842841930984957,-0.030742929334655722,0.06587469996624695,-0.03773235255331467,0.13432939271673952,0.17232956882805356,-0.14354409548086974,-0.02785672760493523,-0.07091663330430917,0.024724286216840058,-0.1603950329021278,0.01055869756723296,0.03589549607495139,-0.12275924904743019,-0.04108524215357974,0.0038758913018286656,-0.044392553995840786,-0.0840816391608921,0.04532577720105566,-0.15473862249876974,0.13917335232078853,0.057472586102168786,-0.1644079651694891,0.09303986646166582,-0.02125637308676105,-0.06263262842997681,-0.14847777281726104,-0.12092902178944114,0.12161275555429678,0.023402030666476926,0.15052870065681234,0.08263014136652697,-0.005610229333303966,0.11700260716664496,0.07034461931735635,-0.19359979641526048,0.17632191660542718,-0.2639575891414626,0.15550596029554015,-0.27578170952368153,0.09529386487073503,0.0978397605632082,-0.12411420490333873,-0.05294618726874536,-0.01924484473498472,0.07034305106287699,-0.18807924457694247,0.03585567879357675,0.1491271531197323,0.04873431740303842,-0.15348895520299105,-0.18571693452835059,0.06766004729920733,-0.008375046334490668,-0.14386341200170163,-0.043371811027674886,0.01662142585677215,-0.22754299850678678,0.10474123671583938,0.017309929488062023,-0.06406720599489417,0.02317020631892816,0.05661832246839294,0.07824776718985658,0.01894803312696229,-0.025660797872463538,-0.015597586509883826,0.07239710561722532,-0.046703643247644616,0.05867649097305681,-0.0033830606420467146,0.046148593157099585,-0.04459576566374994,-0.029207391271926342,0.04995361227752067,-0.05898144948530823,-0.030367202609054136,0.015391971867380519,0.00994197085704493,-0.01742648490140243,-0.00931290468403112,0.049480511801005045,-0.021805999699795266,0.0060576751779999605,-0.005302523377835766
neuron_018_hz,0.1293015817613607,0.07182852864075541,0.008038459173502654,0.12389156123022203,0.02655992046298877,0.036693958341699764,-0.08191537892418078,-0.0024864786917433864,-0.00805533782893075,0.012551766735950824,-0.15685722735728577,0.1671644221622413,-0.08073270602695878,-0.026619476843552044,0.02121238862830542,-0.009193701367484722,0.33336294422015744,-0.07121094731129408,-0.27505539397173023,-0.021490660003223548,-0.08248785928961859,0.39678723800196947,-0.13512069266966148,-0.039638367186427215,-0.09922331388719705,-0.10718519623125403,-0.025231635860923366,-0.05973790850380942,0.06376210223181694,0.09763967886247013,0.1659414875065981,0.12430643684760175,-0.03518953126062118,0.2873972543492765,-0.10188147139037534,0.08867386722973111,0.047568407594529634,0.014004325554682437,-0.24705784353631877,0.09414229349772518,0.08138867863677399,-0.2411219550221336,-0.0056970791045151455,-0.12694020626475327,-0.042454669934709616,-0.005262873826558184,0.00715209671152664,0.00016936799608135815,0.10526429517386862,0.06317379327420392,-0.026964865820180036,-0.02104273749113835,0.051595129352803595,0.11685121959336248,0.025258659538245132,0.06536833124969377,-0.15824114318149618,-0.11211868929882908,0.06894112538471733,0.038561129390279655,-0.003206023468883032,-0.07494619365350698,0.07138802025779817,-0.14002440522532653,0.023090818548406538,0.05995460108518478,0.047330547591433667,0.001334845429953867,0.03548445586841024,0.1007374653740677,0.036124422447070016,-0.0840917705705926,-0.008039470946860541,0.01874294111646446,-0.04234180317143031,-0.09176432235609475,0.016124305529448005,0.013286640409470467,-0.014658366219536898,-0.0996012747322865,-0.0064196155440167345,-0.05490137285931001,-0.0281897714818139,0.03176402176783213,0.03658981771283694,-0.03474920596423872,0.0407887026078493,0.020432215778871818,0.01933366136689023,-0.01923238151971856,0.007473749105126895,-0.04993722135523743,-0.03328951631229227,0.01922728094688192,-0.026336832405804214,0.05015101909699145,0.0033945476843357716,-0.030964206205253697,0.009881908062045697,0.011021763051041467
neuron_019_hz,0.045898557265483524,0.17345050905114828,0.059202874817518174,-0.03130182894726587,-0.12313043323346835,0.15346207118076144,-0.05027215333659564,-0.0008049643402333912,0.023706631283034102,0.0021005671418498992,-0.024940864099956175,0.019803758976387892,0.13740968209509835,-0.02212405403406181,-0.09533516762867827,0.10051236169360497,-0.07971478914231889,0.0005314559760982891,0.030536985955943702,-0.057593438388168175,-0.03834909014302687,0.032711916537638,0.03215324966304592,0.08426627629926597,-0.11796223228041616,-0.08195856389890922,-0.12176668029889517,-0.051213194232712186,0.051126480984580794,0.11124900097432994,0.12941843743386722,-0.051609762216323365,-0.11516481013400756,-0.16543359886849635,-0.0016225993314874735,0.2096976708315611,0.13797339343059967,0.07143842343917267,-0.003451600888427747,-0.05054349794966078,0.08097367733001996,0.14795661608717986,0.02237111176107186,-0.03235979319617741,0.10438629951466771,-0.030970246213169912,0.12974858985217746,0.08996563303947817,0.14866828495937925,0.06257904356955094,0.19108776197175822,0.3028672232340129,-0.15905721197041917,0.08714444389585246,-0.023682719162319954,-0.13812274380267614,0.11726581601205123,0.07294257114721629,0.23021881116505127,0.1659918953363994,0.04776021521880634,0.01666765184226982,0.09347343649233798,-0.014116998988258495,0.07172970335841033,0.18539050017833109,0.07254676417796832,-0.08003514030022182,-0.060690059129819944,-0.046250639062020454,0.2075119525330962,0.051816030371617,-0.09851914686622362,0.0009102870480307114,-0.22955375864527666,0.13759416566441943,0.1280578449051085,-0.0634933499948932,-0.09983271095759452,0.07375740623175063,-0.04165216725351921,0.13354251932399644,0.1199014878234502,0.006310570418069959,0.004924136960629963,0.026133786816883886,0.08115747974084611,0.03353846593506805,0.03677847710158712,0.006039029648309975,-0.025070631333058268,-0.06535102553085005,-0.061325382475332715,-0.05490722627647911,0.10181669200895659,-0.020823567519420952,-0.058713223891922794,-0.048503841847787214,-0.008567401605879432,-0.01020137801750265
neuron_020_hz,0.1523396204076027,0.05822861070098295,0.020312086858013927,-0.07051112861100657,0.013404821530869434,-0.12583289472514328,-0.05894407341641127,-0.10920165051257003,-0.10636614558480365,0.026459285726059455,-0.023346020776572787,-0.18358267961962782,0.03246184473064767,0.02010918535603047,0.03566992531751335,-0.013768381477780334,0.08037079347905063,0.015208124007550436,0.048888517238586005,-0.1507870667681067,-0.03596109455464081,-0.13682466511730318,0.05848120506794638,0.06266003545299026,0.0435176680472433,-0.14903681592521484,0.008291294244599116,-0.15587847445604863,-0.02309827200041356,0.024829689612702044,0.015365325519546252,-0.04092243679688665,-0.03942925147957286,0.15412092602565206,0.02981539168892156,-0.08451546640722536,-0.06748670995563395,0.2512227026234257,-0.046783189944330075,0.031187312835587375,0.09075071697400781,0.17488644182206328,-0.03103986642011863,0.034521874188206625,-0.08632144848942601,-0.09874574317236617,0.011157739943651879,-0.03510594594223493,0.12639170775477115,-0.17736501177017333,-0.07467124044585685,0.13982105136033474,0.14752979600798583,-0.11064657576381992,-0.15660538921689687,-0.08936555460431116,-0.03992473606521438,-0.08908054751216529,-0.08164251941947066,-0.008778541746924634,0.0033604626286241057,-0.02503091370113835,0.02949738658241663,0.20025971664478745,0.1490107347612782,0.009349726560539472,-0.01847950425189435,0.12067736720310607,-0.0716896054154256,0.23009496057370282,0.1709559815272724,-0.19458647851923094,0.08524551071862096,-0.08265039906239746,-0.09967576887619738,0.039851910770030474,-0.1223841500667322,0.33336188326795463,0.065759730759311,-0.13636333865447042,0.10161851874054416,-0.044346249071587976,0.13672235135438773,0.07809040024884291,-0.045415899863077855,0.10463396846543405,-0.004156263946777858,0.007963017524411774,0.11313315545557315,0.015570428867001388,-0.050372184329598196,0.07530113322992829,-0.012966762884448903,-0.04155819264405837,-0.05092969035721209,-0.02861262977095727,-0.041882190988153115,0.017586092817811365,-0.015047007351472491,0.0024809104109198843
neuron_021_hz,-0.01965151195376334,-0.10934162015192779,0.21496096810697374,0.0044322282943320135,0.016645722684901224,0.022777882912973304,-0.03958410422389201,0.013430505817131407,0.008404967129310886,-0.042212812777156695,-0.09779669568250086,-0.0199572394604407,-0.021871673464521346,0.04100937167072036,-0.0597195275058908,-0.06591178439759744,0.07866870096523583,-0.04307596754207746,0.05914988875874991,-0.052893187173933515,-0.02603647787965568,-0.006284011360904111,0.027010276593371622,0.06022472376572875,-0.04250472606613789,-0.03311511146500917,0.0023513718323641217,0.09542530891930835,0.01588290053180295,0.007961778100266756,0.0477916452502308,-0.01802034030501339,0.0523484079292265,0.009912603014253868,-0.0251063971055579,-0.054014728626132914,-0.1282573510421614,0.03423571411830821,0.03870424494479552,-0.07442833773942546,-0.04218534430670628,0.041697808522452154,-0.05186081534682116,0.10146482363360323,0.040419977040875625,0.1988121864379981,-0.038516674262772,0.03998570595572796,0.05475541261675742,-0.05916856479028491,-0.09529461507271067,0.06497104404864075,0.0017259251624857502,-0.007351469132799798,0.14047294675273025,-0.045187598605816136,-0.07501703484117654,0.06195042848981179,0.04294086746734228,0.06188650780992746,-0.031383069389453726,-0.018607144008707964,0.048097649308368795,0.08443843129171613,0.016378144056766172,-0.08778546412561593,-0.1521962667244021,-0.16494982787159806,0.022976572605162317,-0.042008606413731886,-0.06488149212530875,0.14657943461786882,0.17202627613326393,-0.13521652567860212,-0.05336017438180294,-0.19726118954674632,-0.1589881862735208,-0.1102980321957289,-0.23369067605007982,-0.1399628988067802,-0.24456128237413888,-0.006963945021349775,0.1440723720208048,-0.10311985518112592,0.046628685159143146,0.05632908799617353,0.38925955438933413,0.14785808749925944,0.24007110602542484,-0.011276715185729957,0.028868427492517307,-0.019821218360814415,-0.05758853156131302,0.008916037576385719,-0.1605395013629356,-0.10123746932803729,0.20988055839500983,-0.0161305417395569,-0.11851479204235893,0.09461643231818918
neuron_022_hz,-0.023324650400580127,-0.1024336096273964,0.1990668792900535,0.011620068120337041,0.029091795890622916,0.05377693769238216,-0.1324421546970516,-0.11255200367063695,0.0009547054792486745,0.09485889044380585,0.131654921358494,-0.03830932865958958,0.013626815837572831,0.0186630667967034,0.05274926391214222,0.0009869116477061448,-0.03046826109625661,-0.10977900190895243,0.05190225397171434,-0.03181853033166859,0.025172590351201042,0.09690064159407225,0.06702646887744983,-0.14390966505556757,0.007299847622605183,-0.09533193325215232,-0.05067098846602207,0.009082798229422567,-0.07712028110745424,-0.0929069522669399,-0.0770624855123915,0.055840034339353355,-0.07391544027990042,-0.04674506606534467,-0.013426711377698469,-0.042927992045744476,-0.04817163571754335,0.19692192455634228,0.06554496666085903,-0.05503786718222822,-0.11391450072299167,0.04579988597322954,0.15764548384151555,-0.19131530851883188,0.08405276302091766,0.38851213158216474,-0.039545344272596844,-0.008809609128676255,0.12572171499009357,0.06783087167231194,-0.0024964276094041407,-0.12306582610321455,-0.040175367572508565,0.0362677334937654,-0.05382648047581773,-0.02867491565313994,-0.09853199292680394,-0.11391075323433769,0.05882351491545364,-0.054630153042351096,-0.10158399660468524,0.07125785006388431,0.02863045394880553,-0.06559441604027474,0.049651182824899165,0.029631420946174068,-0.11890014399828668,-0.015364093110586452,0.08573028945479133,0.05917783638454903,-0.06864943291842798,0.011849768224615961,-0.007121740637579341,0.02091632531038705,-0.14686760039697141,-0.15540921995041584,0.12162085319847715,0.06896272532649146,-0.10862518089481368,0.0884572812036863,0.1972355320217758,0.11238831771851748,-0.0001942204643818092,-0.003334518288905964,-0.16349529859974984,-0.23136399698397947,-0.20825858898247246,-0.07554981143931816,0.05934491157873249,0.1352589290153168,-0.04370210943182379,0.1270051322039371,-0.09802923739100577,0.031278519870693244,0.04237845024459218,-0.09275343371433337,-0.08607960407574106,-0.08527400947708615,-0.1754344425506001,-0.06841115927255886
neuron_023_hz,0.14408668037185896,0.08221708733639801,0.020913121186419484,0.005583249752290424,-0.015799453904021,0.0042238319130283725,-0.09852004454792448,-0.01966517910509423,0.051055205819759225,0.04774181546544522,0.03404797851313779,0.0877735595553703,0.2324574506780434,0.26063943878446744,0.25797292583669806,-0.1607696397831434,-0.029950982803763848,0.07229082471987236,0.08045850340221045,-0.163709856573675,0.19949307621108425,-0.15284424878406946,-0.05303881294654682,0.08334294047464295,-0.15876879262729848,-0.11482683097634785,0.08817927990565139,0.13674541056820047,0.1805619627784119,0.04272802644000454,-0.044093982177602624,0.10485012565699325,0.21627622060030322,-0.06649328495518099,-0.2599432631539677,0.052138523500078686,-0.18376738088393393,0.1268224652020835,-0.07016889863813117,0.19570272896823318,-0.00279478767391529,-0.04547275517851805,-0.2174072944382485,-0.11214530303779076,0.07190952641635151,0.022562654383029235,-0.10933107544915842,0.02688244514112476,-0.14665513886739967,0.057079398319396644,0.11855120248519319,-0.041995070588582636,-0.051977028088108765,0.2371645870041388,0.05842102830765415,-0.01966323239214257,0.07819579263832711,0.16614848612586922,-0.0022771683634122963,-0.006748292503721581,-0.14276100879515702,0.005216701047081079,-0.06756486632627387,-0.008445294278909006,-0.05685721963735557,0.06839892938359005,0.026046483009442026,0.09324185437296961,0.01883384268270516,0.02536108208564386,-0.028211381721749876,-0.03888178614800862,0.0020277452358026388,-0.04758768585402494,-0.017577218566339932,-0.024196367707674776,-0.03628027281447971,0.09997849775157036,0.03353364376777069,-0.007193913574186084,0.009000787160784285,-0.005259913851860379,-0.014397282169068715,-0.09412594919686915,0.04000178659896604,-0.015839571609228387,-0.008139733492920638,-0.02254395120046879,-0.031804403005878876,-0.0030861629394712915,-0.023807963829754572,-0.036861613666339346,-0.0070157753394874955,-0.002238115901229635,0.01280072186946209,0.005280477326441879,0.006444301311916159,0.01775547318157794,0.023824922745192115,-0.006513970062494493
neuron_024_hz,0.010647744607834525,-0.007221903478117811,-0.02253990713749824,0.29061206813671253,0.061929302591309965,0.03668783507932228,0.23428390794144832,-0.17155977717610885,-0.052338337146143124,0.0547074604256275,0.01643146218196635,-0.09238794901918437,0.01393315155186406,0.017614163272490733,0.012372406367641406,-0.023083090393175597,-0.029567881648137395,-0.028077384024594837,-0.013939665283248248,-0.025860741400295897,-0.06841174835759743,-0.036666202624084494,-0.010290168413441617,-0.000978178848645539,-0.024699232869460103,-0.01232466503147608,0.009317685422542351,0.039006696978283024,0.04629376183797912,0.007015967503922971,-0.06338665753782291,0.021021806802155565,0.0645941408603143,-0.04376618430245205,0.01839363692947747,0.10003716751079819,-0.06834797308935979,0.019285321993254063,0.029319413459203525,0.0365255918840818,-0.0433829720840582,0.008877834342486346,0.04638860433952294,0.06598966682699237,-0.016074704946254695,-0.1353582510659209,-0.09296747489290122,0.027085778294907787,-0.008522919846007008,0.04753145731317926,-0.030663086462876937,0.06036319470940232,0.01967751924716893,0.022295963350176876,-0.07087931384839666,0.023058372809147715,-0.02654008706668215,-0.12680077559107408,0.05070750352908421,0.055330430312813275,-0.034978484955815105,-0.0013988700390310388,-0.04038608045587591,-0.01880784164075596,0.01956765868045885,0.02584546623401335,-0.08180043947944166,-0.06991484491816494,-0.022179940967938072,0.06002131483988996,-0.05254617805367254,0.04860370394172592,0.0298551049844952,-0.0034348125367262682,0.11848710821930492,0.04345633298598342,0.06072204649587363,0.05961209157478205,-0.0766240623488002,-0.037211212869632034,0.0918185350600948,-0.03522841063830638,0.07820925925617495,0.10630040719455655,-0.0030090014686880197,0.034987828605760385,0.013011765927278679,0.0315193631091418,0.005108699755551553,0.055676413726112525,-0.05581565266912071,-0.04695951605006796,-0.012703912924971972,0.23748948132258135,0.37296778292778526,-0.0035319630911321287,0.3889941879924355,-0.487504306821003,0.12865136207256062,-0.023865038944278542
neuron_025_hz,0.0429607173128353,0.017074243742816,-0.01072175742484646,0.26185974433053066,0.05817197728833127,0.02901134619637404,-0.1134410555123359,0.24789875594227873,0.01519237633397776,0.03920182538580203,0.12680649349741122,-0.08073638357408974,-0.028238699281203677,-0.09635995501760046,0.03152391894049289,-0.09383693819489244,0.0016325298990856052,0.07975771227315037,-0.04814706452296852,-0.08772568423391566,0.15695992237420275,0.017992591024581783,0.07051078190335354,0.21299109226628696,0.07210439945601077,0.06366645769184559,-0.01599417937563198,-0.18427154305085702,-0.13814723987731367,0.10495439716019646,0.03413016218290407,-0.10675353541997658,0.09104698590368977,-0.08401150457181117,-0.07898094669128734,-0.19140358709603617,-0.03529173646290471,0.07404373351074311,-0.11274252974074125,-0.021613329902202574,0.03771336436346942,-0.009412400499734214,-0.06827209190242375,-0.01676952421125566,0.18436394682382662,-0.0092192245093893,0.14291173588030381,0.05056249758365748,-0.12121591844330112,0.05546732388210778,0.0020397453119665176,0.14243768406641485,-0.12680353460018423,-0.09206953408204491,-0.04785426819777293,0.1903685429149025,-0.08582937388042738,-0.08852483701447689,0.09483023678001921,-0.10592572711009912,-0.07769538728784078,-0.009049320740754985,-0.22459993818695667,-0.05728914047320758,-0.041608978543133585,-0.0038797779873160562,-0.0849679671646873,-0.15282868447923365,-0.27589492187646614,0.044311162498879064,0.025296006024877263,0.044667381290111496,0.19320746079040368,0.13738074176346732,0.10148869314283222,-0.02724178165451907,0.18738243279111944,-0.025378370972075376,-0.05332971452066375,-0.03206919043933004,0.0856749692588962,-0.05066173567299717,-0.0009261893341068871,0.15389492568718596,-0.042477374133205646,-0.03800068648520197,0.05153159049160731,0.03302242649502701,0.008647232568333649,0.04653868535738867,0.029993377483088574,-0.02671192778029398,-0.03185071938188144,-0.059855482943853885,-0.10723192640160538,0.06021692044430843,-0.0780294476530529,0.0035561274831584777,-0.012728624006518016,0.014059919272319303
neuron_026_hz,0.14810907115103358,0.07617602364302657,0.04770697944718574,-0.0733149802839661,-0.04031262006313295,-0.060755558909221234,0.04257201651829932,-0.006260461208468685,-0.019139066107555544,0.014476233956845806,0.1177055150527893,-0.11830837811874251,-0.04807521689197569,0.05042772777782149,-0.03753218880332518,0.0008964930445536819,-0.10217350367869278,0.0035125280255511038,-0.045568304176961574,-0.11680974130742654,-0.0054628777275355506,0.10550098850844039,-0.0035826433197159446,0.21449195243039748,-0.004878653848136488,0.06464001254839725,0.16284857697056146,-0.1558085631076658,0.012162419043977225,0.0533388114327939,-0.11828135736364342,0.019643523414792464,0.1384483536386268,0.06772719127357281,0.021222140608924873,-0.013685367715196628,-0.060122727210977236,-0.04000290361652358,-0.029720850277600873,0.054938344918925616,-0.04236342081884867,-0.16784627509870598,0.09968018360836711,-0.0037223909957073836,0.04838028597499415,0.09043772358113503,0.0801873245245144,-0.192359455041481,0.39354403846880154,-0.20031364378170363,-0.005306177799354925,0.11045545712214053,0.05075950694536287,0.2254080785969601,0.09323800292911608,0.06496757745872286,0.037262710692441255,-0.045749446281230115,-0.04486791414000045,0.1175491146823725,0.010096490961074941,0.4438438875694035,0.06857239032006013,0.06552590583764709,0.02666444516671604,-0.10175283505205157,0.021260987877388643,0.06085226995669367,-0.040534096370605954,-0.12274626546013032,-0.11698487787184089,0.09789903348892286,0.05948723202970253,0.12605034448823096,0.0942026318320681,0.12178459685580115,-0.006933360175001457,-0.06979896741718716,-0.005754899644510925,0.07452990666041173,-0.05186491678828037,-0.04974869888679517,-0.08402310775806712,-0.06299730241796253,-0.0320260651938055,0.04820489946110176,-0.008169066122554428,-0.03533669179901627,-0.030031999090750244,0.001678518048456857,-0.07681790307458608,-0.002309814734483953,0.006203419674991023,0.02547477660599501,0.039420392781076743,-0.007478043403428933,0.00041055294814867915,0.02429725293687479,0.0075218782274600465,-0.035514865289890105
neuron_027_hz,-0.016884266430015824,-0.08888607857349833,0.17536098582768306,0.011622184647298028,0.028808552739781623,0.045391929936150606,-0.16590818607395633,-0.18026277770425572,0.0149424094811396,0.22454874011843415,0.183400560329531,0.03101563155640552,-0.014768363558877007,-0.030530254831596694,0.006240932753487985,0.26672027908148244,0.05176089291261386,0.20705610155530949,-0.23409968696636743,0.1067726880242921,0.04804224296323716,-0.22519573525253145,-0.12072193059440864,-0.1918195471407601,-0.20595089116536527,0.11954624098233396,0.39259433331621485,-0.06350141624808554,-0.028274832831702096,-0.0354750020688674,0.2643284321471012,-0.05940111190903681,0.03311737698485418,0.023971488430336724,0.03224019470351651,-0.09743784181936987,0.023562659872784837,0.04808950564165153,-0.029721035078746155,-0.023068267553786766,0.05623398358112029,0.03645512421548817,0.037726673280863696,0.11208908330768869,-0.022523823261873587,-0.036123770562276176,-0.06412948530864865,-0.005219931533484316,-0.05364931357565121,0.029033480267753535,0.02167798296122196,0.06595343699515778,0.02601074412508348,0.05631693759879758,0.04570630831127086,0.019848559243341557,-0.02177484713631582,-0.06367020440289466,0.047613422426119184,-0.04328468220835388,0.009153839272641734,0.031430209141648395,0.020105693444974114,-0.03813494545500318,-0.09307227205724877,0.09484981613712178,-0.09218762360581721,0.01230917748145409,0.012491006316173656,-0.05174999161716097,0.10103675123762557,0.08884735672482966,0.057286045703272226,-0.005582163079073643,-0.0883617124085768,0.04638170322953725,0.01820941850764237,0.005954538301072544,0.05379157662068779,0.07934348938919891,-0.048623668372530834,-0.09057188630470975,-0.12522844243805017,0.030894607142184578,-0.0541660565002483,0.0478586285832622,-0.01747880739585958,-0.04287838013203525,0.0635882436064569,-0.008640785289982193,-0.013954854703042037,-0.017660555483571306,-0.0008101783421413378,-0.05671189111731288,-0.025203369211891327,-0.17212826440099407,0.11182865186150924,0.047655969589792346,0.09371341844435721,-0.01659762099992279
neuron_028_hz,-0.016851922698108344,-0.11174208219710739,0.23045296568970633,0.002257908019057174,0.0193972680970517,0.008298333126710597,0.04671715984942122,0.09431194677536399,-0.004416978296897461,-0.08084042176420772,-0.0708151622471085,-0.017838005900977533,0.009654926031178623,0.020156094114538125,-0.027589071137689263,-0.04877883527324374,0.016633269737602013,-0.050099089530214386,0.026209109465258923,-0.02661692681741988,-0.021800336082216286,0.04464468660757162,0.04893208017514822,-0.03401247266270355,0.026765221292619934,-0.00968397151985148,-0.04559370092627031,0.05956734289812017,-0.005835393834767319,0.013365221400621647,-0.007945927172050102,0.029451848828158066,-0.016904938102223793,-0.0047683163623014335,-0.042395391107426406,0.016099928610149805,-0.09501450015659513,0.014840516339480424,0.01715402991406819,0.019460004737045344,-0.01674812921668685,0.0515266270228453,-0.011209832828186541,0.01983092288275483,-0.03172995461300028,0.057161369364465545,0.01446945758929192,0.011965674130472795,0.023733571472967195,0.002335248411646347,-0.008548479044092172,0.014198672371074101,0.02676344477794272,0.005446682460232943,-0.011047615357281569,0.029429515607793146,-0.04579315006878525,0.013393166762201383,0.02527869209111909,-0.033319243322520495,0.015492613074731681,-0.021858118815420255,0.0423047261873383,-0.01765249430264902,-0.023982528734897132,-0.024177599444187695,-0.08443042826737326,-0.04743998176305927,-0.036483952652766286,-0.02095321305235444,0.0379043451725479,0.03908925177841342,-0.022087117820811665,-0.04131533331427718,0.0014572166553067228,-0.024651265434145753,0.05580202451348318,0.0581900805381923,0.023161676642626604,-0.0023709977984597425,-0.016700937911499847,-0.03816180202731812,-0.025935847086306987,0.011089275637195082,-0.0899026945936723,0.06877168239555095,0.1042672222283427,0.027305477137336547,0.02228960852241902,-0.02984413105677709,0.013521911362803993,-0.022025977738646556,0.02720563374902249,0.11022259756658835,0.0834682757650104,-0.036831902431954416,-0.18937601882520189,0.1743003377266653,0.6040546250413472,-0.594154988968839
neuron_029_hz,-0.12400845770966207,0.10209549877080293,0.01481097431463864,-0.01963402273949577,0.1385335675352195,-0.1643982127079187,-0.039218670223176114,-0.013348431428675284,0.17999171962431726,-0.03619183793352589,0.04676750335177958,0.006031304167060426,-0.0600818599907417,0.07443356345028024,0.019419920240390215,0.040868128799737835,-0.07167728223728004,0.008983792186965989,0.01155858030257918,0.02430957305779895,-0.06579332768189164,0.03539979146223765,0.012279242558293685,0.0626516359216715,0.02856920970694468,-0.0635656995552219,-0.088827727110467,-0.0028013965722297196,0.10702648741522687,-0.16149889248396115,0.07349972970980573,0.09833265412719054,0.2043004190687246,0.1219799758813595,-0.11403523373144867,-0.051635904591834474,-0.00041420593241216913,-0.10441490788869012,0.24499927812526906,0.017505940663367123,0.16170879059041532,-0.040708149004074656,0.1832650419857886,-0.00276662282096031,0.052699904055169805,-0.054569281938958845,0.10459356910350051,0.16291795713355084,0.001176795057959687,0.05392599074023771,0.11628675541623842,0.04934441586893333,-0.1217660793404146,-0.03851605388362741,0.015386978072831903,0.04125617173782478,-0.08195592249152366,-0.20094188460408652,-0.06469605445886563,-0.03716603328538694,-0.07742773358710585,0.010875946477446198,0.0557706649009613,0.25057637315642983,-0.17104525687505384,0.1201173648857638,0.1076793724128999,-0.004288119061766758,0.08772154664439108,0.0117283772693655,0.09988937770921873,0.07836221273492898,0.025872526025512488,0.0002361861605029384,-0.12328425154104712,-0.00877680597177656,-0.023332862260670384,-0.13214412058930278,-0.02771294394945719,0.023394216618147973,0.25671872603057205,-0.3048846488953428,0.2006870595652792,-0.19856483419057872,-0.03426596180769315,0.016369865700199784,-0.056153160147999814,0.0336689062826378,0.053688350553071584,0.012450182134181944,0.016792534498328876,-0.05341985738596526,0.021757244842816437,0.07901842652847102,-0.08910873200931602,0.06608467767935952,0.028607581723133185,0.01503068234263899,0.050429255988877625,-0.004972085246360176
neuron_030_hz,-0.014802286200667664,-0.1012198012220653,0.21045098755778402,0.0015305458838286814,0.017796028862430348,0.017658034259408584,-0.011080954666620468,0.025559194584376936,-0.009969448492448255,-0.024858795449876927,-0.0448004824847191,0.0014868947775127303,0.034732978469094344,-0.005815062204219661,-0.010023571488446015,-0.14323285318014445,0.022080264469421046,-0.1085001985788473,0.033494237237002,0.0559478018905321,0.06359790277598867,0.03984620023947813,0.046761613659330764,-0.01908354413635366,0.0990018710428823,-0.056293108247391935,0.0010424476339953546,-0.02208044985437882,-0.15308296812273345,-0.02574683717894967,-0.11081645317955394,-0.07608578182935705,-0.12599946816119417,-0.05182954803282014,-0.0908825145942324,0.14992248786808463,-0.05123508544765684,-0.061021595623020244,0.019869447599648066,-0.12026364535829961,0.2528968402411992,0.06047231597769406,0.0009112699694137534,-0.15467869858301578,-0.08987008279086495,-0.2431988140780046,-0.057095595274024094,-0.14318585729093103,-0.1277712867967328,0.014696082063461138,0.2520223789919193,0.07974003407925831,0.16942779938724262,0.09420352901928021,-0.08274877736939806,0.3157363485331873,0.08366523246367823,-0.17021499444028285,-0.08557155763258481,0.09110628095852019,0.009428894597019302,0.10404031364978399,0.042519104409800106,-0.04797490073605121,-0.2114037089191181,-0.05260196014939454,0.03511197671861241,0.06583100172574445,-0.026309404881735554,0.04565704832199015,-0.08604627369768005,-0.0074641982525978645,-0.019620266252634244,0.01916808312231859,-0.07437346442212353,0.06545942188080414,-0.08946833243739463,0.03920306801609299,-0.15096629688075683,0.019240417381059513,-0.039953261255881216,0.08555670443231683,0.057397771362608735,0.01066310256267633,0.06268475686695354,-0.11398905384193807,-0.034723544375697996,-0.10911889764799282,0.0262258342913802,-0.0046121174859062655,-0.019395134561405902,-0.09864112693679034,-0.07658968918546591,-0.01613406181915178,-0.14768151414995867,-0.27597371736963316,0.10208087953365026,0.04002371705007421,0.054342014927620794,0.099868723629089
neuron_031_hz,0.02915802033736995,-0.08487224448238388,-0.09065781717819611,-0.09939427656728497,0.2036008812961143,0.20997495582773804,0.027403458320015357,0.034381935476118126,0.06279733668481206,-0.011853108399554573,0.08330470780788243,0.04397568994475301,-0.041806582407179285,-0.028965793496550755,-0.007823463183207757,-0.16373472772565317,0.09896113591212122,0.04985043161692487,0.17607566823622126,0.28248466631795743,-0.2519277802941594,0.13462647401311306,0.07501206612341224,0.030292120331678996,-0.12431781815975727,-0.08339952342206286,0.10396360132715327,-0.19705970927743416,-0.11866119868587119,0.19519998632962168,0.10927534943541978,-0.1319580046905691,0.1929617407772964,-0.05904994707010405,-0.12425376746770153,-0.08440523471161136,-0.027372972289706157,0.0009521823853480826,0.047391393500609794,0.2378031677340411,-0.029567223922716594,0.1572873031470341,0.03452128190778328,0.07757440416602984,0.030301016003873135,0.031147009108840565,0.04212464099297186,-0.19369041206176602,-0.10270218352383059,-0.04954444448760377,0.19769334721961407,-0.13486696921971603,-0.06505949976272365,0.09738322314951615,-0.01465422226304694,-0.07725163387907107,0.041248288104943534,-0.07922275955573667,-0.042139823718142295,0.026055007951250375,-0.0573330597707153,-0.1547055025927987,0.1308342188833606,0.1320629728753567,0.17359389567599512,-0.05491023693079664,-0.05612199334789752,-0.08648970839841583,0.06944694513298769,0.03677897670614996,-0.050283791839023526,0.0033367862769690254,-0.11048967867960294,0.08087081236507232,0.009021159352639446,0.05838401633548364,-0.04490089280625188,0.0439924948404222,-0.1427134696945423,0.03988898663043247,-0.051896292316280464,-0.025934191708335344,-0.040249887721762946,0.048664369380048436,-0.02405980135596895,0.07162880847202566,-0.03991971111637713,-0.03987281195077123,-0.03133302215369839,0.00092408099161417,-0.004704090093605999,0.02449213429429181,-0.0034549546476788096,-0.0020945321179092757,0.0037110234941543363,0.03482854192677312,-0.004102193403778223,-0.011408457462464772,0.007172060649394137,-0.0009385372466266817
neuron_032_hz,-0.00047388863329914316,-0.012399718485590624,-0.022286375709282855,0.239140788099771,0.04393491672323494,0.028309902677797885,0.33484829585136017,-0.31978018294343835,-0.06857376769130896,0.05877945150406033,-0.03625859293918826,-0.060548485713875964,0.05110519194517252,-0.01582233713594204,-0.020862744120545118,0.0014506850491459791,0.0035335336015123037,0.0014549013664073296,0.023792219874716358,0.022545688042068718,-0.047349777560668146,-0.046834776237213466,-0.019147035946204344,0.02278615991587648,0.011058085808187595,0.010720234993269864,0.03204298784353966,0.036569386659144776,0.04138169447031814,0.007131430191014004,-0.0773308110434022,0.054208624208079224,0.12306479931970725,-0.07993045929604875,-0.0012870383464758228,0.15596740586067903,-0.08313525323429986,0.05204661986965585,0.11478844415447094,0.032111806701316234,-0.07879332862913156,-0.027990576418824964,0.05960583094902136,0.06176123189206549,-0.06548513054416062,-0.1260385766567504,-0.15044722160722374,-0.02637593098279041,0.08766313423576051,0.0990631042190872,-0.04496469949922602,0.060458771967587234,-0.013296557782761162,0.05472418158519749,-0.0841803301931735,0.049621375978781676,-0.051875781093531234,-0.10354269502215914,0.08057764033764064,0.08725703648757026,0.05458027032098097,-0.0694573653452909,0.040652293048307246,-0.046131493406210165,0.11683914113826988,0.06977091973027544,-0.08285778826136989,-0.09842434672236114,0.044783924107762885,0.051205444999609454,0.0449665749840137,0.07747505937982224,0.08551380420065174,0.0033852531704564575,0.08791772666056155,-0.013410183678352977,0.07040460504215684,0.08756183513679221,-0.06179625140044698,0.04170162578849254,-0.022155729295500123,-0.051309335602787484,-0.05561987847505317,-0.08594599249783631,-0.09492283023261289,-0.1532257861315126,0.03059641246273022,0.0553434939196681,-0.03496319423981038,0.08217287355098139,0.10284918642362086,-0.258410610829113,0.02372727538026978,-0.15715787854972746,-0.1948538919627767,0.10278322407906659,-0.2325060371189257,0.3583284187256404,-0.10457642125780474,0.05115382111623803
neuron_033_hz,0.028454709483280986,-0.13820231449749748,-0.13146591548567346,-0.10611403581259124,0.0671492052127391,0.115517765513344,-0.032910193343820594,0.07473369836417784,0.017479705600612575,0.10524556815489894,-0.12928295517861121,-0.14836191396059667,0.05620368604670804,0.06965787869786548,0.028748857197082978,0.07870022567553348,-0.008303906224585347,-0.024833068781402304,0.03563604842454091,0.023369742675410497,-0.07227949702435849,0.2413514383317439,0.07785267124886706,0.07112241207484687,-0.07425154050036706,0.07811763727515109,0.07301127525029236,0.02890548509146594,-0.05869249532661665,0.023097726311591092,0.01741289015617012,0.078581015027236,-0.03559228233588461,-0.1351247528254924,0.0960979947785095,0.023615981284161314,0.1485389900709818,-0.12119591622829681,0.20628825623695288,0.10166814881274913,-0.01432887051604683,-0.07160336978902584,-0.05085073873810675,0.053613387801921555,-0.0328182711884255,0.042250641683681776,-0.25770103781882325,0.11698876844649808,-0.06006377223701904,-0.014147797826692874,-0.1643618434784203,0.19243591376887423,0.1675547594973305,0.09596476997130807,-0.11842713657851439,0.24669759695477284,-0.03559112814363227,0.2832698199230147,0.060256169059569306,-0.21934732687650685,-0.15378609014847305,0.11174971189107452,0.011549609441975,0.21252420294395596,-0.04724486803719655,0.029281687751294368,0.015164260794918435,0.06596664822919107,0.027586242543325493,0.13541510462154413,0.1684004355107891,-0.05434415070242759,-0.01816182187896967,0.17190107580879654,-0.09711190328064728,-0.059995230995562074,0.10528638846151406,0.03115340285659461,-0.048444248314425675,-0.07247973281941697,0.05473936352147879,0.01702053460415133,-0.10256704491128371,-0.029771886740888258,-0.003144770040386359,-0.0009584227926768343,0.0580589689701807,-0.016118447222803256,0.03896548901364584,0.06046906435224417,0.025436484734711537,-0.017396827350296032,-0.01140188175744035,-0.030004206576723022,0.020949444657903715,-0.020498601195269483,0.04465523457406455,-0.0046718309369941525,-0.008371297330042785,0.006743178850399783
neuron_034_hz,0.06007345119395998,0.022722175262948077,-0.015095674443871237,0.2945147247977426,0.06301566204011888,0.0426458719103453,0.07226977955001213,-0.027980526736131474,-0.04090974281962786,0.009453985721495878,-0.05339102294982749,0.024941169938600145,0.01899952056812007,0.018508842139274714,0.02726317803181153,0.03548709435504831,0.026517842581242942,0.007544727909351588,0.030687657569043514,0.05864422681188102,-0.027230764920551903,0.004505335426554517,0.04620912256594138,0.0006191936343487425,-0.025345826483017107,0.0024374668464821336,-0.07001770178679893,0.036663371373065835,0.009885396353411232,0.0030972170479593407,-0.02566857272517584,-0.032811334264866064,0.029329915747729106,-0.004164974664321558,0.04535596965457938,0.031079269587556795,-0.01876237235724077,0.008608660062497296,0.03709520673499252,0.09201719091806687,-0.015890012724455716,0.007563005051898452,-0.0017956419353106212,0.013602953178248833,-0.06892990200905147,-0.05982162422886016,-0.0072618199583843815,-0.10271269107085594,0.04044674171999374,0.03550173241209905,0.04556340167799475,0.02114984533639833,-0.051972509140750564,-0.02593767363966333,-0.12662085089579272,0.08322228000563174,0.04324311269144731,0.003362677533351864,0.010911105728508577,-0.006031137742837502,-0.0028445737193203355,0.04551643581052787,-0.11420005191828031,-0.07594765745892945,0.006962490405305444,-0.0016340251705792182,-0.0401451796513232,-0.0009968284018634123,0.17999362625144744,-0.005183126133461571,0.10303682882963683,0.17720873301255582,0.1525409321717558,0.09141954767007873,-0.10397197520131415,0.014513308688296981,0.005674830542964776,-0.08129351178245155,0.15121593395884877,-0.046018415406997804,-0.12302456343536751,0.028852843348551975,0.013836580529805367,-0.2689935195026687,0.21454990404774227,0.12666808229383175,-0.09777343921073034,-0.05375580301484519,0.10917927652086039,-0.1411331545347278,-0.09582380712728769,0.5569281359335043,-0.017130711184563375,-0.09655459054347526,-0.17796144941810407,-0.06566227170106556,-0.18792400202940607,-0.1861460086546005,0.05404705178202309,-0.031915077757571284
neuron_035_hz,-0.12905251470926046,0.13200106459081692,0.0265486997761305,-0.022443119299955544,0.0808094547371092,-0.0035154448862916156,-0.006157299201363861,0.05002362053498638,-0.1509787324479883,0.11652769186217743,-0.005976501348902834,-0.05684762129777825,0.03090534789414824,-0.04025110063890573,-0.019604299866752495,0.0030465122504825942,-0.01041946285637102,-0.030976185119319037,-0.06425843047757356,0.05747875083544006,0.006205134550566484,0.04617387971676033,0.041497938665096226,-0.024792486117333513,-0.04417129557840443,-0.051110821062386236,-0.003789551399355967,-0.007069966066389023,0.06393037253217954,0.010867500141516245,0.12057726138347656,-0.022359770416892945,-0.11423972194462385,-0.009383452680227881,-0.09603573639813476,-0.06638173300613832,-0.11523216217261778,0.03919325716463361,0.06381815061541797,0.1700223739764362,0.28093614513922643,0.08496133789349222,0.26121603505248103,0.037318530265891874,0.12477180229534109,0.0030173655169662833,-0.1876146684176975,0.057145731187199095,0.17821544238061982,0.08566436734987604,0.044912825711409865,-0.10651911673896325,-0.06476660926797888,0.024437226945284114,-0.2805647564763101,-0.0695399131660728,0.02288113839159006,0.24241522494416776,-0.19662649044479702,0.1556579285453706,5.3988439857615214e-05,0.047648785456609576,-0.1578823834310779,-0.047637348874273844,-0.056317705440339025,-0.08743881706896729,-0.07970102989518557,-0.01225708146218226,-0.12383634093962786,-0.11317664750266421,0.04814980138606214,-0.019597880090948684,-0.014646545251547988,-0.10460391824341808,0.13398398220055757,0.023970113676876265,-0.15887192194761868,-0.18292180648577006,0.01972144737394927,-0.2871523045175529,0.032938960410748716,0.005157222054818444,-0.14206709073938187,0.03478399920374228,0.018732024497865776,-0.13603586559339728,0.007217034592934851,0.09040712446144894,-0.08885367282569076,0.13686270337900766,-0.0029428794969911243,0.0027631163613038873,0.005215196415336756,-0.04255224106441447,-0.0037615144688420976,-0.016576757855752022,-0.026410040006970472,-0.020283370274989228,0.019319991797056485,-0.008814801216538213
neuron_036_hz,0.1549438058660655,0.02846248337434578,0.00040728189053373335,-0.08663342606273351,0.07086032889321535,-0.04641150255814178,0.002078795389456717,-0.02639767355190285,-0.09133507043438298,0.04836969318055742,0.02300977341325999,0.09163054180152751,0.02259456092735711,0.14725099661414187,-0.13302271428179144,0.1426814100870269,-0.13253517549058513,0.019319679301601306,-0.040186623438056394,-0.1886110701066204,-0.10493263651586451,0.14528317414012298,0.0026369667698359772,0.12336918871447371,-0.0016557518419708928,0.16916652935165027,0.1354567825585826,0.04151241616987833,-0.13473778688440344,-0.0896552640997176,0.08246963397721198,-0.03243712986414204,-0.04706886482876847,-0.22440956406563572,-0.27322936393728076,0.0036248191595822377,-0.0716194970750412,-0.23028031538279872,-0.06766809053792557,-0.2247916933411036,-0.09184976331822092,0.11457683737714915,-0.04052922668419567,-0.03436627276532826,0.08219232674506154,-0.04637019777897555,-0.05218596844947673,0.0620789792986643,-0.035595201562739286,0.14374750730529057,-0.0741558145872361,-0.1461763730601671,-0.08938538464901767,0.11857512476456196,-0.1559551152460092,-0.029864482185068535,-0.08240256548288512,-0.09430368278618967,-0.1474620810726208,0.024575688658170627,0.19421358722992574,-0.08905289208124233,0.03102272180718877,-0.014208235142699366,0.21850660565807895,-0.07974256072478086,0.1909569467730066,0.02593475458582095,0.04940467173006044,-0.000276155402707267,0.001697394263511869,-0.07252948308675393,0.2834096793061758,0.0715998574466114,-0.11861106970983915,-0.02254184377224973,-0.10719790887619221,0.032365923648580076,0.005000053027961741,0.006480495380216847,0.04587802776935301,0.008112424909534649,0.017933057446066082,0.038975026746932984,0.0525749786822621,-0.030736941801829995,0.03097831422029043,-0.02748221317244285,0.030274022446924478,-0.01711135144623089,0.02143823195237956,0.03452150536511036,0.01623916635166691,0.0683387920846814,-0.011762660484210884,0.03001017706410137,-0.0019320190553790834,-0.031137804691411995,0.03200055621828915,-0.0400722995759684
neuron_037_hz,0.13006689676845107,0.05955869187723383,0.0713268239970067,-0.09098558481912904,-0.024671800425230175,-0.02601502714785554,0.11066895793454774,0.05799018829608359,-0.031231451108451783,-0.06303559145509319,0.058112791344924856,-0.12261844789801556,-0.02264669616426867,-0.09918648069876324,-0.38268224965063835,0.3424441365224519,-0.13921491449810114,-0.2553173601778129,-0.08527103314666727,-0.04384430972982334,0.15536966143546088,0.11852925416622306,0.11525710292207111,0.038258262249411396,-0.011320380525984965,-0.08881296367054294,0.1049219593828089,0.10089921311729907,0.21416515414516696,0.08577289368256076,-0.05247480195713917,0.09506634891508475,-0.08297040260486051,0.05747557715438048,-0.19902896048520374,-0.10710433464801808,0.035868360761321216,0.17549921151601852,-0.01660024671544602,0.0861224424637912,-0.15214309901921538,-0.019686574095703256,0.05294824136260364,-0.026230772706479333,-0.06946215064144336,-0.002545456739088431,0.032514138432073736,-0.022066023397832396,-0.2147896787936488,-0.10599108363217438,0.15401207935460953,0.00696025665108841,-0.11260283785670523,-0.006698512795681048,-0.03410763030625344,0.1245333747181138,0.09232393511821735,0.02293040176154333,0.06733216986349772,-0.05501451428283234,0.00532759692773489,-0.18058578244620882,0.008720728385863893,0.040045257017701175,-0.027188851347050028,0.009303593560156033,-0.19235764428161056,0.03587315764522085,0.07971945679804586,0.0853260229849339,-0.07925079040817438,0.009513997245509095,-0.053197970164702714,0.05284070028485066,0.10100196337142991,0.08364685334251859,-0.032495412187674655,0.016895188305548252,0.04148314455863482,-0.0061637759627099775,-0.006379531106829352,-0.09859111973616877,-0.010902318842235227,-0.030071907318936473,-0.00442526500621368,-0.03606044697992465,0.03932646359908665,-0.008915789295037668,-0.0014042245504489043,0.007314251613228254,-0.02720814946911645,0.05612675452574689,-0.001127855323232424,-0.03949121862991632,-0.02823833919806551,-0.01334805938342987,0.08443684778358058,0.030669192675935108,-0.01981716800919225,0.036024762052665506
neuron_038_hz,0.03538185021723651,0.007459995521085473,-0.01915767249447558,0.2741648431800953,0.0650992306071803,0.0336006296701471,-0.09321950093047188,0.24021228447893447,0.004958561088541162,0.055004396102081875,0.22109570369005857,-0.09560017998801211,-0.03866251554992367,0.011454278234104253,0.0022943332964710387,-0.06533407026514898,-0.06780543087522121,-0.030597609440451454,-0.02523221169836921,-0.060621234027386214,-0.09500350044354719,-0.06138391703630987,0.019988080038196524,0.013417722465732689,-0.02108361970068494,-0.1250021974538662,-0.016914829311991494,-0.013837159036257062,0.01836485649117367,0.01445324758279504,-0.00700122170339354,-0.036066526184593245,-0.16049318480554578,-0.12883840811127617,0.11787893675154888,-0.18631366016456155,0.006140953599743884,-0.029702891941872776,-0.08701095130811316,-0.05433248140283767,0.06833167435315733,-0.15885582672005152,-0.03965633905956995,0.03589803842869821,0.06341097323291613,0.06370967538405445,-0.00793233515448763,0.10570218832693884,0.06011874383917258,-0.03193810603813807,0.1044529206852905,-0.021635194093265312,0.08619012171142347,-0.0140449932579792,-0.024908874243064892,0.02095999220910118,0.11531921047788722,-0.0005468975521901245,-0.002476337188552419,-0.036926587318768175,0.11447072339198688,-0.07664389506487959,0.3137360366325574,0.0545097990349928,0.02492706366151658,-0.12654655360394118,0.02855164922937433,0.027636892943508715,0.21207737622407774,0.038206364296172586,0.12653443801422745,-0.021257790312692426,0.052894842742948193,-0.19929959115169404,0.022535242295030528,-0.0035473333362933887,-0.001108135793364981,0.13645595236021998,0.07057920910692808,0.027295187934102766,-0.1313030823784153,-0.008635331139612845,-0.10242228411664939,-0.3246951784623872,-0.06252668725994871,-0.15921819366928547,-0.039545661745531695,0.02701808955468032,-0.13827529636803146,-0.053979797340142285,0.08125349103070163,-0.20617930936534645,0.033112546626108436,-0.07647182424960661,-0.02858333915472063,0.045060189043325524,0.04258288138602605,-0.16428503635233757,0.07362269647728248,0.009036969599873873
neuron_039_hz,0.07304688239767136,-0.014435605396047813,0.10745748559646774,-0.05830803473158205,-0.022348570754590784,-0.13947869157489975,0.3591558346586753,0.3509194469381576,-0.039087093035194136,0.07971443828154774,0.12291201757694452,0.08677627892353294,-0.004612305026700151,0.06570560559456634,0.08350459761736201,0.058696855680593275,-0.02214161787006764,0.07859471152169197,-0.13883913998078734,0.1895390045037903,0.017689775924574033,-0.034986955522451124,-0.04585171442036132,-0.050567211953934973,0.007517065447646701,0.029625673960002895,-0.019529232224438295,-0.03710415412062186,-0.13908143400659476,-0.11388647164927385,-0.15858622227263444,-0.006736081851073328,-0.04565975584993867,0.01071638370046852,-0.031805176349727016,0.08533981015765121,0.007714443119625269,0.09282195138153135,-0.040506579148664894,0.012769752382649699,0.06704463536517569,0.0342616984472173,0.12818687036602655,0.003225146674051471,-0.09587522654880348,0.100240353847155,-0.07330053820285914,-0.04249032563840768,0.0021463052502251473,-0.025223273594123706,0.0035495406643279853,-0.07708448155480611,-0.021113496054366774,-0.009830460059135536,0.116661380970158,-0.14565577882050057,0.0390058438170518,-0.042875480879715905,0.0688371777680492,0.09283269215596948,-0.19416263257821526,-0.05494250386041591,-0.03033138837856221,0.013294846189627105,-0.0046896231154546775,0.04422646194505022,-0.03033787866746933,0.004028305491945591,-0.13657615029270012,0.043676276781950005,0.0997064116890378,-0.09195048326634844,0.08936019945104273,0.3525682619551882,-0.2221540325366212,-0.10420762953719731,-0.05626334149330271,0.07704037373149245,0.10574830392376663,-0.03856316462900931,-0.0765777159810412,0.03141669505001764,0.05724309691793478,-0.16320823895371533,0.08111465669107126,-0.018881221680505267,0.07257916127413419,0.07924868152180675,-0.04280908491842597,0.0775690669033823,-0.013377999161955735,-0.09689724194230132,-0.010098904958696378,-0.08787739097499156,0.07289071138793984,0.10563517910987164,0.0722926642337432,-0.007603172273192716,0.05092407059885769,0.053797435488252734
neuron_040_hz,0.15359252557030828,0.0833633590242071,0.03494423953349977,-0.055456346054787255,-0.035758479618728634,-0.06067299275141179,-0.03337115550435422,-0.013823663385141825,0.006326417679336555,0.08986927780470336,-0.10691159744022925,0.10501432940857422,-0.03201616476675129,-0.0007289192351237032,0.09544195732478844,-0.030572944205152504,0.10942212122399293,-0.012620653855302984,-0.08847053539533994,-0.05115556641848792,-0.005478784254867108,0.05902416151143339,-0.10060047956155906,0.10665043927638623,0.013074727880432797,0.03486821476061222,0.00520949497506569,-0.030073774671678793,-0.1035876378244747,0.006061420005731934,-0.031725129847188976,-0.1296940434271346,0.12151111632395134,-0.05378534565771316,-0.0013929760180717843,0.08160602199388717,0.08633164173461194,-0.06199359551901788,0.20805503733146605,-0.16545717234883853,-0.089691997607061,0.05816806968014865,0.14586710362799507,0.0030064654931898083,0.2871501336585418,-0.039820297113867684,-0.008117403202873893,0.006348987252746942,0.02651864561857291,-0.007304249583293156,0.03668110194293849,-0.1133346585786671,0.0008420261322568279,-0.09969543209748283,0.16444568936404327,0.07086649217035905,0.24177456580078444,0.10534344327939667,0.16126795883658887,0.05570526706126878,0.0060629346714730845,-0.007902310215347905,0.08149936142888653,-0.14279419642345423,-0.22723408644516033,-0.04850934064218059,-0.22144646319221664,-0.0724256252231535,0.29325914841056044,0.024522321164384006,0.14685892476987675,-0.14868876784431154,0.03243965075902134,0.038339308556361515,0.21226398529013984,0.09714968856099276,-0.08491412294371528,0.19187198475262673,0.05845384222889089,-0.1548446001273614,0.05768051253221586,0.00957061214390257,0.09739194093027267,0.05762487274965865,-0.1467188428556859,0.0631239287090265,-0.03774408175879611,0.04801569852687488,0.041239922011312165,0.0811470763225323,0.007575050535164843,0.09012513427129444,0.013547386656670449,0.03076091357986596,-0.026198808646854393,0.016677154917679925,0.019013972785380306,0.03744010326186563,0.009334680824863714,-0.003163573583043171
neuron_041_hz,0.047401972391383954,0.010729040259831246,-0.020458229258487406,0.2811451843859324,0.07500599848877283,0.026483507876084552,-0.07163852182600879,0.17416031521950023,-0.023176130174441364,0.04036974275463483,0.12648811138068636,-0.058193871795257375,0.016800385871667795,0.05373023482343735,-0.00595103065942219,-0.03719551386385435,-0.07909843903179918,-0.12007150853103218,-0.03088801067873264,-0.04129425490192821,-0.10443898225456522,-0.03341091476940129,-0.047814923659730085,-0.07793734446393881,-0.0583099053052394,-0.04635518749671427,0.03153531657400564,0.1052085622461612,0.07672707810418306,-0.0884557381514514,-0.012182797056297361,-0.009828157881797741,-0.11225808738076964,-0.018968718881801225,0.08567041709582951,-0.025629662069954443,-0.10754697720899077,-0.0003130640894555489,0.05645212398682502,-0.006235339514334373,-0.025345925075543854,-0.1802921158405644,-0.03856201595209353,0.03483275580967371,-0.036222914117463895,-0.00720609504587184,-0.12662555135088677,0.07432624869397762,0.02822200791427456,0.047903806362647836,-0.016499955138684796,-0.10841261279108401,0.05948012169177938,0.0702372007321691,0.10325107121917675,-0.16083097111929812,0.05809507098172358,0.00044710043462382887,0.03260122003265976,0.15863039942052715,0.1029735553539658,-0.013027593269005475,-0.03864717452190837,0.20324338845914094,-0.06252570892978807,0.030743492899589477,0.05850512712787818,-0.011783861477777116,0.0701011032417024,-0.006511191572247471,-0.07745036089999285,-0.01235037095832555,-0.22503474896942166,0.2661597820790512,-0.01691369327989141,0.14230025605006846,-0.09987073238346032,-0.02387476853775171,-0.023593099685646126,0.08222884047477852,0.10776423201522174,0.00011462857961228035,0.08826843740250187,0.42776218083019396,-0.014965182043511376,0.10415138408047907,0.1202234104953943,-0.029435993571532856,0.18495861957887846,0.07320984617003531,-0.02025717806689875,0.026676858380766045,0.04128666144079815,-0.051501578836798526,-0.2519626129475851,-0.03916630986174287,-0.13360047444109452,-0.023458395482671063,0.022322770636254513,0.0011381004856583497
neuron_042_hz,0.029462169468381958,0.14512203456757247,0.052262288411674004,-0.039654296505295776,-0.17820416367604902,0.21176369567542608,0.01676465748117114,-0.020333692744764903,0.14553043000966132,-0.009137616843722546,0.03432312302016321,0.06915190823848494,0.027976865525989096,0.017960918150556934,0.12015473257127354,0.03385314986120415,0.029706867870139795,-0.010856670586832574,0.07863958826732372,-0.09836415848850996,-0.09343123471307438,0.09484223787483617,-0.20440354422707374,0.06959945771576023,0.11353318106494048,-0.10157255890762054,0.13333515812556745,0.12020555045795564,0.10977599662916313,-0.1259215124277933,-0.13932903469568758,-0.03006992349597041,-0.04075654833755086,-0.11067951449080717,0.1430063929025879,-0.05593635860162852,-0.056446655050492366,0.03127904609674768,0.05035069704582366,-0.03463803146978327,0.10133873267065222,-0.20907755646161666,0.1915635381869196,0.30659099146427715,0.10577189309657675,-0.035294009886870426,0.09827924930977557,-0.155425282240946,-0.15389985411762824,-0.10937439277464303,0.011542567902341008,-0.14209032224146023,-0.02457355086092366,-0.015228084184387772,-0.0002588825565274788,0.22791270853936185,-0.0043039465103780344,-0.05121951625939184,-0.1055831993843462,-0.016242394327021147,0.07831997324906792,-0.03368356694894964,-0.042863946259748174,0.014318313195256102,0.16804657123769123,0.06887935712905037,-0.12279297178834184,-0.07730506973926579,-0.14072046237580152,-0.07817431674138423,0.11353770635287894,0.004659786847745921,-0.06466353222540354,-0.10306552514882267,-0.22046482713037885,-0.08275697280879155,-0.0007774559294635788,0.06173695855290012,0.027321912809339953,-0.05608881893387963,0.08213193434517546,0.015565197291565056,-0.0782813360546231,0.0803146265583971,0.11833228287762157,-0.03887202045876438,0.0691792847180725,-0.03552208037847946,0.027408450302185722,-0.044035287755931726,-0.11129447474966409,0.02167961610278439,-0.14869346873798217,-0.007706022723848051,0.04269919941912241,0.07813894047518441,-0.0032114256729825763,0.039518166215712865,0.007703449950563941,0.005633425429233295
neuron_043_hz,0.10771814919069338,0.05163568694006089,-0.006054649081429117,0.21625265725289727,0.03959186654034119,0.026372072336918073,-0.04431651596845257,0.02046015889664752,0.012170071520049456,0.00044009109091771643,-0.06813511017772578,0.003126734680429354,0.009304470785073526,-0.18742429034669592,-0.16390579397045665,0.14965075860480034,0.004165058310694168,-0.035083894384305606,0.059970448828367384,0.08108330066463328,-0.018164896118456415,-0.14493702284284155,0.08466258450298567,0.018193846365135158,0.05724957180871829,0.09380792966971475,-0.0928215971561587,-0.14513407946781806,-0.13036103517006428,0.1265518795364925,-0.06514650061200788,0.14010407126048674,0.28368508401897713,-0.0482659214916727,0.10446538912887937,-0.04996946227832199,-0.004169998928736804,0.14686916992651583,0.080862271700495,-0.09252749221639195,0.05569141879981767,0.0002875588439551213,0.007769957234728779,-0.11967207032570765,0.15117280610665257,-0.09158278644715954,-0.1088525901327423,-0.13892829109910826,0.07223638528105558,-0.006454150465470557,-0.032444261732818114,-0.08204273782343967,-0.13380802780358717,0.06938207901217022,0.09755710238563646,0.02762719204075824,-0.20198954302602126,0.16082009402308642,-0.06779065593516105,-0.01769533316795347,0.060557986955294046,-0.11667471493613726,0.1808969120243787,-0.019929052364683023,-0.13395521314956976,0.09049010081587,0.07900879951914257,0.29706140996168917,-0.05205515150909594,-0.19522618726715035,-0.006801768822047168,-0.0863530891967039,-0.10937703999652205,-0.013983014322194204,-0.08590199542241692,-0.17322115473109495,-0.09369579030975259,0.0763054661581452,0.017083122284599503,0.019234622057281155,0.10168660410283398,0.06303933495543948,-0.07084867336054453,-0.012009768921793132,0.14141386029909706,-0.05731406769290216,0.17114907079525485,-0.07170928544152994,0.06555070283837935,-0.012036969450586958,-0.020049781218022623,0.002627697232292298,-0.010432897200963173,0.07307510527996908,0.04917464530179337,-0.0018335081642922384,0.03206107164975685,0.015294602555262694,0.01630978511781019,-0.011060408348723613
neuron_044_hz,0.1330633305844029,0.07551454842242346,0.005673897651959161,0.1195456784248602,0.01891292568067401,0.03479022828669846,-0.0814015766532015,0.0028876428113033476,0.022213409341029746,0.0552341445590189,-0.06306872654376962,0.054584817636784855,-0.061935042075526116,-0.11197675772810853,-0.07311023302475375,0.009371167959272626,0.11022074931956885,-0.1459151549867807,0.13081306270423518,-0.1527184758231813,-0.34217711671069495,-0.2563891894615054,-0.06615149777225612,-0.03129172144344331,0.10309366640062044,0.2112909793309808,0.0738244528594045,0.004890811660565996,-0.1354990781440823,-0.13877064144158804,0.03132241936193918,0.2884357142096001,-0.21151200653244595,-0.040603506032893845,-0.30952459041789926,-0.0589981533570351,0.16176461381686283,-0.0003154750881841431,0.18949782417430788,0.2600312401189009,-0.006327953664375441,0.028907579229086017,-0.09306206148108433,-0.08274167309053626,-0.034342266412732435,0.05352759932351797,0.11286109975217902,-0.029714698341807705,-0.02711906339451925,-0.07009184130670404,-0.03410543884317984,0.04155453768315809,0.05531838945081352,-0.05861840397643443,0.10313244006180826,0.059244969052142535,0.08272134611027482,-0.033892733287286855,-0.06842657326055493,0.04193534486431662,-0.15291793382479224,0.0944544431223263,-0.0611184333879945,-0.1130826526613163,0.03514607307912332,0.07173598395580696,-0.02778148942872441,-0.04353166534445566,-0.041795497899183416,-0.09700287647471034,0.009679297566768295,0.031084301066569633,-0.016898912353050105,-0.026019889491168922,-0.017385184185263525,-0.010032309847582419,-0.06071083398045714,-0.009886572982289406,0.017506235614801517,-0.030427859572244746,-0.0529374626813566,0.0347062976432658,0.01907972632558877,-0.0115464474434719,-0.04447211157917737,0.0588763117697261,-0.06581082581516841,0.06321561170844704,-0.05356443082712158,0.07196955945524099,-0.009525276900947541,-0.10813365210172735,-0.01577523159039444,-0.053750542196303465,-0.017407094042058847,0.04392896626388357,-0.027790370048830615,-0.05708236067008666,0.010601006563871404,0.006587188411545992
neuron_045_hz,0.14630604823994006,0.07421433993827074,0.021398926652846262,0.045053328241787136,-0.014549101214492294,-0.08577613990514817,-0.21193146593864823,0.029024510666812216,0.0234609136919312,0.03550220858419818,-0.299543613341758,0.08552760114138011,-0.01687945368736604,-0.03391290784127574,0.09026221999171725,0.06315532462151191,0.064637383278618,-0.04166014525354962,0.15159671370834693,0.00847726256516944,0.036925507331345794,-0.0742389314613452,0.15575211841603925,-0.013339286515845657,-0.02672801957931811,0.06550630888230079,-0.058003357720926546,-0.09886641839187459,0.05389575945130813,-0.05830477618227781,0.06971381471492329,-0.08969581538248267,0.02305233863686746,0.10932858377690204,0.0886127469909517,-0.02780051172563,-0.12908191592347018,0.11046974055515643,0.02581063459707282,-0.013733018800589044,-0.02319088177066423,0.035049652346339714,0.1149895143263713,0.05906257305689598,-0.12276205378504597,0.006852514087800181,0.07787166146850452,-0.1471336540473706,0.009391055405736825,-0.07301665363359747,-0.005004295028604744,-0.16376706001149777,-0.06481519091150423,-0.030265943856974453,-0.13134868951773732,0.0788909022351748,0.1122829473889776,0.14965842784472594,0.06190532853425385,-0.017398958636734255,0.16287567436286665,0.040948089490323115,-0.20495586652706638,0.03276715614336323,0.01979806481058787,0.033873250689282874,0.1476175467007034,-0.15227510037448538,0.204711708114693,0.23623052899827904,-0.05581993714833372,0.16513716700839715,0.10571533102839062,0.17759307690123444,-0.09887801723483247,0.00775053257325771,-0.07178591650964304,-0.07715403263972966,0.08040940139198251,0.2124321475838708,-0.005162159368998484,0.02157406358526251,-0.09494397495601029,-0.007079081525955197,-0.04087708226638164,-0.13307848832325098,0.07343440162857603,0.00807407423675207,-0.03188151470318307,0.06082425011179423,0.032976046273342996,-0.2643075846799431,0.011996699603884671,0.004573576521818584,0.09602949048956955,0.02293213034557779,0.10122181308657327,-0.02804117935146728,0.05380707647999388,-0.005726685785463855
neuron_046_hz,-0.005920823952534811,-0.1013967940699214,0.2189242390838856,-0.007948214310972779,0.013441362048370561,-0.011907503221995503,0.10672815876667613,0.16460213263463408,-0.0023634357888019457,-0.08734579744382549,-0.10323887341392561,0.024719340033572214,-0.009948574385536514,0.04805483160754527,-0.055773021606803766,-0.06546703901045328,0.06431076993671782,0.016392062041743607,0.0017824831532037635,-0.010567294043404118,-0.016916068274473478,-0.03589557938499299,-0.04448404365824954,-0.048392081645885224,-0.012914966681086007,-0.02660991631960384,0.03945360892760821,0.03313577152508676,-0.03081320598727614,-0.00456579111434087,0.023342836194275213,0.0776724873976651,0.00683940987901431,0.06945508757499924,0.06050694941422165,0.042273488341013576,-0.09391686084781986,-0.0006115771446178059,0.007087105801375421,0.05822770493199525,0.0013635863709518803,0.01247545957060717,-0.05056062887669038,-0.011275482234833947,0.07543447490317089,-0.090648216480054,-0.004115404862743338,-0.0151409174422628,-0.11319184681849057,-0.008663802825637765,0.02809913470402231,0.07558495493104661,-0.00022465795501976082,0.029340199845804604,-0.014084029156545939,0.03827327960305414,0.06726201874317171,-0.030812484637428313,-0.027085260656465444,-0.04233992840911407,0.1151093741586203,-0.04883842420724267,-0.023944070178033634,0.022571989512411066,0.010495829630136944,-0.048659973481680205,-0.031683705961996975,0.052715075926123886,-0.039397321379517965,-0.09548982606957099,0.20162447647926135,-0.03895175534247758,0.056253313285464596,0.016798629508231855,-0.04241867774424295,0.09314692697425685,-0.03489539214930243,-0.0872060701887297,0.11330537358120064,0.07243451257212341,-0.06259071657259122,-0.1512064981705122,-0.1902605745885576,-0.04907845197325926,-0.27126085998349964,0.03638184399679153,0.12122859083962866,-0.07881366174022,0.05678235880487223,0.1310457761354823,-0.02719730117551096,-0.029965203342109746,0.09188977545445641,0.3894185027542611,0.1448741481548254,-0.08667103982818272,-0.3639132119785373,-0.17101619353622788,-0.3606413118178349,0.05455395608591419
neuron_047_hz,-0.12339680403449634,0.15170811762996292,0.03408128989339492,-0.029898013857715598,0.011108290353494846,0.11850605258123005,-0.007658295570699037,0.037292672974358176,-0.17344571886764626,0.017911316787873173,-0.05477562432074713,0.06032442515633607,-0.027167477288371114,0.001832356907098938,0.03832098926801823,0.003300982863266154,0.03149901759361253,0.012741429811278179,0.00837139691737493,-0.06688203960499986,-0.06980101087030283,0.06064755014126286,-0.109269284512826,-0.026160876135353804,-0.02983610283076816,-0.028853672278388254,0.0017276093528844627,-0.010434818593186443,0.003259112883991902,-0.060786764414769275,-0.062308298515986536,0.06842560654544644,-0.04721621727181538,0.017075029471296063,0.025231524490612937,0.018102138580146643,0.058943400573085156,0.07460684519771815,-0.016044393235473867,0.021523078681241523,0.012184054250587599,-0.029941494918877758,-0.00835987755333651,0.12721618300250748,0.08459621291768249,-0.10641818653907283,0.0876966952038505,0.037421526553724854,0.023649514241685904,-0.06526118396025951,0.0815546482400378,0.043883425323475,-0.002764874221162436,0.009112960408546363,-0.06596013709663216,-0.04715847185862306,-0.0285193642448173,0.02838886340760271,0.05427059187773777,-0.10614774171625588,-0.06185222471192381,-0.04480761533872353,-0.06375115191555161,0.007745775696013004,-0.07474479450038543,-0.09159158910664048,-0.026714045525518437,0.014747248176084549,0.03423636448045715,-0.15449666798673056,-0.23914260710088237,0.09294600599551729,0.12905150317821165,0.11003095062419715,-0.08813615744729403,-0.05129953554443889,-0.0757390983471977,0.2435086433980953,-0.19741327335773828,0.07790683608834088,0.19069733078536888,-0.0269043399204754,-0.0031171991798453758,-0.05220549728565549,-0.023998321802712906,0.013581602921310637,0.10041566162509959,0.02586672237202163,-0.10566678222675333,-0.10341527621568912,0.23367775388952214,0.08272960789925166,0.5084941735376777,-0.18641823236734167,0.15352776732759102,-0.22033084962343175,-0.0575083654142266,-0.006383178829890378,-0.031182934911433858,0.021530427474496953
neuron_048_hz,0.15266735259973885,0.059294252213291855,0.016277876408269137,-0.04803545136818797,0.019792674709196507,-0.06032987687373461,-0.07510910102416773,-0.06749230746824515,-0.03786142118785696,-0.001791583563243519,0.0435013765628966,-0.14900164072430105,0.14211920482368176,0.09733485961686265,0.025582549935153166,-0.08009001419851314,-0.062200716108151734,-0.00821568808187989,0.3139709535290712,0.01945206908701095,0.06559220508068943,-0.09327124906379339,0.12979092045468038,-0.026635863430535426,-0.2143861957126643,-0.2914624703245834,0.06584239003888126,-0.1367191130339565,-0.16462336094625055,0.15258650977947538,0.04894135171669018,0.2357560533966874,-0.19491320181181895,0.09889418643287996,0.05752993298544471,0.05257531606375297,0.07547364922606531,-0.2153119915771942,0.01767069236832545,-0.12846380848416306,-0.06389027079843461,-0.06084479976979275,0.22692986999130577,0.09588705626110713,-0.04949072012131168,-0.04243212064221872,-0.024738337504888644,0.13371137446594716,-0.0696582658100569,-0.13571840900213678,0.050255289402634434,-0.028202671832579455,0.08516698278516797,-0.009690978494380192,0.10298329373712782,-0.03155628251136859,-0.048883304161372675,-0.09546217193945658,-0.04328133999685456,0.045836548122423326,-0.06574595270930089,-0.09515155466729286,0.024511547453048246,-0.2214390371711128,-0.06865303695147164,0.11519159948872884,0.005251128238737781,-0.044304111119911914,0.006779128720829147,-0.08694143463627683,-0.017246260804678844,0.025764615694217247,0.14850052868665914,0.12086525534195075,0.08187789148737376,-0.08663623300743663,0.06330355327044696,-0.0760353738031777,0.07240410590650662,-0.05520504784190847,0.021961403428031726,-0.07431953727521083,-0.10550446703346396,0.07548593783951346,0.11478845637548188,-0.04447887172167993,0.0956300838351806,0.012763418524935254,0.009100224320229791,-0.055662799997576166,0.04763817168546952,0.04632863021753758,0.0002378139155037387,0.032347445242815215,0.018006267233411956,0.06629971363458366,-0.044083214521533715,0.016696966249804684,0.004164709725341252,0.0023536263478430696
neuron_049_hz,0.12538124229878447,0.020604947406407698,0.07492320472817623,-0.1003775702413688,0.01242527273217108,-0.05294936793198765,0.13471179582565682,0.07292084744938408,-0.013592221862308221,0.05677161962756758,0.13184373513085582,-0.27663446840648787,0.15547976450270493,-0.2636125621464652,0.3989510517514653,0.1945611063930225,0.05468777040744247,0.17005872764588745,0.1067240710945491,-0.2569918917137488,-0.172394603314594,0.11487922426209118,0.042134860087156056,-0.15414694945719212,0.1335835954685174,0.06603322933331024,-0.2138769478003236,0.13449009614955157,0.12907477157815544,0.12521310735350655,0.20412907603526423,-0.12585460529606085,0.05921667784089528,-0.05431070357483185,-0.009658300669067373,-0.09910658992662558,0.052045780060144015,-0.06615325931387704,-0.02166304596528612,0.013088132699850517,-0.09809228103742189,-0.04379741858336214,0.026045338487002676,-0.10934349923876287,-0.12061580457828602,-0.09267411844045229,0.0315388173405096,-0.06478153606493049,-0.06273192572144715,-0.012019058864821013,0.002794318732673204,-0.057222411441714596,-0.01284927440268397,0.04640026773893677,-0.0897450412213173,-0.044200686140540665,-0.024222722270672785,-0.09229670137750184,-0.017329509120874026,0.004571177983423463,-0.0432407498693147,0.005821348510370724,0.022411207483141904,-0.07545679554370052,-0.16753399261621174,0.003982837036222256,0.0213680059653365,0.007355973277548153,0.03576114930075991,-0.11061371163606083,-0.011363284287228152,0.01414117645767668,-0.040694288614216416,0.03248701409694768,-0.005541781466128909,-0.017153785465332416,-0.0646914541515712,-0.00864806700055977,-0.08812804618029937,-0.00786976461313954,-0.10059189752143438,-0.010297826654993014,-0.02819342127207159,-0.011149614916319918,-0.07619820938657623,-0.010891526391979892,0.0784766035270599,-0.014892765964099546,0.03873309009331756,0.007428218954288156,-0.01782292025211656,0.006697652534126684,-0.0017595854565480087,0.012139509538995091,0.0071331567849127996,-0.004180012028219871,0.01888175527954382,0.02914398362225562,-0.043225549316719264,0.0050911017807532735
neuron_050_hz,0.0270771074056565,-0.09793480492554087,-0.10014709161510163,-0.10946739398218121,0.21375824432276727,0.2142134038913026,0.04214260314860404,0.03911167206135938,0.07987627379940317,0.004631479714476435,0.04167543112490327,0.004253038299603397,0.0020649676720400248,-0.053863791322593044,0.010253454662135869,0.04553903367489685,0.009091472827273683,0.04138573089420469,0.08351778516958985,0.06771625448890677,-0.13805602261598238,0.07747200790367749,0.08735833183191549,-0.002401802711045925,-0.15705791975994118,-0.03355376863847301,0.001360909949338282,0.057868746486285996,-0.06156441355477023,-0.04477507484337948,0.0055545162818607455,-0.12382721400599075,-0.03957808387307839,0.010918442759357928,-0.040321515677746084,0.11373143838955442,-0.04701302998671479,-0.028010638573280417,-0.0029909416485751628,-0.0025001290699778467,-0.07498865619780096,-0.1747917210173723,-0.03058357371789941,-0.010837569311696472,-0.042781552771582354,0.073524806827728,0.03599550517671334,0.03640847223564729,0.13163141348344198,-0.001210060882688345,-0.009252610758160938,0.05341333879753408,-0.026605291011346836,-0.04802771900384971,0.10171924372774295,0.06957192338496428,-0.09669861985342071,0.038209482460875466,0.05883753342729309,-0.0031995039680980247,0.0366166358847806,-0.04247566690427519,-0.15821950143679575,-0.07446283581615029,-0.1337653199272083,0.0925642601273589,-0.021135012921336214,0.022307276395134287,-0.2237205833425026,0.024656986412587657,-0.08640805686737178,0.009957249577681467,0.13342355545727236,-0.24919024713151444,0.05751192063828911,0.254963987196329,-0.22620446330628172,0.15100286652001127,0.34014312106414213,0.1985426330327849,0.145726439776094,0.06540971583837946,0.1748316666648086,-0.10547301496401339,0.02057424010980192,-0.16957515016530117,0.1300039289407199,0.057152105133737724,0.006070015227571862,0.1255381251360112,-0.09292392377202968,0.024393924744938872,-0.012416737466957345,0.009032840907428858,-0.028486085501367282,-0.06797457343504185,-0.0018348227333136805,0.0024367938687405444,-0.0003391739263687263,0.013356765535711513
neuron_051_hz,0.07510777701655275,-0.0999932275084295,-0.10275868812009781,-0.115690283476012,0.10000923267277119,0.08741639685841555,-0.017512952242002694,0.047692836683862705,-0.003983661525215551,0.12049702761570215,-0.11230359944958368,-0.13912465824715245,-0.048108815647302655,-0.05820314373109567,0.10777962479022293,-0.20996271178636944,-0.1501521437672535,-0.31145861773709516,0.013159352824430936,0.23424559481726928,0.0903822326725406,-0.003929955527846446,-0.35822385782054833,-0.11053933168755534,0.24242991815819454,-0.004385158559959218,0.18348995039964533,0.06275082856227082,0.1000104040244445,0.16843853952429785,0.1352386248514793,0.23284540004723642,0.11130996564669741,-0.22713680206475487,-0.025077063313112477,-0.09245610818885283,-0.031067847079847735,0.007214692206499479,-0.12823930128947963,-0.1474480698633664,0.08480360335716611,0.00815968956867169,0.12259693947736836,-0.09701894240669084,-0.17922256789767457,-0.022485339322458026,0.11483163114924583,-0.01080751267953958,0.04404316466243838,-0.027638420252242245,-0.0010667883867793854,0.02052743369473182,-0.09513406271404803,-0.06989111240710967,-0.05539628026330064,-0.061088453584288285,-0.012523203428136988,0.049678540841070776,0.13549213001403526,0.03172530777869008,0.03451298781480905,0.0584675960963969,-0.02443258758514575,-0.01885912520249656,-0.0060830398925689685,0.008370316393966785,0.048454798632152865,0.057325821093504994,0.039079263519645614,-0.0212242666128419,0.04993188698532571,0.0461546619120038,0.14386463795767443,-0.011763766396851033,-0.0099536942281691,0.013149445927321722,-0.002300357773992616,0.046020380986678905,0.03337702798420539,0.005633743268720612,0.03761615692573979,0.0036598989961129924,0.05547330400474169,-0.013846759180619353,-0.02063595790342547,0.06819861598106405,0.02407081429710875,0.068117407068509,0.07317741631213079,0.016897496890623497,-0.027672159321908196,-0.005537109095429605,0.014448696568030227,-0.0050294816674229526,0.006821637046440836,0.0222434664024777,-0.023157123099342918,-0.028276115373149925,-0.004044398643933997,-0.0013456436959292163
neuron_052_hz,-0.13300572294099555,0.15150789823949604,0.030589524332692245,-0.03232597691142647,0.055644358169398424,0.016013245464132894,-0.018186396362038053,0.03561509388770325,0.0029394372415867316,-0.008665949586102147,-0.009132369043963171,-0.03703652411171892,-0.020763458385614688,-0.01067088809208347,0.025825685404408938,-0.023270694156527813,0.0036339977064779524,0.029022273642739307,-0.0005512188306601752,-0.015503273215872457,0.054025552092282436,-0.004260432642209683,0.02729433385203168,-0.0008414193838046161,-0.0004011390434925516,0.01521545772790794,-0.01600843988315538,-0.002403888972766541,0.002135028064258214,-0.03890656043084703,0.0260029952540278,0.01760411079114369,0.01685325446099399,-0.0050029038883040305,-0.04971168699772502,-0.0657694005104978,0.015765838778850978,-0.13616476594448582,-0.06942874137504763,0.10258349676070144,0.036929762209863506,-0.022079724978703166,-0.029829744984741335,-0.011515873174213355,0.049795408265004545,-0.06860937489167665,-0.18934342775483137,-0.19428680890728417,-0.059452828566966695,-0.054248576523452094,-0.0801089762127715,0.075724534751267,0.10405341272515164,-0.06273188844357643,0.051354158798855035,-0.08124127818929741,-0.020967650141551386,0.08782539050623692,0.014222280456178626,-0.0824676733735649,0.23762030772174275,-0.09543700802294605,0.1344398369296736,-0.050357631890261156,-0.015494182771777394,-0.004537827585226416,-0.0646011071554563,-0.006988785110983537,0.11708972201925989,-0.06336297915103219,-0.23145567020362798,-0.001043659561187047,0.11745046688440039,0.10974739228687151,-0.03573545779467636,-0.00045998399811345014,0.10903635727127284,-0.017695117534978877,0.0249715180601661,-0.0219625871752097,0.09698305432712703,-0.15271786358692915,0.213442337743217,-0.03644783416200137,0.016810588252289732,0.0691789435448909,-0.023665790227794803,0.18167857448182656,-0.008971959416445935,0.09280942849515253,-0.16608971727426305,-0.10653758695947413,-0.40968640114853166,-0.2631690177468815,0.2516298692420716,-0.19162904143159137,-0.22249938283920753,-0.0514052858567858,-0.032664703634565556,-0.006917861638214777
neuron_053_hz,0.08508118146601673,-0.06167402430349831,-0.07355862465744584,-0.0990189472246199,0.2290461257543354,0.136443690097522,-0.013274599229206034,0.02779188242073468,-0.051365936172198,-0.1573256849451286,0.04752072133966111,0.15336590037972508,0.13977959830844663,0.010670790712457183,0.030466042879793043,0.09724190209952426,0.14250955138835375,-0.06702833801701225,-0.10888933483693297,0.1318095970837164,-0.014356820653089145,0.0015773235151763515,0.17523735784391048,0.132669618858193,-0.006384865327611684,0.015345137624640078,0.0683540502979067,0.23914782177543928,-0.09780692732493872,0.06238377883026011,-0.13594821714331598,0.012097533736747644,0.0668105528412269,0.09465129805715394,0.025776122426423784,-0.13425379648601016,-0.012855557163002407,0.008856300773691678,-0.05666464424014219,-0.026289181406217166,-0.05229235508908994,-0.08058441273433972,-0.06244561590914985,-0.05238764308629362,0.019771685186366125,-0.10240412063953672,-0.01916135537509162,0.12083981273966472,0.07634036246798839,-0.1655593081499761,0.015746925506916393,0.03701978137386644,0.006475385091142219,-0.08377091716762762,-0.09944616592650021,-0.18156899176095126,0.21457104929438214,-0.10574413262797182,-0.24028862926629665,0.06663281612177867,0.12885567396211425,0.089126818082336,-0.19411041692672104,-0.0825584363495796,-0.08634361470881133,0.030865226679697155,-0.08403643661698101,0.11831992186359044,0.0969619448431747,-0.11859540788653605,0.1770644697121339,0.19563714235809346,-0.020101847331809287,-0.00931446832899539,-0.07514136631757629,-0.15260995151505255,0.22962304649721854,0.0619898230511675,-0.08288896473036296,-0.027198686461381513,0.04626949613903321,0.07723908969354847,0.06749734983427842,0.040152940060555246,-0.05455988777382379,-0.02357906298449647,-0.03905090021759375,0.029421541814786817,0.10252940159835561,-0.0005993763955797517,0.024355624910952937,-0.12968346919599733,-0.011093086682395052,-0.021348961782094403,0.03298310899598174,0.04215311465384357,0.04492415832517316,0.025496930587962985,0.004861840684855972,0.010695949143844197
neuron_054_hz,-0.10724472100430815,0.17393491319523868,0.04543273401262644,-0.036558402757962134,0.0019870120512289896,0.07557537269085313,-0.021735803019057746,0.042508285568281005,-0.07393926669234616,0.031959291957412476,-0.012603828193006818,-0.01810696425740796,-0.004002418462281627,-0.010025655054591374,0.028201205838030492,-0.037350057527562736,-0.008739079806768968,0.017443727547218672,0.05468639914435571,0.01547606605284699,0.07126203770599755,0.024844920189826626,0.003091257046942346,0.024870580039676314,-0.057175418565626454,-0.033421608113404985,-0.02769892245611729,0.004448293777247406,0.015571598267306402,-0.01464294202773761,-0.08905873856088989,0.008989184930429578,0.07288565939763814,0.02982089181562874,-0.0671088559214421,-0.08849443640536572,0.011598477346155447,-0.06701234296269251,-0.08186081930751594,-0.01892801664274723,-0.1133885585255448,-0.0017452607789407784,-0.07689449340164423,-0.027200231076183294,-0.07310769112074529,-0.012845892400123723,0.0021396637055060737,0.005718557727557624,-0.05602018417858198,0.02859052861574337,-0.018460966589334757,0.05070689630819149,-0.002932908665405798,-0.08604233005256699,0.09706922912293274,0.045169777380112255,-0.014253118208757423,-0.21070294899109956,0.0814376161990433,-0.04866800198339403,0.21913789388462918,0.0896475972696652,0.11110587808122624,0.10129021548634623,0.017921312884461728,0.1931122490573046,0.001647451407936748,-0.009702992240700915,-0.019519550264472607,0.039674867286740606,0.15962240320752868,0.07844159790081418,-0.03378532292346051,-0.010941035852766637,0.09429967602630962,-0.10057702079655867,-0.2429071522564911,-0.06530101967195492,-0.047696396260651586,-0.06475242661161706,-0.009671569762552977,0.20453638757930684,-0.21137656724656387,-0.03876765285051094,0.20472670539025162,0.1060632466867249,-0.1368616060884767,0.017332956193688,0.06122312791971364,0.5664982966754362,0.14739986069093486,0.06683007650889983,0.10646517806188999,-0.06548649951488567,0.07869343158589137,-0.04087111866846681,0.027256055241086347,0.019654723119834978,0.05161591832549001,-0.03091704561539392
neuron_055_hz,0.053799123790029504,0.015013557493706066,-0.018100291639318,0.29982385349820867,0.07524154575194426,0.03390030022135294,-0.07637169689804177,0.1599360840323019,-0.004485771044740073,0.019011763014699735,0.027291200990967313,-0.011112635460387755,0.003623145838973857,0.06269116699512772,0.006235990825604705,-0.02826573740804214,-0.021468514945886516,-0.0190144535444257,-0.016246621536404344,0.012604375326750156,-0.019535817840754754,-0.0195008701635236,0.04374849556643904,-0.02996179363242782,-0.03643036900345664,-0.031941729964423536,0.01374955232533421,0.019236267164917054,0.0071917853756639435,-0.04084905398560152,0.04246075758571413,0.015142028973572662,-0.0979638997579225,-0.007886196762416975,-0.004329994088864923,-0.02484305876232458,0.01601629865318219,-0.06274505044017455,-0.01843935899729187,0.020136523482402913,0.0006729595740018607,-0.04851168869699132,0.03178294897821542,0.007283064205233829,-0.04979068756226665,0.018838457722227225,0.010255646636489351,-0.03234314077862627,0.026367856269366774,0.0556707226229797,0.016043568742825143,-0.010778619289003824,0.01158691404773617,-0.06446465565846485,-0.06531780942427798,0.0205276017269951,-0.004083026649146337,0.02302784472013372,0.014741306608125379,0.0702579200548434,-0.004411223290455353,-0.032477113357576276,-0.050022145394816774,0.04908248723286903,0.02415031451155339,-0.01406619502934958,0.019806644028353946,0.021607838148245406,0.027885335906732603,-0.006132718645364618,0.014365336273830163,-0.0065146270939821505,0.057452033394712484,-0.017575021317391144,-0.008386974916296988,0.08020210048371093,-0.01757702454671134,-0.010432079033185215,-0.08845532966801735,-0.04452971104933537,-0.018674205521891793,0.050133802263705424,0.11261708519600624,-0.07796862309912929,-0.04179156077382555,0.13927494920468242,-0.07116453606855225,-0.06325385259794361,-0.015885466223228062,-0.022916052386380614,-0.0665385959038407,0.17221841395054768,-0.04059595808666634,0.20691292332493424,0.40374034329393743,-0.04507755837104645,0.21375829655060405,0.6380058768340117,-0.17642100103512487,0.01875612427771094
neuron_056_hz,-0.12700956778412525,0.11033624740046297,0.01685969624399425,-0.028865555927993166,0.136532184557458,-0.12339514985495105,-0.04369313953985291,0.02499157217657416,0.02522491814339853,0.04751572529493288,-0.07347822995365512,-0.03365793623560171,-0.010505860079127615,-0.01664247015391305,0.04867726765756615,-0.0032912957202177115,0.05942139622052753,0.048338650452488655,0.011289071851799054,-0.01733902254953648,-0.0021120968059248416,-0.06278689144649817,0.07562056035217266,-0.045727966821603114,-0.011123360601790293,0.11060524568328334,0.1419446292112119,0.013607636603039444,0.04355672038475018,0.380938931138043,-0.1149996219640051,-0.05187704716808835,-0.26428451486916493,-0.19007084991743273,0.009810228184392769,0.1531970256943003,0.013661482356232428,0.02830727464607692,-0.15080734145573638,0.12449813630467832,-0.05440026731196775,-0.0021834469573959615,-0.0658791337703621,-0.029663951540084055,0.005912754627151632,-0.01996375041435431,-0.10748412508763559,-0.16294263575118034,0.020964041152769508,-0.002959104118962809,-0.04061270445296819,-0.15479096692464883,-0.051396041207300514,-0.06207903901098414,0.0803694224971058,0.06716183224884849,0.026350197445521445,-0.03868027877024287,-0.003296811117158724,0.04527298188438341,0.17569156675809539,0.1571535171499805,0.05750548561741937,0.10644019594448315,0.006845865876256893,0.1581692679675676,-0.16659034524902847,-0.13199153198782507,-0.049271398369291175,0.005379599623420578,0.04792270437611215,-0.1767119567562821,-0.01926397829408257,-0.011070179092136615,-0.052472264975575805,-0.162500634262574,0.0635776345663228,-0.16875994578846645,0.03091538847535169,0.04314417633419908,0.23245413641695845,-0.0877623233925342,0.17013693919259917,-0.12791420058052505,-0.042254409287547756,-0.01076350816462121,-0.0018982616028441757,0.039319520960459514,-0.004686706813789267,-0.1264435328331807,0.04084903554634952,0.028563644379531298,0.19619990782567642,0.13335373888797245,-0.11559076686834649,0.00960195670279778,0.06822232687135091,0.012040021499504857,0.0029317807700927146,0.01024741317483053
neuron_057_hz,-0.05039903433602153,-0.11515889722173808,-0.09981520218680896,-0.0013966570695388618,-0.21678216049902416,-0.11064588494103471,-0.11526946167552074,0.034511168251191056,-0.1473041091866708,-0.13173415398743052,0.18855431150468535,0.15972884085088837,-0.03638069391540452,-0.1313995285684771,-0.03809982797670232,-0.08934015193598999,0.04390643923614956,0.07932673726510515,0.04694969100168085,-0.0008455397586618271,-0.13322055348601516,0.026459461093802025,-0.030738554417211468,-0.07112373431970449,-0.06972739390391079,-0.05386278130501645,0.05502562530336511,0.027349774523945415,0.07825130212785175,0.0881889598831394,0.023570684443601955,-0.04955539253436936,0.003733475178711504,-0.019625325025413864,-0.1424300769257467,0.10815581157087578,-0.17496288864817572,0.08493006288480237,0.013046087684585685,-0.1258261260520766,-0.10812539782156004,-0.16400078872440735,0.09393892548151701,0.0016100849971087093,-0.08224586361263117,-0.007046395258908517,-0.03407691100508688,-0.1207938101375127,-0.0652844050417564,0.09801125035134452,0.03290344212415569,0.24843454864388442,-0.023513969324324493,-0.27838294935154984,-0.04178782590992208,0.05792006082837568,-0.06003673906747034,0.2618608408078592,-0.1886293634937139,0.030213305840139194,-0.0815434003225064,0.10480505497714558,0.1260712268749871,0.005428505531259842,0.06774637188802754,0.12895575538308862,-0.02966413932438814,0.07539819095125024,0.09207113538190403,-0.07967402761326531,0.11007584927982894,0.07862882190813618,0.11422214411009593,0.13082594641955408,0.038532884964779336,-0.07839820577024406,-0.0699862407646418,0.029230451948824072,-0.05623796139121477,0.025228593692947818,-0.06829709690849804,-0.11475984902354369,0.1975903392380789,0.10004866544147954,-0.011807477533245962,-0.11867717350873774,-0.014980443558000416,-0.1643418121391661,-0.11299257930607864,0.11179803715134118,0.009918791579410766,0.016632678063170946,0.027821997804069257,0.00809070909127107,0.029471333599671815,0.057524541103136435,-0.019712012361823277,-0.04400301809971188,0.031138981208434457,-0.016189187137503693
neuron_058_hz,0.10497497133648932,0.045292324812521545,0.05091019729042453,-0.06204075472435375,-0.058191885797890135,-0.1309408693605127,0.1698423050501962,0.09817651077530254,0.04285671304512399,0.6199348447389609,0.053305747190469634,0.4303828042443319,0.09947939101630413,0.0011857921172589315,-0.07233177380721519,-0.020841953269664967,-0.042665642400485315,-0.11086794375700118,0.10858045402849309,0.010263208199520042,-0.08557671434269712,0.04440960202410707,0.10811561188254629,-0.013263146036731295,0.16629994589446773,-0.2545261594992532,0.05487375283695116,-0.00948071411529608,0.074496234804636,0.07730376953944981,0.02017792020314582,-0.07542575268525772,-0.0009403510452222416,0.08370238784114882,0.08513415930901652,-0.06837401115514796,0.015259868620070102,-0.01341983628666317,0.08083136004589526,0.02307618068548528,-0.008117294218653495,0.024208875834588646,-0.12478540781707981,-0.03474551753917321,0.009401568711791902,-0.00920276135546208,-0.020652631588264025,-0.009574922452789271,-0.031001437415290697,-0.017956834417917483,-0.1263365877418171,0.11719278455974891,0.02625183635228258,-0.06658853522494035,0.008236022974421137,-0.011832561820580116,-0.12177818604877472,0.020743274650855056,-0.05082623777670824,-0.01409514697660234,0.09390857240057485,-0.0026606711110792767,-0.027452188912800872,0.01785353248138656,-0.05391337080539431,-0.002926180063500483,0.029835680452841434,-0.018558416403062317,-0.031037859116758604,-0.03812166836937354,-0.04255420179588488,0.04192515022061577,0.012244741548370686,-0.0851400419278844,0.0922801549712507,0.044917798195163616,0.09084073645676498,-0.048976827828042926,-0.09273914563931929,0.06866261673789398,0.018979168620068307,0.02373245382058446,0.0031711082930504647,-0.01924552067175936,-0.0018821060478085062,0.030808200303136232,-0.03264804090548715,-0.050513540751476876,0.022447638957056176,-0.04496209695097456,0.028049769739803887,0.01111922110628838,0.0003474083539182979,0.014308438978573736,-0.013264420105903632,-0.01868747962318979,-0.014389969917194462,-0.005790235597967145,0.015706500848370872,-0.003125212975243859
neuron_059_hz,-0.042900096461831225,-0.14385204459582657,-0.12397520769492003,-0.04118745052809109,-0.10457605011096555,0.028401699289550497,-0.05465918047560208,0.10552141472327681,0.041715055335815064,0.23911736162698158,-0.2338144344274922,-0.2880669083207168,0.05811000915886793,0.11320656824062689,0.06727255464319012,0.13103747371245644,0.023817692701842245,-0.061500858813097393,-0.02298233069174996,0.010011908123998908,-0.004164419933873427,0.034734640208197574,-0.04434356184336835,0.0764140777144752,0.017099487252018347,0.0744865433800259,-0.10285430974743945,-0.08887150951274883,-0.06172172032192125,-0.05800137408830291,0.023231028719631827,0.016789472803300398,-0.09702627302997333,0.14293206819267987,-0.047341671041223325,0.05272984850459554,-0.02147999031068426,0.033216385035908104,0.06282565206254936,0.009539477404748087,-0.039473656493218864,-0.06564181937114141,-0.11660723277399222,0.18670922901298367,0.05602213568753598,0.06420666074292834,-0.12466792035311297,-0.12983247082338353,-0.17316032864555947,0.16473834921126485,0.3162058360884005,0.09627439052873307,-0.1787688405614566,-0.10393093364126024,0.1528790370665038,-0.1964577771590563,-0.17385911329008027,-0.12141599759753352,-0.06975368598970713,0.19181947573031582,0.1237895683489167,0.1689898228261909,-0.04875207550974052,-0.03737607791706517,0.04853196009500694,-0.1403544732980116,-0.08481841106341825,0.1275871721848528,0.07682145670084536,0.016762337030203748,0.0052556564546962815,0.08779891761668467,0.004518778998512649,-0.05437161948867478,0.0289875227148094,-0.04844004480750312,0.07566243090864228,0.09323744382281307,0.03798610616800184,-0.040712610597801784,0.0618367696006121,-0.011326118092963827,-0.021017908661988882,-0.028773929616339792,0.0060233363388535,0.008738450426142717,0.038841459141344,-0.12046996778609143,-0.06910981684852716,-0.011972520461642756,0.02415298858185433,-0.02979165582467236,-0.03189105126183059,0.011630400843662993,-0.013275725711322121,0.03220379536120486,0.003093013722012594,0.0009514684419207262,0.0243215640623948,0.008480058535087005
neuron_060_hz,0.1387854191101688,0.05088681003831321,-0.008130978334234483,0.11166617278391926,0.058513745211172086,0.022397120249730656,-0.0681933741770886,0.021929331497859902,-0.006490195708895802,0.04836410302620182,-0.1786186848523954,-0.0016359748425212003,-0.1927758227502836,-0.14826156719077876,0.03835122365138627,-0.11813185941263088,-0.15821312013313193,0.33534264566627414,-0.020765201518997606,0.08754716959527657,-0.11852301683479195,0.11681473856762645,0.11429238970021904,0.22798675457271753,0.202422809157547,-0.07416794675728686,0.19818838237016384,0.02197640643036819,0.09273091229059134,-0.31499890998836144,0.02593925640231723,0.04410719456240075,-0.11272351464203716,-0.05321042612248049,0.018942982676868496,0.2079958870141902,-0.07389568409082216,0.0766941177646602,-0.2111085830753138,-0.006336813079644734,-0.1746893364717083,0.16480542784496516,0.07915579890651774,0.026619945330550066,-0.050426455598850325,-0.02780813697422295,-0.058115340008540906,0.13017521356895168,-0.06466674944484285,-0.16488044751886588,0.1202076659727463,-0.06498973515759518,-0.02739111946800349,-0.008462762914776406,-0.013548919122838395,-0.12294827079985238,-0.08210104491142835,0.03574604116365297,-0.010112593929136722,-0.09478420315108309,-0.04414596570181452,0.06296407909469785,0.07517753992104935,-0.02823344508043782,-0.15334259276961082,0.11745625119285041,-0.08308390931730328,0.16219070587907675,-0.006962352446505397,0.007907892628619375,-0.05442814777036932,-0.010249300233114253,-0.075963717495974,-0.07426271333960796,0.016470651604971874,-0.012885816595339092,0.07167359164306147,-0.08522834031891663,-0.056903858518524156,-0.014570391622586144,-0.06507310606174797,-0.025246540466079038,-0.023403222294068965,-0.008474719690611726,-0.03596057464647874,0.00810975456022326,0.008431440686500445,-0.00747480996697282,0.022206909749716397,0.033459151089811595,-0.018049895535489496,0.0018474559017232078,-0.025003163520285566,-0.007188921214724808,-0.04000125109534794,0.004029673935975919,-0.033076710175700075,-0.0048820688029299975,-0.0020005742793132416,0.008328929305954006
neuron_061_hz,-0.12910335839995804,0.12638010512014566,0.020545569167576813,-0.026914135444686387,0.0914650975892706,-0.012604498981411853,-0.03385924113435817,0.051488670977891345,-0.2251169686691409,0.11142339157517551,-0.0669270011930014,-0.08457868592189238,-0.023917572361881297,-0.08029791863885773,-0.005604829452241111,-0.02776740729979229,0.042544896733096686,-0.0037174495130367184,0.039890454290630865,0.027257272996240027,0.022596526924408857,0.013458697828290903,0.06110360150823767,-0.0012641869654753737,-0.08908340115879722,0.03505952446167558,0.03286528459462304,0.04991344858189001,0.18466428106934252,-0.056446288083596405,-0.11159670583230577,0.04384180323279886,0.12211612925085116,0.05111371617681272,-0.22046675338092986,-0.023988956307714665,-0.11664735144093884,-0.16914504633962515,0.0708793034747861,0.1314537657615119,0.14783770153376746,0.002196299153559955,0.21910452521792473,0.008319489434416655,0.097275101359239,-0.03860853867157853,0.012325437110292659,0.08202000030191885,0.013651946578753238,0.10124558856238856,-0.02501830783998378,0.06601921593898902,0.029675751141127388,-0.18017050034330154,0.08790309258912056,-0.03995106713887725,0.011396358803495515,-0.1262908490026728,0.026343192594344318,-0.1729346176884644,0.0730326471031168,0.08083607807109833,0.04840676864132634,0.04839803078607638,0.018751366641956466,0.08009742489958678,-0.010898236550331116,-0.007448854477160989,-0.01111707554548129,0.016610079665460555,-0.010287829114476746,-0.18097053856971346,0.004696151256066412,0.04443884065032004,0.021825742170670313,-0.07375873327626462,0.10971159152723606,0.12952283542531462,0.10237852757719865,0.2398021363571092,-0.26825234079098464,0.33497600066238625,-0.03516447918403118,0.08853295032911311,-0.0851497865530977,-0.052910969927985205,0.12356230480233933,-0.08966429269964034,0.058668499074197786,-0.268841560768618,-0.045712792468664915,0.04468240984319239,-0.042191548107769816,0.019880037552669285,-0.004607406612184353,0.029025569578074548,0.03739299830953631,-0.00816823738500701,-0.047116546036346144,-0.002309583985513152
neuron_062_hz,-0.021650798929760372,-0.10310901885859702,0.2030154367867091,0.017086906205764436,0.02818389649286588,0.050797239001891696,-0.16006402754028054,-0.15477022429225093,-0.02304949145754952,0.1367057896441152,0.14253446457469773,-0.02729124368896533,-0.0071445906063268595,-0.035823159269974286,0.05483366614098367,0.11329195807992026,-0.04640259440158864,0.040887104738224975,-0.11559620866706789,0.07370485991249415,-0.0078447988093923,0.048490070621492104,-0.002223900734176061,-0.05771666068545553,0.01428626438915113,0.03275859523910949,0.015665530826682907,-0.045593836081034386,0.01710810273188437,-0.05116236093704538,-0.004674190167497028,0.05693629058848804,0.016246776811985622,0.014578610784224025,0.04927092303507901,-0.02011816216306262,-0.01969398497100612,-0.002094105561927257,-0.0004399401518513438,0.0510040934845693,-0.0885447231606754,0.030375934432573817,0.0379068797198532,-0.07001378225893229,-0.0029340192575377875,0.0440999062640621,-0.020839554600556483,0.006468968792980104,-0.040508381690247716,-0.06314553276015661,0.13956340913732662,-0.013043116717840003,0.03784135292902373,-0.03793469044581141,-0.04742472332349004,0.09998821940224745,0.10905386944724088,0.03416818458889901,-0.058387278182277694,-0.06449751356956926,0.06181286246999619,0.06402391190261267,-0.022017396828226038,0.02370230429640221,-0.01926480716006651,-0.05414135655760366,0.11553798792507916,-0.1195734240207655,-0.045251373732476764,0.07557285200599274,-0.0362991791363086,0.012361000093770485,-0.08843691600608153,0.052637695306069016,0.15198985085890276,0.013906076630306161,-0.009111444177056824,0.11487695743126916,-0.01860283979732759,-0.13976832889244992,0.01197209671929813,0.15990679092517318,0.2999443473841208,-0.08627372585600764,0.4274379796014536,0.11973497890915498,0.1442121147392055,0.036929664037747355,-0.066091326837269,-0.08372610905040859,0.10770784871555028,-0.16638986596362593,0.05596379655448809,0.20705354340486345,0.08094406475791469,0.21689672937881252,-0.28281292106617717,-0.036743376085381155,-0.14357333994932697,-0.057085734487131244
neuron_063_hz,0.08610267460061256,0.11213760966810374,0.04838292687850572,-0.042709205413799016,-0.15088245844018994,0.0980976732675046,-0.005221281917167374,-0.06677463394128516,0.235956167444323,0.13898658643957193,-0.021935348526720688,-0.09810831103993291,-0.2916119335345853,-0.193944904316724,-0.012216949471374985,-0.33528680262351346,-0.09066060175276601,-0.05468189338322835,-0.2010479954447943,0.0073417661597555625,0.03524869807188328,-0.02698921525155247,0.3775441770260272,-0.05244133623922714,-0.09549507928120429,0.16859054910857973,-0.012690227928463957,0.3281041794541967,0.008952751067953702,0.13399453408259093,0.013505208710426764,-0.021059493414123803,-0.014230615206431232,0.122237713359886,0.06546087727852226,-0.10373086918240183,-0.001066429852548928,-0.05385842014330008,0.008390091423031203,-0.049959754037535255,-0.0422362987171723,0.03358451328441238,0.10430843171398387,-0.0034830734072113824,0.0643420210210191,-0.07343091825186734,-0.04204396420580589,0.028416492060975157,-0.08475254936575866,0.09529079690151027,-0.008869289988816143,0.06968977632404515,0.04469902357085128,0.09014732752465285,0.11081765980324244,-0.04166051840147457,0.008021728388070339,-0.0035297397934918907,-0.04584326609072845,0.13626764773351047,-0.11192679191344698,0.005755119767906991,-0.09436080145071733,-0.0006307366031795686,0.15518243833027293,0.04464696024731356,0.07247444039519697,-0.01183669843802352,0.000504145504257647,-0.019764984737899484,0.04196592412379795,-0.027042610418476228,0.053481967117647244,0.03371551854138258,-0.07109769512153873,-0.003506856793332375,-0.11430705489317916,0.14529263456991293,-0.032563644787911336,-0.0038189839857686245,0.06513150335481507,-0.051272715949267744,-0.049015841569810856,-0.06806505296566284,0.036341797541935186,-0.005659734487038562,-0.016818968175415856,-0.035759603569103654,-0.027526866100390023,-0.049276255227316566,0.0015971062611825695,0.003837897474710153,0.025336738038034424,-0.032500717173971405,0.040209093693345306,-0.022849619822503685,-0.06246726136026531,-0.006983642431344252,0.008975588853594355,-0.0037252807217332123
neuron_064_hz,0.1349291564713748,0.04022521685812206,0.10323211592340625,-0.07290742354696149,-0.029232175751709152,-0.049013311836198135,0.1752937275721323,0.1753094779412377,-0.0020224131842016104,-0.06200676182495488,0.00953530352323006,0.048211231073499304,0.01717952839518971,-0.02888788794510213,0.16519439187778398,0.10503972430982013,-0.1082786144938728,0.043927005403738666,-0.09369448356974955,0.08257808239781134,-0.053392803283390945,-0.031426223119050065,0.008792131590297597,-0.10824456171757173,-0.0683969208925271,0.06241986314174708,-0.04601380826508233,-0.1304265014432822,-0.17649433123650465,-0.022241390792852818,-0.0641578859021667,0.0663709567443208,-0.10768799491224923,-0.07703194003654984,0.0011450191361044287,-0.012433972243322405,-0.07075202106145612,-0.0648919625125298,-0.1108683472323009,0.02898667092157204,0.13251492133242426,-0.027411256388291172,0.10909883640496226,-0.08044604142315889,0.14853357755495186,-0.15302499082582144,0.016441846726755235,0.015284138748665008,-0.02384474762655482,0.017135492171479923,-0.022728621064455664,0.14573900804992257,-0.05523241223426086,0.07797550364874387,0.04780579475029125,0.04407941075698338,-0.023678973378665147,0.0856104745783569,0.019910981255619773,-0.056211191572339586,-0.10748178017049717,0.05979229708170984,-0.05677525348715262,0.1276291233202536,0.24357679181474673,0.15287907323478556,0.0025562575251748543,0.021374461760592683,0.29302982569111125,0.18450147515497367,-0.16677005493211966,0.23372797112576937,-0.0914635945340647,-0.3385137399476713,0.1633996376882077,-0.18080439319913488,0.02573253172253595,0.020397653649645305,0.0632339279815547,0.03420927972181939,0.03492821828900475,-0.027299946678752532,0.009316237146436451,0.17350803139767124,0.028534118953413068,0.03381521210938065,0.008607659025862094,0.09527399525461688,0.04338614214759714,-0.0019973971904528546,-0.013314125865762631,0.0596790194447879,0.02327424115838359,0.055941598061639314,-0.04681054357292148,-0.042348136613893424,-0.039199130636920404,0.043576749709192716,-0.04325002795183637,0.016971166418715412
neuron_065_hz,-0.05333486588820555,-0.1379069710827768,-0.11872532906627074,-0.023231484186780452,-0.18555540403644055,-0.059557470688754756,-0.10265841598450623,0.048775326187510196,-0.07179652738030773,0.017423465221843668,-0.004866827144693201,0.013226466016529985,0.020934191135566736,0.006168949498586651,-0.061923295709563314,-0.017457688510810313,0.02889701772150402,0.08732900064716918,0.010718453489233011,0.009248332492536593,-0.007976524014400015,0.032352739960600556,0.060813518062876756,0.04630153209935285,0.018291202709241228,0.020942946709352456,-0.015880055856133606,-0.0036950910088093102,2.5404527729595405e-05,0.02412120226048175,-0.04681502339470401,0.07785890040753651,-0.028673556968202854,0.06717636150917082,0.06185410431623756,-0.047872457107922234,0.15263940007338953,-0.01204515922238264,0.0454883356321106,0.17481213459382747,0.1278888679921073,0.014411505167711863,0.06461040104830296,-0.019257746418683348,0.047970939200928354,-0.018282815749865095,0.0005165280534535355,0.04945516999214224,-0.18632733851549038,-0.04474355161155698,-0.17515182129341655,-0.27481808069396524,-0.00307462468605141,0.22758817617821656,-0.17239217769846696,-0.02699928848974857,0.05414244251548793,-0.09090416150062754,0.3600820115293691,0.18501303157795954,0.09080994629072722,0.07834803571902504,0.035733544763435945,0.13835904046618802,-0.0448181301047277,0.10289990074275944,-0.10493043617379692,0.16085100986724427,-0.08623044751801832,-0.12374845804364071,0.03916730604283793,0.17009177094441935,0.2170487884055528,-0.10642680944424435,0.08448121468920623,-0.04536756760419942,-0.0615019386356373,0.12036151346808045,-0.028695372739360937,0.08991939270426925,-0.16897326545794084,-0.07094569024495492,0.24918707624405484,0.08046937614915281,0.05964312293096301,-0.12863058851435327,-0.06077599785155816,-0.0987971150993773,0.015531242646400906,0.021210550709403253,0.04127544817122937,0.011925626278843707,-0.03045890303332128,0.03743195377147897,0.0313175789511516,0.028559476129779306,-0.08178993806773581,-0.016560763009183587,0.03452026378208953,-0.005298959247763472
neuron_066_hz,0.1345832063992492,0.10738194639883233,0.0497563684225418,-0.04560718904875507,-0.0670512481189659,0.016466015645131876,-0.01577695460147682,-0.007838411410011886,0.057763600031841764,0.028459857007545112,-0.07833833291847783,0.04917416291362703,-0.040912692353196736,-0.09409803220446494,-0.0799211489004952,-0.017421953361765365,0.1311385962107465,-0.02145670229355557,0.027713540212933867,-0.11504228320557694,-0.05425702562311722,-0.015577458829271404,-0.17478974730942026,-0.08427533753435794,-0.14411128511843008,0.20282476927673726,-0.03057162973281355,0.002521357663566079,-0.1636245393158105,0.09842566839198784,-0.2628745331550489,-0.05800690797324866,0.06345700308141525,-0.09187630389883183,0.2156522655051935,-0.01909577083978018,-0.19032711400734995,-0.013723985316652115,-0.006007110724957146,0.12341281233215944,0.17705796581925687,-0.03218497395643751,0.06124282571962489,0.044078389637400676,-0.23645030213078835,0.20144588308006017,-0.05832307826960176,0.34372950631990135,-0.1648174697516607,-0.11506729498933141,0.0946099987645713,0.12878062552918174,-0.22568837631101027,0.09185883650428664,-0.11652051318063764,-0.10345353829889287,-0.04592295999235568,-0.03774746830294068,-0.1218720079995376,-0.07289786965678813,0.13174637768450445,0.02710576558167315,0.1066196788153986,-0.09143438929534067,-0.0935118969721381,0.035890676486127794,0.04285795650871201,-0.04573899733970557,-0.01652838831561312,0.06869553584365778,-0.1037440100829835,-0.09305950970544487,0.03114557136544611,0.038832545941325965,0.10402229601026822,0.0940556338248829,0.01158181285847612,-0.004624998073612399,-0.0705308620892093,-0.019879374882975406,-0.03644954004664018,-0.07077874823046407,0.08444304760501005,-0.04474502571972747,-0.05115825401358329,-0.00021974257456097712,-0.059754278406963866,-0.04113106869081663,0.025216627098753382,0.04019755253231315,0.0066423849515373674,0.09906202600805719,-0.04658141652723049,-0.02679150119418641,0.011153688978787995,0.0379626856976499,0.014059620941987205,0.04539323873540888,-0.0011429910688033318,0.007414260711183942
neuron_067_hz,-0.023400841921351802,-0.11621407904612802,0.2289677672302297,0.010055334605264848,0.027729953800034207,0.03933614418224879,-0.08543873139610607,-0.045792821744751154,-0.020393964314804915,0.0067035538539664714,-0.010517527489988852,-0.0033871754168604638,0.006402280048667228,-0.010310326283100538,0.00935615709840019,-0.00658597119519827,-0.017948153653618116,-0.02303898559819649,0.03159748130508449,-0.012978286310358522,0.008525572022998334,0.031822484270348284,-0.0020328036007264544,0.026571716372500165,0.027062493458596314,-0.0006220614887805787,-0.04181553864732308,0.011465965835383854,0.04273929624874839,0.006352755732032839,-0.020213933911701745,-0.01209744971608416,0.014831576583478764,-0.019192571681075854,-0.008797276574295916,-0.006066573842808273,0.06436491845300112,0.016632672627638734,0.016933337089252605,0.023858546842657424,-0.05065240510767666,-0.01743207477760161,0.011692424716183718,-0.02388852900053344,0.0347524785192077,0.04077994682366193,-0.0065224834134263165,0.017101683345753016,0.023123572761498484,0.0046970225463697475,-0.022138198462737277,-0.011988973411934417,-0.0018818318521263214,0.0013482145059979245,-0.020010244100401087,-0.04462678939565612,-0.030141019756858456,0.007680972108739803,-0.03758937466858488,-0.030693165900357422,0.012412756602398009,0.01036688691245985,0.004828174975385402,0.0017451978866409625,0.08851829394563397,0.00532485580550357,0.05035498400311221,0.0038489312270525537,-0.005572992529776148,-0.00565001467021739,0.01526220617413064,-0.006502747199077688,-0.027473847445262618,0.015067780933848973,0.06089911898278823,-0.023895390859319604,0.03843054246105981,0.003358013114586781,0.04265993869134377,0.028604800098289612,-0.002227075184547865,-0.015813284142246663,0.005251641572365559,0.0031387757189435955,-0.08985412842934881,0.003588787541630112,0.03634960306506077,0.06315134953190907,-0.003339013965189541,0.03130184661535573,-0.04596444709256318,0.1005498583208859,0.037322113027669225,0.06929471983087242,0.12673301726677338,0.05657865912335911,-0.1573177522022648,0.07317117757576518,0.5051482379565911,0.7309299789598827
neuron_068_hz,0.0006535896180787533,-0.016707059628176646,-0.01771435393619852,0.21042084932855118,0.04080465951026566,0.02500163575065043,0.33789835418323605,-0.3395927492847669,-0.08421721201312148,0.004306593849518043,-0.09798662783870604,0.028909964062236764,0.016761385421432164,0.07158855692177814,0.030639371750559474,-0.07691862596186735,0.08436395911436131,0.08918859375689192,0.02439468192783211,-0.016687781186131408,0.18680566637682172,0.11290021016149505,0.03702414794731904,0.007739226625551439,-0.04759580484758661,0.01616018050456869,-0.014731507227031454,-0.042751458719833685,-0.007079783205607912,-0.010223668888070945,0.09809911648569768,-0.06625136718422878,-0.26630633482902466,-0.004032055131127962,-0.018422202586126785,-0.19601830653225316,0.13269407087478385,-0.0885705030109877,-0.10230213356554138,-0.020955535028511107,0.16017835297986047,-0.0075784081163435685,0.06684514554884244,-0.12830766894611606,0.029293900984259765,0.24400346761291503,0.2128531372109039,-0.09545931431452287,-0.19638906785825344,-0.0608642782321753,0.04542080548150781,0.009681665673554392,-0.10917161721993071,0.0027235794496252297,0.1278166722357022,-0.03439329461297973,0.0440722743640712,0.19381154987469207,-0.18057716284131137,-0.057353126789098235,0.029031208271395895,0.06820277461744004,0.01776330571389182,0.20320804938519288,-0.09888506043308123,0.02655118366721787,0.029288473045717182,0.10370461822817593,0.04257506454615863,-0.1176007735632093,0.04257409284944701,0.010182539320712173,0.06090634342187355,0.03859266703393451,0.002017952215405225,0.03869271595370466,-0.013570489026248467,0.09633182016398296,-0.005972005735742528,0.061697330827835684,0.05329339433113031,0.06259183354818967,0.027134848909120952,0.018240412861640083,-0.06783354590789453,0.04225620983994912,0.08535096553840016,-0.031719149568373586,0.07754230827177327,0.08210993679747407,-0.027096605372569374,-0.05223354286977008,0.013788844639935995,-0.002893100850123606,-0.03307301556415693,0.06846486554052077,0.009549116135309371,-0.007412380553710285,0.031875035047368064,-0.018749830856747186
neuron_069_hz,-0.05691068640544007,-0.1339476878614519,-0.1110414026026099,-0.00771880041095974,-0.2169073828153938,-0.09832763894860674,-0.10574269087402037,0.040732729627564246,-0.10594288140384708,-0.030249634096164928,0.0819484939275314,0.09167060273528961,-0.01541239293496273,-0.03619128589391826,-0.04720549624366302,-0.038710531778308466,0.04134115931993572,0.044771300233997724,-0.0005786426179080189,0.007709335441812924,-0.0420083931380367,-0.031544553285191845,0.05223045088327708,-0.02502239882181441,-0.06460352219164278,0.002851160473774858,0.011828091341418892,0.0586899169094806,0.009823938642576267,0.006204722908044583,-0.011033954332868731,0.012986212553950348,0.0041460366272836,-0.04770272595868763,-0.037721601511772826,0.01965554549009907,0.0006479255023866537,0.0011047746699441863,-0.011859528386157642,0.013471443167775654,0.04479463015383399,0.0003728497678942323,0.11482284187228387,-0.07141764359593805,-0.03276735032263239,-0.0536929601399508,0.003497036372971149,-0.03283678996770234,-0.01755953953035841,-0.010185000520423038,-0.052687133605833526,-0.06804265434600945,0.01241079050033659,0.06671343397668486,-0.09198054667739625,0.006852925874911934,0.04649021020258888,-0.13246932662505123,0.011700274098898426,0.04815588367859074,-0.007251420447061417,-0.023612127999091178,0.02956694509768161,0.004623193496745171,-0.02637488742855354,0.06518772687980053,0.03118876421785114,-0.018428246851391314,0.04146101585577096,0.044152038900367556,-0.15998516347982875,0.068845372383342,0.030884621343306086,-0.07223240227924481,-0.006145099840259939,0.09099960769153603,0.19226581208489193,0.028261649309879712,0.03517329304750699,-0.15549990946329756,0.31333534344702896,0.226628840985531,-0.1416500031179693,-0.23726422019225288,-0.20266709683926287,0.3419716450785942,0.4153300092663859,-0.16054430562829308,-0.10855425059304644,0.15501018465896976,-0.060827461723013274,0.033998291138417513,-0.08587320728579068,-0.06751986674347514,-0.10083202068047944,0.0823480307423216,0.0366012153746342,-0.02169574266865405,0.0020209331143211467,0.020188327343306202
neuron_070_hz,0.1456489197410436,0.03331844895510812,0.004410804435222827,-0.08547293915446673,0.08905836355202215,-0.10899949318701052,-0.00532514744380639,-0.06527476551787845,-0.20033464371028445,-0.0584636824536687,0.14890341286765077,-0.028548466469476484,-0.03727884685599123,-0.00922020229467454,0.02542639879545662,-0.018915674326941485,0.015428205047151523,-0.1420351453227469,-0.11000276542982501,0.14238074034007067,-0.030187696447312062,-0.19815469305313443,-0.03571637960807108,-0.003889877242254293,0.12905811410061946,-0.07330175792602965,-0.13740599348797145,0.2276325675564151,-0.11367477441843138,0.002614364023699779,-0.08863554353547126,-0.028131053417610893,-0.0033256420312753315,0.08504611306342211,-0.004611673516441889,0.027809614163686283,0.22322086333485402,-0.06163282372247511,-0.08975177010235358,0.10077802172693849,-0.0806837789053086,-0.04389579422975321,-0.037210129066694096,0.3269501863592079,0.15810730716941343,0.0990324250074276,0.012134741042875208,-0.13999944577939966,0.054325068448095995,0.12068074008843566,0.2230158074884171,-0.10196889563479355,-0.025158918787086426,0.10347070820936204,-0.06224962548884436,0.0702716673150475,-0.1751806881786201,0.1525676482107946,-0.014426029280695198,-0.11249173980533608,0.06524071174916721,0.06229907818773976,0.015618577002850131,0.003229314210419318,-0.11563582413133336,0.2533591451268276,0.16873044924654668,-0.02603363741935705,-0.0630616353752725,0.1665606916539477,0.00229705078248492,-0.05450855574823368,0.15884935939443093,-0.0565457287584027,-0.0003774810746599588,0.07735940040386283,0.025236878554163813,-0.02369018113983188,-0.17302687595353958,-0.0020731664073667527,-0.09932510906041025,-0.008513234443534232,-0.015153385324523004,0.044143322966335295,-0.10400830776917844,0.07164868776366642,0.02048848251358226,0.0009016856605078699,0.0337732991299314,0.01718179530633062,0.03062815019664858,0.007233136274800406,-0.050440286739786545,0.023292162635164714,-0.025075085894283505,-0.011488995997928375,-0.031180875522429312,-0.03760939034536218,-0.0030239238846613485,-0.019753091887747504
neuron_071_hz,-0.02268826232190214,-0.09762075498135067,0.19294172845518812,0.010556927373612177,0.03652990390632811,0.040158220690758514,-0.16749442208455956,-0.1224735764753436,-0.0015259340814576556,0.09503843751957439,0.07793654069433904,0.025264179111609296,-0.006941162489864733,-0.004446818089832313,0.013610123633393256,0.05601062671175273,-0.0639899607488618,0.06694938768115984,-0.056718468324313716,0.0819878564189879,-0.0692835938055627,0.10940627595469463,-0.04684359558383268,0.22831485720954856,0.026369770183863096,-0.029480728075107,-0.35585040939166973,0.08043960774736941,-0.06796457849386744,0.10258628907517173,-0.1479607400272202,0.13404506346858064,-0.10079355677632702,-0.03455256696222239,-0.10423327289280471,-0.01650832089257359,-0.22862168637003882,-0.019995993445163257,0.0027445487177502597,-0.02866138277654013,0.11691351991676528,0.04876473544218858,0.010191341170371872,0.10373211369101966,-0.07165422764665208,0.004918985386389008,0.06519882617407981,-0.13634482805968484,-0.09204062273335992,-0.08941238127309711,-0.09465947528046226,-0.03707672629701707,0.0998396684289784,0.04421724617718201,-0.017254827062946475,-0.12595379364189407,-0.11687710102545931,0.07124238043920222,0.12945299245324893,-0.11045589083703763,0.0010632937125872183,-0.037762495373373214,-0.09240991439911589,-0.05955397364543846,0.14006553066953256,0.10279152890168304,0.06641045870516583,-0.005200391882695124,0.0852084059056673,-0.23523972678459193,0.16662634409884516,-0.04269160970381486,-0.07444763166108366,0.10808521613974038,0.17149522412334262,0.12105508813020413,0.07795613429515685,0.026780776194527244,0.1473831263645754,0.02690377498223199,0.011258706198604473,-0.0935939892304121,-0.013945990511398741,-0.051271069596849045,-0.006591139493274431,0.10704931042984053,-0.05787727553714758,0.019326248637778033,-0.04655017991916467,0.023517041898140995,-0.06488131377718132,-0.09086114856140481,0.09120003548801903,-0.026743896036850498,-0.13124155655940428,-0.1437363135506965,0.21539182689847902,0.024118663585641575,-0.08587588990851712,-0.022047193009633433
neuron_072_hz,-0.014858414407693681,-0.10564483645480152,0.2160445483563787,0.0012432225891313774,0.02111308160543982,0.014777482079461208,-0.027379498189435518,0.029548402718905485,-0.02016520726332863,-0.028571192054207897,-0.004854682346887451,-0.02480634259798729,-0.008043345975113633,0.035760934448200055,0.1014890906193481,-0.051746032408318016,0.042615650335109626,-0.002864957856925096,0.020264267641079775,-0.044590225500681466,-0.05614725132042972,0.07491831399872508,0.050912863439577044,-0.137670738701818,0.08577730342464075,0.04095674719106265,-0.04166758443505657,0.05842074007022179,-0.053331251636580666,0.0008452188966328669,-0.04818184420740901,0.10359307968632667,0.015210420246868445,0.07570666205098134,0.06322937602120784,0.12633804601663287,-0.13038958594763905,-0.05826566434525687,0.04443682750997267,0.04631059267628905,-0.09141089175353596,0.07353704062094135,0.011608220460086395,-0.21282267554798376,0.07789567566702078,0.09877615064608608,-0.04646431082853,-0.025922347172326887,0.08676544970521441,0.024945241893091448,0.07087716494387793,0.084243999176564,-0.06159571131364299,-0.030965962670739117,0.020995752745453324,0.07600670251676317,0.07487321659030918,0.04883716856814921,0.02668067618403082,-0.01773481375760036,0.17396772309394057,-0.15600768669351656,0.05548752495338302,0.1711634062737556,-0.035773302087026976,0.07541619369743402,-0.16571371770883597,0.12357983737644146,-0.08798415073017368,-0.043431335202301795,0.009872653828473448,0.07989728447525225,0.23295948057742216,-0.09166640968395552,-0.10656698939006701,0.21052883982735476,-0.0032903496045950387,-0.07974840909225148,0.06614396667921606,-0.025842954874020184,0.055299868923365664,-0.07342975254993876,-0.1901086570551447,0.22365486076235783,0.09286620118891521,0.17862731565856427,-0.12289324932136547,-0.02898434269540731,-0.09948798749541646,-0.1999854950717612,0.13209951361841313,-0.030971063766544425,0.0018756677935147271,-0.2628801251286812,0.03196414594686611,0.2883543043037926,0.17592642936349048,-0.009855991043694452,-0.039513778723386114,0.049809417808463666
neuron_073_hz,0.1426433595323036,0.08268418653214174,0.01439646643722113,0.06431295366115704,-0.0036901751323837524,0.013830210603937527,-0.09743547778153303,-0.011152610650717381,0.04163889615938102,-0.04275475651379863,-0.19256472590553056,0.11712596452861941,0.02031070005151458,-0.025295586479434848,-0.0847995758050108,0.15862203072617817,-0.2719693607279117,-0.06315842985902817,0.07542816829539513,0.18146073412234803,-0.07331981103103881,0.014764635913100677,0.04582080693899587,-0.34530193750527827,-0.22537124422028987,-0.08262921722894623,-0.2755828862281462,0.0459898535101901,0.11521931997233875,-0.12086737391968244,0.05089799185782665,-0.02606565670165259,0.17674532052487427,-0.16331864308134703,0.03732632853726636,0.0548202032777054,0.04271310423279555,-0.044407908208085906,-0.22497477302403557,0.021512939193115376,0.04471545838502258,0.02371375276677836,-0.11175520199878516,0.0367564553547743,0.09626318003448364,-0.0011477969383710401,0.06417595077037302,-0.03515134360298005,-0.0786104729385802,-0.03615251288065575,-0.03322270089115397,-0.040706885629777964,0.1405405259474378,0.0011867503994060363,0.01018902275613065,0.012893373883571216,0.007674050567181345,-0.10985068506556789,-0.13137841254815355,-0.007565862392744497,-0.08270411251284843,0.27754594289081386,0.054775085221276464,0.042391603577888404,0.02110762121198053,-0.133360649060407,-0.20894996211109923,0.0018806887689386265,-0.11577153772206135,-0.053751911227417015,0.05783700780231934,-0.0765087607513868,0.1724194144671744,0.05933808334126939,0.05904577293676329,0.01857324386103941,0.04052468245200425,0.07095917018257629,0.0028931896247325894,-0.0745579858215796,0.033641509919571516,-0.050831751939105274,0.011594886680342337,0.051186131872264944,-0.0631911406309669,0.007252405978766332,-0.012892425599634043,0.02599511859399371,-0.009872573000596865,0.023858808561524492,0.011392522745123528,-0.05262989215733872,-0.0035903048358587805,-0.03865171838807298,-0.06585992803580247,0.07380886222970018,0.012537501453385565,0.02321377333765823,-0.014388046192408112,0.01129396042704956
neuron_074_hz,-0.028338806472426738,0.15877275597677662,0.049554554557464804,-0.02788058797636045,-0.14545038120849432,0.25854279795983626,0.01117305609771053,0.004594522033864445,0.008150918800297249,-0.0811655494405581,0.011729703293970013,0.04426135394783467,-0.08583716611480703,0.023683570242385172,0.12060488944638022,0.039489635229949444,-0.11840799464156661,0.03205462342150492,-0.0231222242759503,-0.07865221211961901,0.008547918445868302,0.027464634084710518,0.042299190386397095,-0.02318750616361174,0.02963145234808357,-0.07598545797440258,0.0585315184077439,0.08517429345698443,-0.01768347672404856,0.13463944113677687,0.03235303276769808,0.07399374760060598,-0.07883013610804487,0.10191259847449255,0.07714052529142212,-0.021941049992531048,0.026037803461352614,0.09542240123637652,0.052171180761858234,0.1325290411862113,0.10025211581470116,0.11454847771419745,-0.037683272142995966,0.13496958332867695,-0.01807030407891619,-0.07465317501462417,-0.18441873147369642,-0.0703532408497195,0.08425584455582237,0.022888438882055766,-0.0074683528380540265,-0.022419603149709755,-0.13729935903251572,-0.033480881020596986,0.04769096943695154,0.07109223848684454,-0.04314562232926977,-0.04077585624609292,-0.03220754295333889,-0.12879415571618708,-0.1291064837134127,-0.11003192690174486,0.18473305061485995,-0.07589732165660781,-0.044286681749142236,-0.2676117083308184,0.10982238268184388,0.13831846103892392,0.023431842248820993,0.004083566481747319,-0.02341243958902165,0.1377615960084272,0.2263396826754913,0.08838225205037302,0.02145374671857097,-0.005436369494871085,0.0688324299285437,-0.11984074725381513,0.15199762061587976,0.08175279614044333,-0.003271331208445284,0.25574569348322707,0.21292557764614556,0.09664241307350889,-0.12437696351832761,0.09538091235561261,-0.126707293311627,0.05084822918891453,0.04325675337491407,0.1447199676576868,-0.0024825935016538903,-0.08907954474814124,0.05536549222789018,0.17733696035884233,-0.1870980163567792,0.10352618415231452,0.08333480866054391,0.03728908625192896,0.02500505175569409,0.0028913730372548043
neuron_075_hz,-0.11608345390403522,0.13984189117391335,0.029969699427274163,-0.02842350037180349,0.0076144058119286566,0.12828604820688544,0.0029150120666620216,0.05615981683034584,-0.2411455710202501,0.04161276542270614,-0.0035345457370236683,0.008215416146834032,-0.07573680718561449,0.054421131805597316,0.04241782622707761,-0.007337208926500308,-0.024929761714459556,2.481927486214751e-05,-0.006959643222838116,0.012605966215547083,-0.01620469611469952,-0.01983126391808001,0.07719963627049811,0.012784161125608123,0.025257934853303417,-0.04380950374959315,-0.02380471533923851,0.009954455287757125,-0.08310221373577512,-0.05206531931283346,0.1124121681526137,-0.032924430501227536,0.09019039079336884,0.09951445113357636,0.07527998968009922,-0.05940743336989669,0.0016385013866464654,0.08226544816141142,0.2011562175068177,-0.1832952123161396,-0.023995668330612466,-0.051519048192840214,-0.1466362077843515,-0.1317416687993686,-0.286207055942624,-6.908869899217851e-05,0.02256808102070454,0.0919052617546921,-0.02175712125099638,-0.009561657161253435,0.08208734461606661,-0.22465602458431166,-0.20147339690763058,0.15053653756261784,0.0770614314953093,0.2326377341706124,-0.04054974032887018,-0.01023574711065578,-0.13384814056859407,0.12767485101854215,-0.09303990202286164,0.11996611753520231,0.018922153336712114,0.0702533397241358,0.15726103103746036,0.11243258137035349,-0.09276567277563745,0.010693482211037844,0.08492750745305963,-0.01619163570007522,0.09487376089651384,-0.23060764139304263,0.07835977508276057,-0.09110980273591134,0.08590732532405802,0.03601021896520652,0.2509829592087275,-0.05786219982787652,0.06641660214421047,0.019695050498763578,-0.09886583478909311,-0.03582453310741242,0.0867611246816129,0.08605301004951718,0.012427639131616545,0.055638594002185196,0.13656988591198876,0.1442721718917786,-0.11498683565588368,-0.0038300200116198266,-0.07909839314582161,-0.004207428115888628,0.07256263421501856,-0.13335810349068386,0.10226799079042977,-0.1387029446674787,-0.033571363938957696,-0.028211425976392285,-0.0381490001709907,-0.01182789156733517
neuron_076_hz,0.14897179510909514,0.03736577494342318,0.0011420221444448204,-0.07534343659180566,0.08992869455788641,-0.10433766936441785,-0.0745436431081425,-0.11640668032210813,-0.2232260805343358,-0.07761986886661348,-0.02758147672836234,-0.0025351705231084834,-0.054345523784081924,-0.019562710505072415,-0.03857644666765708,-0.08407626433636611,0.0034865569149226724,-0.09807948057110348,-0.11865941853465883,-0.10598213452883092,-0.09263901874105149,-0.06945908314554033,-0.1752355276726031,0.03918791259648751,0.14621964172961793,-0.06857978253264245,-0.08778961909538868,-0.043953473270127816,-0.10229490571765631,0.06332463224281906,0.05718245853235837,-0.033376207988837565,0.009913396332860994,0.0994011100101142,0.07167170484987545,-0.03856657277172454,-0.0482110681949196,-0.054426197934522094,-0.10873984339293812,0.05561080357147683,-0.07525555514342218,0.012871906992479212,0.04394012147672611,-0.10971081490143415,0.07806251985879928,-0.15620203398816712,-0.2115727519571543,0.08448807998132464,-0.2135557036293718,0.03140622943103577,-0.05908830761325587,-0.05825629553238135,-0.022762862665117962,0.007776117617768218,0.13212522142295458,-0.0975083194941292,-0.044122181780270726,0.04887677530575292,-0.04821763458072356,-0.03210542392747386,-0.1549895842329628,0.06466584678556918,0.101627113349397,0.17851995591928416,0.003574586930462642,-0.16088339192757675,-0.1291603621258199,-0.25178297989071735,-0.08758286563610936,-0.032108854505062664,0.12751002624204485,0.24601003041970326,-0.08686661639210166,-0.0009858202269354271,-0.11714956131588297,0.20992627236260286,0.08762449328086616,-0.042274074852558866,0.07922314453922491,0.17365386008596773,0.0894557669140472,0.12215693134520976,-0.021225885247965384,-0.10921304288095984,0.13230734357811255,-0.2129134608437665,0.06277734656078224,-0.025838387145775098,-0.041259698369502024,0.03809605801513585,-0.03033490516016716,0.08046305296706173,-0.03422704209097944,-0.03030890745572804,0.06217385173728659,-0.025967362633476203,0.04369425827581089,0.07827136050572708,0.010206434033614657,-0.009729141552108217
neuron_077_hz,0.032651378424345075,-0.09148074173165575,-0.09303405233454805,-0.10286802897551506,0.18847405650871482,0.1883645307290717,0.026190536395560193,0.03513352691131395,0.06945679622730404,0.061920182891049814,-0.04125988468619704,0.1561043481118732,-0.08898323660198323,-0.0708247002743947,-0.11668987705283168,-0.046382210712557055,0.08774623854263615,0.005745453825553054,-0.27790227012603164,-0.30311616534013547,0.10201803359755142,-0.15340345311335085,0.007358312800077954,-0.055076662763247755,0.0016203657876396518,-0.09396641479594894,-0.2108572307834849,-0.32054035378235735,0.23493981066307637,0.03429653817110043,-0.025503993105921056,0.10815246855114928,-0.05545799321164039,-0.10753140865641561,0.07011596607579507,0.0074305475183150255,-0.11928752546065835,-0.23994071936618455,0.1010652276005158,-0.1105645635660351,-0.12013403186312466,0.012355397955560989,0.02427123106055054,0.1096464609481844,-0.0790641815619084,0.06290885537152036,-0.13825739010656635,-0.18314190060944915,-0.0025761485195379408,0.02086875095446386,0.10928376619490424,-0.053493558397100016,-0.012887832716103276,0.0004227111751799184,-0.11558175994881492,-0.05646645299907835,0.20224081009226694,-0.08975563980669082,-0.020522186993109995,-0.05484488199174174,-0.18183833827997145,0.02630797648869382,-0.01627150303181857,0.05412246514285148,-0.034657040462585366,0.14933735221708425,0.02058083558722206,0.09299625044898169,-0.08256248096821978,-0.018764082525704114,-0.03686668243338962,0.02776570002271122,0.07486857909708279,-0.05599936923714565,-0.014252908071019867,-0.08294881324311663,0.018073764037311396,0.017550060711663568,-0.014002079993149771,0.00990502631204817,-0.03892765024617367,-0.004106116476894383,-0.012626734395845714,0.03441805649526633,-0.025037641357440975,0.030755339882952416,0.029142667843564667,0.05330911712143696,0.032097561286462545,0.03823782257236065,-0.015437430261476221,0.01929720576300266,-0.004597052342235439,-0.005314532814519518,-0.009404309822079425,0.01326937505230947,-0.028496599269921576,0.002422879681893506,0.01143151729404284,-0.0013126683012585065
neuron_078_hz,-0.09050656321389015,0.14204761830987622,0.03563017150164618,-0.03173509212025048,-0.06908505391958882,0.2324293735010706,0.01428673913572442,0.03961365247769776,-0.21925465379182293,-0.01641213643836652,0.046521673979556324,0.017242458963016745,-0.055229792676650374,0.08136591217756214,0.05228500512375735,-0.00015545165153282555,-0.056681993937863905,-0.03088694770857111,-0.02122309744962474,0.040332355684371074,0.01950433384061348,-0.09271865565273973,0.05502705720326405,0.016066267862236458,0.1164682669853244,-0.025500671002852734,-0.11102328582872263,-0.07896898808246361,-0.0649060633533057,-0.14202459045023239,0.175136331862649,-0.04694041689822459,0.05628166807955856,0.05692468250362559,-0.03252836772568805,-0.10924397640310676,0.023076854215066195,-0.15926177448776782,0.03015057642035424,-0.01067733331779698,0.04599183132906656,-0.038649177857245,-0.0485383670929346,-0.08834055766163493,-0.12983216146174079,-0.034370587215687795,-0.10430323108908413,0.02208300835233621,0.006094258691863044,-0.07726314948186488,0.014073611503916464,0.07914630361085832,0.05805088090251392,0.05555425898609222,0.028659673369547257,-0.05549122823209045,0.09305368848607902,0.20248431783915233,0.11944087006145786,-0.033172872057295896,0.16934339368825835,0.040900490727762556,0.02115479428512604,-0.23159174547306047,0.1565728025415858,0.11155562282492411,-0.21552451670020045,-0.03227830256431663,-0.11570988235129478,0.08018463356052782,-0.14314235961057833,0.0021060063009493007,-0.054755644372426956,0.06276407694800737,-0.06266992517379648,-0.02077177928021396,-0.059537432234756854,0.08464244693055875,-0.11211878412366935,0.00035196899632677914,0.10186689969537553,-0.17666877562274086,-0.018080360906106104,-0.1445502184528393,-0.048188197532874316,-0.0447369703052513,-0.050018476133969134,-0.22722829600146865,0.14646305544843735,-0.03575629116751621,-0.12361725366508668,0.007823467316636218,0.09129590234791254,0.2116694666699325,-0.17612061330248607,0.24752311987275352,0.09849012785811756,0.012969614895166013,0.034509501162060446,0.00940153729594922
neuron_079_hz,0.1324534835194844,-0.006197061723639656,-0.037345898115784724,-0.08312193378641537,0.14663780956710515,0.032511661461490926,-0.060304603906868925,-0.025133732615483267,-0.06981451799783471,0.06012985443810805,0.04446088158751338,-0.035375770064331284,-0.11953675658488765,0.25653951679862974,-0.3950614035880331,-0.12175180690356388,-0.15935221767928992,0.3164713253063716,0.1918504978362539,-0.11293471150956802,0.0016739880783481,0.03694989568086811,-0.16201204971115657,-0.20661289993571344,0.13448180809144353,0.0604061731800474,-0.052248545449951334,0.20020955486985073,-0.05742005684168031,-0.0007831625109301701,0.031752677061296794,-0.16140170516482444,-0.03812571808479773,0.11504825503313913,0.13662041293213717,-0.06628636240190135,-0.08608839775098967,-0.05797524782091343,0.0186169485799104,0.19094873789798086,0.03724030891825082,-0.07895673494592784,0.014219191133299645,-0.09662187897076716,0.015329774194357854,-0.07056308607823587,0.08936553283402417,-0.18303328067425367,0.08282185218359735,0.05807259146978015,0.04965545182714785,0.09660032081668309,-0.11188734575420807,-0.017830952976856593,-0.013647167934982489,-0.0051748904733493195,0.05490791268961216,-0.040563901211670174,0.1528818706572065,-0.011681724328378655,-0.0668251352740619,-0.01073645324503529,-0.06741552806103329,-0.10349794386353428,-0.053630550926438106,0.017191972384833352,-0.01507865493238255,0.06148488838228247,0.10910543578482097,0.053246567917592635,0.0718006047896167,-0.048789081936575183,-0.055942919949916556,0.0159801186175723,0.008738308519174731,-0.19353447570555704,0.05624122719775648,0.01486980651585472,0.02531493110559828,-0.09673685159838248,0.04067455757507209,0.003408480596992537,-0.010718911266039341,0.044824287889646576,0.06833647269441995,-0.0541096017044585,0.08814967557980567,0.02022848378920436,0.006869992162458663,0.01996334237253921,0.028844346342117775,-0.06314349684522404,-0.005131466740848807,-0.0026826555976961174,0.013315060929290919,-0.009854405340999278,0.03926315571370711,0.025567603286441087,0.020571510035978034,0.021518355750162723
neuron_080_hz,-0.12948314066141592,0.12351390090606501,0.01985968614472209,-0.031136111775386385,0.10004883727505244,-0.03660552688274955,-0.037225327267967866,0.05579599536937863,-0.20025310385250472,0.15796086147752425,-0.07785960873140498,-0.08843739521155305,0.0557610865298555,-0.04416817999659863,-0.044139518569052044,-0.037474910783610524,0.06905104324623845,0.0454601531123393,0.020987482754998447,0.020432195643081328,0.004526975070407224,-0.037864403477831134,0.04438117059191313,0.010637972576336661,-0.06860017751543422,0.11977023625373855,0.023594956546303145,0.015875217410857453,0.0939397717478308,-0.028839861091402012,-0.10102278642957924,0.05195420115963931,0.10144001043953878,-0.08722448363829577,0.06818933028403755,-0.0018525374340008383,-0.029106382228417865,-0.05066130134019219,0.013831515597143802,-0.06696236657970132,-0.05127071164168204,-0.12134845092313501,0.08264231224443058,-0.028003809253124887,0.10752359745261973,0.1449285447830772,0.2078323150155457,-0.1617465576692786,-0.17942212614838832,-0.03276713618350035,-0.13893403249439834,0.07318592185259269,0.16329885378747364,0.14180171428827668,0.015483514256574023,-0.0718718133549178,-0.026149645536353475,0.0022682201390866186,-0.10565782171505839,0.12306333868133773,-0.05047390287362023,-0.18783165698751242,0.09659028860485798,-0.18752162299673622,-0.022283715311739574,-0.056947769380995605,-0.020324901055466915,0.20407311131916483,-0.033025989452154084,0.3169151687832239,0.09753254151905864,0.19027669582594198,-0.03653184169738676,-0.04139600446122044,-0.167262181486103,0.1879551655282538,0.10246183813977404,-0.10626429111149202,-0.053883131414373134,-0.06513162481297265,-0.022084500418830203,0.0003132656971884182,0.11682961166979852,0.06472782375376959,0.03594506723272478,-0.02670622064801856,-0.03492765662344194,0.16917703658716102,-0.1671485257090115,0.05237830319234161,-0.07986579771341751,0.027102164350317905,0.1616615426104671,0.12287614612515566,-0.11861741368925985,-0.025075785247544995,0.008362305988643237,0.017040814186196428,0.007213895672725203,-0.013021853531354797
neuron_081_hz,-0.028575593306914556,-0.14884614451161654,-0.13451599990384372,-0.07156018521955723,-0.0100084162335443,0.10316376103675287,-0.04104841940291963,0.0758744848798756,0.07143756994836084,0.21002978798430227,-0.21741398666252493,-0.17506611247058107,0.040322619807374165,0.18706840857274812,0.004483887516397597,0.13865210216922327,0.012331481724587163,-0.00904525615626698,-0.06479515806318338,-0.0317650148091948,0.11072262276429426,-0.04364879274903026,0.02861603023840785,0.07519188090662494,0.04693891315508242,-0.02493751807435301,0.001955520834643648,0.10481135684519599,-0.10972329776772674,-0.11473415746280378,-0.04831326927496102,0.019123524070125714,0.019842516648220065,0.02746209908812637,0.12497576232461068,-0.020173106156510703,-0.03151570182208735,0.09771133517094699,-0.18859232486386154,0.05784414064116333,0.07955354523628098,-0.002330441577817838,-0.011579802701352105,-0.11000003933868731,0.08469148308090635,-0.07470723595844118,0.09895807275506467,-0.04235419496707541,0.13593743361816327,0.09575246129326168,-0.08193993191012602,-0.020869794203385087,0.03695368750352716,-0.044384746734454764,-0.07119326970117854,0.05320688963426999,0.10922000459209683,-0.042009321726300564,-0.2714608471353811,-0.04934661929751337,-0.18032970818487135,-0.17513494477455455,0.2587140959203589,-0.03971072619451776,0.03932595733710154,0.32797229994725347,-0.03988777367574526,-0.26077503878909314,0.04972233044833226,-0.16843969931078145,-0.07490411715593528,0.03923000832533244,0.019618647961405306,0.0952391867065447,0.0853489869123311,0.10877087476446358,-0.11572733465773283,-0.036717773887771366,-0.07820271568886975,0.07241290486816082,-0.08750590025581392,-0.02581256850459769,0.08578117222751633,0.012502960512023762,-0.03561337527173182,-0.0124502745633559,0.020639135649492553,-0.0773366418616713,-0.046413744604307604,0.04578579942540804,-0.028167414750432496,0.04635893370776181,0.033686952034123335,0.009843318206447389,-0.009280391418704119,0.05459281766189462,-0.013964778176111666,-0.014515209396210938,0.021029499104975678,-0.019098215249529163
neuron_082_hz,0.09151137590145934,0.12948507200568257,0.04562739652703949,-0.020611390720968157,-0.1243286254824171,0.10064001797401825,-0.05633936091871478,-0.04111653102428908,0.08684948323629366,-0.11608960306852287,-0.006380123519266486,-0.1439685250829975,-0.113962820678066,0.21279803944509307,-0.02594701143776948,0.2089096857278553,0.30248492676678507,-0.014109392356557518,0.036277024908391076,0.31745528258498334,-0.15731908424728064,-0.164506056104807,0.05771548592364281,0.030682119286051385,0.22831290711018631,-0.18191980089748155,0.057487286238890156,-0.12657956396313338,0.2514980876797055,0.0259200440561744,-0.17092929379062707,-0.19124742207077727,-0.1107826142599537,-0.06714092473160872,0.02838462378227445,-0.11821499326985116,-0.13990280130820293,-0.1543831330767872,-0.035361331375843075,0.013100619596734912,-0.11039002879693294,0.028698333661504784,0.04806176787726006,-0.1787487163738708,0.034605515383630485,0.026949998635871594,-0.004603756259452134,0.07680352461873931,-0.08198346566016666,0.22422679805602277,-0.12224910062519982,0.12015639993609428,-0.02217078871053224,0.13082657385527235,0.0021377228504176338,0.009446376515137259,-0.05973303170994053,0.010622330651555975,0.036099377276490194,0.05497314755321169,-0.08274693176943679,0.046817162002880705,-0.05342902108573234,-0.03758574970019629,-0.07712820756954016,-0.044639225072233175,0.0732219448788793,0.00915754326065277,0.030690241814135898,-0.08561234028889374,-0.03806191527159279,-0.07149767787662403,0.09716223972201281,0.023028476862728305,-0.008792674004314022,-0.020290619891090926,0.005085740644691909,0.040705455402723884,0.02623632292992511,-0.03575594486955495,-0.006332320454706414,-0.003696917187831772,0.005428070828671153,0.016469048554095478,-0.023549818220883405,0.061966456600941175,-0.008572853224372502,0.02955697251525381,-0.03958517967757044,0.032034376515702255,0.009516290642153303,-0.03789285851622312,0.05460866396857139,-0.02003759739303209,0.010834870063363526,-0.008566435541933082,-0.025138851973651233,-0.008782663318538282,0.006788719856173207,-0.004075217014416515
neuron_083_hz,-0.020011246051336407,-0.10199115476073348,0.20143465075679157,-0.0008047961481415339,0.018201142460239017,0.028792945944048003,-0.012781437432846546,0.024720872273632507,-0.017859880972853577,-0.10258818106499742,-0.06989628079606763,-0.047943844957385656,0.005080630984758156,-0.05989420950942403,0.0016346127876348676,-0.06935511835958208,0.10112143402465472,-0.06310779464484742,0.07764489484663165,-0.17530594710897662,0.034360407430706355,0.07238484635027784,0.12083692871902318,-0.26463115542805327,0.14096856534211233,-0.06576569368816043,0.23928495298595592,-0.16322729211102283,0.04387224100968318,-0.15761736449124075,-0.1227863855477589,-0.06664464253577082,0.16172989385743852,-0.04232597273609902,0.0727181358704366,0.047930420084599856,0.27706267350451824,-0.02022205702787665,-0.04635639000268391,0.058069039651839946,0.009152283626965383,-0.1831592036748942,-0.01772165181088725,-0.0006143020326262634,0.17110744811149606,-0.06332866018758297,-0.07459931009793978,0.030746373038548776,-0.03905948846253825,-0.04412453720906545,0.05617390994608108,0.0035362606107830277,-0.09298478323496923,-0.04691867326526029,-0.06429321051666856,-0.2308289469486618,-0.031043754817716332,0.03874192684191011,0.024562292603252336,0.002043926501744203,-0.0641352430067728,-0.044520899090498264,-0.15212775037039725,-0.013345237336071875,0.25192665030684175,0.09898475331369862,0.10025499448652864,0.06127349740600007,0.0665604756707808,-0.07956237651299611,0.12259617801748947,-0.1168748707852352,0.08634712137905623,0.07508574414768175,0.19453864449512792,0.11330823465829205,0.01643249498171756,-0.09787827895219853,-0.026634129113511346,0.02110065012179757,0.05272912130149569,0.048749749106792584,0.06089543679541197,-0.13197549792529056,0.09484740740663392,0.005176309655464903,-0.0030096484581596528,-0.040578236406476856,-0.018688113528391802,0.03271829991947009,-0.06936695388967812,-0.0881081471885524,0.0007260290194121277,-0.017457915233690266,-0.15836155223044773,-0.11707697623487429,0.15373420067836563,0.0062576002044721244,0.015116248359861806,-0.09598826036855604
neuron_084_hz,0.13430348583817833,-0.002578165130885816,-0.0333377900031912,-0.08178380183594497,0.1697130148874062,0.0037936622810865912,-0.05081014811354328,-0.017989767827021833,-0.15825689928556172,-0.19706649385066846,0.12305533475624318,0.16264534672732336,0.1392715585148444,-0.1440085145578161,0.07230326135264595,-0.02561882808670176,-0.10015111073659061,0.0524843411480466,0.004188582321616214,0.03790784982064555,0.08919772892662,0.0899606949437051,0.11851674257335267,0.14360101262976704,0.06245058015525504,0.05075053402323913,0.11312637238009246,-0.026073997160277904,0.17602843016146844,-0.04828456156427735,-0.02077904913089021,0.24900213546828906,-0.07180217796747429,-0.016594345688068862,0.34296580374381264,-0.0368828528883788,0.05337038457079615,-0.003974924290834542,0.10348171795483392,0.04685694665399022,0.20163137308477866,0.10772928371684688,-0.16909192997283007,-0.035077943981794195,0.04308746601204075,0.14437125858927113,-0.02453149010904937,-0.09289085816403718,-0.09330880944607706,0.25029208179625767,-0.05563451486421698,0.11679723539049117,-0.07161461899193,-0.06839959344829165,-0.011405070706105136,-0.0065523944671595485,-0.14407240358105586,-0.16073573066229804,0.014100654068206486,0.09088350239747452,-0.014937764600955292,0.1029122797989271,0.008502356018159844,-0.13349399587643512,0.013805297543102377,0.008128950268492072,-0.10072898629525823,-0.17322236315637535,0.16627153540903372,0.019650940950737522,-0.04998630706085946,-0.0847106180531892,-0.030369695140005162,0.03880228387931638,-0.05312976882732153,0.0885115702473378,-0.2291687363472589,0.058964502601411437,0.05480374017517462,-0.030255539834896393,-0.022583418542641058,-0.06348843355920353,-0.03897855888481838,0.008270688905902362,-0.006473564917975684,0.03185485889249988,0.07806902505598581,-0.02847640612227393,-0.06611514529714135,-0.02177745955771214,-0.01750839049350443,-0.039647708070568964,0.005830620659351393,-0.003387255203952305,0.02912455934496403,0.026990414162065476,0.017960626171184726,0.0006794680284793555,0.019387263251048056,-0.000541686098748187
neuron_085_hz,-0.01986343488691597,-0.10552646370625769,0.21350093490747668,0.008032154901760994,0.03403949778632034,0.032518330218834365,-0.09247238868401486,-0.04918438776955094,-0.014955292964106406,0.03938320550319416,-0.004120523317909739,0.005889503326358789,-0.020217536385791775,0.023864631763409902,-0.014820668556364214,0.06545328253998119,-0.030886034977291747,0.012439077743600417,-0.04207809759537638,0.030051633852275425,0.017434580529953524,-0.0784846882559621,0.004282500168965406,0.10474086949965677,0.006143586741387902,0.03511681629725091,-0.014394405989715947,-0.018523175594373012,-0.009583362133939184,0.08217942993484154,-0.01867062527454423,-0.044589935241497784,-0.013217073487779535,-0.02000219843514104,-0.05545612810787327,0.017048907173024708,0.015652045021254876,-0.06792516608100554,-0.060736931599043614,-0.028512829035631966,0.14276135990003308,-0.10531820653642943,-0.09086317518853781,0.18119799036965412,-0.13231759731007964,-0.16204613463499057,0.050440070734501914,-0.037881207509488576,-0.004874713862626192,-0.08898825239647348,-0.091176049932758,0.07307462311040969,0.019977632274643112,0.032253579325824,0.07184152926775346,-0.03633357048045386,-0.05711810908087703,-0.03586352318042908,0.05165495027762817,0.0626519615072836,-0.15274872762921388,-0.06674708868348388,-0.1551225790156843,0.07656060194454443,-0.0721737700235775,-0.060276751879533685,-0.1312106128370798,0.13957352736387815,0.249010067526282,0.0093274891550423,-0.029633470274339407,-0.23881924075185537,0.05084914082804099,-0.08126127353239718,-0.033286489363190466,0.06925433510045104,-0.133433508056353,-0.2105227534344867,-0.2569589705018615,0.1338923585344406,0.0823615210805383,0.17152072974424898,0.006085117252240951,-0.014156429786748338,-0.04698746848095384,-0.18204033454071564,0.01793574668821206,0.024936263267453018,-0.06733362180688801,0.07195631586903407,-0.028939219323635558,0.1313637719218984,-0.04886454104950935,-0.10203907276757095,0.11786398410114635,0.41935991992871274,-0.12280762339512839,-0.06542254473052364,-0.018228190628633435,-0.09277705239050028
neuron_086_hz,0.1692001299310208,0.06662292740451166,0.0070146925673082155,-0.006216748446063775,0.03538811436456874,-0.012403682873943028,-0.09592385937216628,-0.012238740073735257,-0.017917755347128618,-0.0449638395045291,-0.050834754027393465,-0.03658610035290548,0.043430298386122265,0.058491511926518656,-0.07476172195689838,0.09247302612751378,-0.08836118788361166,0.05442918506794887,0.06833719699918421,-0.06958350453189739,0.056050505275643876,0.07494822640769976,0.008374784640895097,-0.016586205462979606,-0.09704463098832214,-0.010531339946391577,0.06784021610585711,-0.042718568786847565,-0.099939733200261,0.047566403020798856,-0.005070328688489318,0.04292339213407897,0.023878958781647967,0.029510775366086407,0.06949257836205361,0.030340917717940917,-0.04646454819249611,-0.08606142810059883,-0.007688084114187976,-0.13659511925799545,0.048826326295146286,-0.16387514028794575,0.17156584293474825,-0.09709803342848122,-0.06077954285553804,-0.06949921061307719,-0.11989146277750816,-0.0722664659130301,-0.00898356325082861,0.12615338530584805,-0.0392352610051471,-0.13199724314670344,-0.05338916702148754,-0.12265591627420219,0.08320176412714483,0.033334809784859726,-0.1536166286028031,0.0824405733352573,0.002046436150068491,0.02138384233193085,0.007936549648564658,-0.1114458693905766,-0.23780718640966816,0.1329487014860415,-0.010595136025505882,-0.004893460228799763,-0.09872746809703592,-0.037207480420079,-0.18679133643971543,-0.02111580834417405,-0.034580040811877766,0.05359933926279034,-0.1518406844408108,-0.08425133186699438,-0.05343466525230424,0.016045146770272294,-0.020562073684741736,0.11747490691873902,-0.21740628820151597,-0.009115619980365634,-0.24038452333734692,0.08826065069801353,0.11416991769913168,-0.19968303645137098,-0.2395989253046696,0.3123234602162335,-0.2723171092479826,0.02334561190295634,-0.08572342778381795,0.011021493332741814,-0.019662964696940066,-0.12568159393008696,0.059437636959469756,-0.046556012159571225,-0.05174069236935719,0.0060831266450369174,-0.10395174483772601,-0.15035542189250198,0.03765176314467076,0.014723232125233852
neuron_087_hz,-0.12788937057918412,0.11365912639178143,0.018655581802357164,-0.02662934702655556,0.11581869153199048,-0.11467551789068131,-0.039767291469773744,-0.001819171975751489,0.1398517373058688,0.004384517531691149,0.026676085915718992,0.05186742285141686,-0.008598161441830291,-0.01632829896263427,-0.0018353073212506524,-0.048799332183238675,0.02741270252580745,-0.011954044299902591,0.02488621701032496,-0.046226454076579895,-0.01392428753077819,0.09804668737949848,-0.012536504082848773,0.029920739440786256,-0.04080794240161134,-0.10160055588926575,-0.0047704766078367645,-0.06535728044461057,-0.18937178473957908,-0.11689949234428397,-0.05982292725100497,0.0876926915744945,-0.005148658666294506,-0.04874680885438082,0.07354080139926117,-0.14632746904014116,0.08675747787602463,0.21754691794451306,-0.002211262590129215,-0.012375107777550572,-0.19989732281054073,-0.05887975593952853,0.10295846697551156,0.05025864303955489,-0.2686926291903169,-0.19494989174938632,0.13907314021795558,-0.07735096696735864,-0.06953451046189865,0.399757336059092,-0.011259011567984187,0.11725210111125219,0.02940228724463905,0.2786779179523791,0.0023490505488751035,-0.16624514010452376,0.11355837741618538,0.09354775512462656,-0.02470600559366426,-0.1581181888827452,0.08256380766279724,0.09665982860310239,0.01445249694175342,0.02169184018762428,-7.582634825149814e-05,0.0057486237546788485,-0.16353081165643485,0.055758870338880856,-0.03681265020772355,-0.05815200943998009,0.023072747791996764,0.011379524520266797,0.07253375824700148,0.02647603085844713,0.06092454967082042,-0.002639395591081402,-0.12603455166881972,-0.03666595742570888,0.042457218288408684,-0.0904038303926974,0.036035250466795204,0.1665747919224827,0.020672544501232328,0.002601190780935944,-0.10306074163252613,-0.015183942351802038,0.03635345510395787,0.0967307123873909,-0.022890487574762322,-0.17319051879662983,0.09999409324840364,-0.013648964754261965,-0.14964443609478967,0.09098503320733693,-0.048615848618813025,0.028586752550845224,0.031665597676814344,-0.002422629488038622,0.01737624780145787,0.009277264442796975
neuron_088_hz,0.020311614715413435,-0.07361518930634167,0.19847721381272457,-0.03292493358996481,0.01239971808989631,-0.009995118610448982,0.09088550269098067,0.13182128967898543,-0.016943774466009354,-0.02096584002798652,-0.16734534683402447,0.06742546384152209,-0.10339297290837432,-0.05982181116800631,-0.06246401016451427,-0.03918596396016007,0.04665606623753519,0.06520861711753548,0.12835730190299036,0.0739531315615151,0.04308623441796748,-0.21450537093065028,-0.23989530831429706,0.3698158330169138,-0.25725475967371003,-0.023499131610707658,-0.09820158578166115,0.1708470215211168,0.12424618706124221,0.028677346501925195,0.1577433444483004,-0.14675639262411277,-0.06994637865396333,-0.09713734006083886,0.05764315971322156,-0.09054525771389078,0.26279938955787674,0.1127574896490167,0.09048292206823567,-0.02710691291153157,-0.07308840855821595,-0.17332888203143926,0.13219202562690283,-0.22515404368856534,0.027778536947894547,0.01159762726239344,-0.21173170660342117,-0.05274789374648778,0.03197045167388222,-0.015303631138316422,0.045614228978010915,-0.0006267124425409845,0.022417120325693263,-0.029737818508119365,-0.13863215232032702,-0.06072875911433254,-0.09619116908936418,-0.1624401870446572,-0.030394878956956445,-0.12490129914566737,-0.04362644518319786,0.06600577731427422,-0.0071309639963435985,-0.003829726507664284,0.07939745203171364,0.007053926102249419,0.017131147247280966,0.025325138459651494,0.011264996872829953,0.0017799121588494247,-0.07836482211837245,-0.0016693783709459536,0.05463119894436795,-0.009442335877579219,0.02832915181920405,0.04526246222502742,-0.04108214708750503,0.007884207743736646,0.00550187872155708,0.007616092326202203,0.043338462700827425,-0.004425147532099921,-0.014272203024637123,0.08909781864815594,0.11051439390784328,0.06426103958802155,-0.09415794003957294,-0.02674337451711549,-0.0362539367114932,-0.08423380536889691,0.0010157368185761961,-0.07276225509856059,-0.0005426523677175901,0.019182286500274065,-0.04037982290641891,0.032800463084771345,0.027690776252199623,0.006113236647099099,-0.038567480657935166,-0.07009758808201824
neuron_089_hz,0.15828907288002733,0.03639285992508705,-0.005437583087342627,-0.07235474475118008,0.08092923891254741,-0.05350820277129887,-0.0793391297643728,-0.05965034116134933,-0.09913414663740593,-0.08498714535488085,-0.04160498725093873,-0.027443870665213987,-0.037153743584451344,-0.13431111997818715,0.09413581049632685,0.09894584117588842,-0.010116877220722444,-0.14319939714666238,0.024775986454674204,-0.008418600966650876,-0.1273382270807483,0.02987503819454025,-0.018647512259791707,0.11128652471905157,-0.05337244753163132,0.010788775354765953,0.1056795319223159,0.10141392203944175,0.04153275304290583,-0.13354946871595139,0.08282962228293826,-0.16889471359691594,-0.05408675475565078,-0.03829790173781024,0.09126394047950731,0.08058895539450632,-0.09854720431286856,0.09583023636110315,0.10234877859906871,-0.06109443344041923,0.27330271546905205,0.0004037988645436974,-0.0762674994670593,-0.020427166863656886,-0.07597223998286656,0.0948833471128662,-0.0011675803538241242,-0.16953292263292769,-0.006837142786975387,0.1585583071268055,-0.009851463399708216,0.04140944776703377,0.10545391142954072,0.007648666984167128,0.248225127373719,-0.09376255197513916,0.2529341888995931,-0.037480727934459314,0.07189315237850487,0.021699580178755066,-0.018228701959985237,-0.22366090677396017,0.011734854070617896,0.14306739461824414,0.005285974832713543,0.056727853552704294,0.12167934968723414,0.08641913334562112,-0.18938588772063863,-0.013941895740059863,-0.0515793065455796,0.034990953912733894,0.147835540376672,0.03378059561066046,0.28761633007863835,-0.14972613281349223,0.23322179915430696,-0.0413963505558058,-0.0876016078878737,-0.04757075614312185,0.06647819367501108,-0.05977083995895685,-0.10114553175331127,-0.10737967826027653,0.08021859056582001,-0.09700711671601084,-0.05554210794533394,-0.036258300670590625,0.028365148217075857,0.010654332506240136,0.045135999904600675,0.10422717202989708,0.021298246157959576,0.05959189935609372,0.04903559805202032,-0.00917692066418688,-0.05551660902496834,-0.009308004758272837,0.0032411570411949456,-0.022746830447252668
neuron_090_hz,-0.12829758091725568,0.11903792664757847,0.021324120496058745,-0.025143916895901182,0.11412605574446172,-0.10912050172670508,-0.03345373844890141,0.010366911794388568,0.12981632728341747,-0.033048518438755295,0.00874544459007933,0.004444360544447536,-0.029835768495947698,-0.05746800522428656,0.0001698077893929615,0.016288369124083334,0.053534489412414225,0.005558276598051468,0.06751462256702533,-0.007464561840577012,0.002940195021987658,0.06388852261899244,-0.1298342087747506,-0.008003247303901895,-0.10063234650397962,0.006392747840249959,0.0052104141798090566,0.06893267354638613,0.018168712926141924,-0.233713736047434,-0.0663916687178704,0.04270856083608749,0.012953954216690017,0.055658205207174856,0.013506578334039301,-0.1931053696067836,0.03167016243694703,-0.10457326833597691,-0.13025938247594696,-0.07655668717196422,-0.05579473973150423,0.13908857335774544,-0.111944454377647,-0.01913315716915053,-0.04293624693673228,0.006483464139980896,-0.19589344921466187,-0.1430521971771891,0.0037372676826344514,-0.23696274696599362,0.0650922681656106,0.18229142844261695,-0.07802889074107945,0.037230099436671306,-0.15020466532539542,0.09020299071785634,-0.11587202460424678,0.13707274650710038,0.07641041315947826,0.4293751892839948,-0.07056106325336128,-0.11632888244660704,0.035730559115170146,0.07640157216493912,-0.09216294141144116,0.07857786401398183,0.0320079082626049,-0.16721223226603088,-0.0033794990333671227,-0.07460281891624543,0.05339732939993207,-0.00919169048570449,0.04882976203533811,0.02801921422221975,0.08120865765873979,-0.10199527702169459,0.079828289475666,0.16098010828239806,0.021442467830264766,0.14731348059212973,0.03758663784928519,0.1345031584875539,-0.09700627149245147,0.04028136958468924,-0.06914729142200478,0.008882831476327652,-0.04712300006854662,0.09084433150103652,-0.1515446381769205,-0.05995847149774978,0.024876003736055134,0.10481572553471351,-0.05486617500085332,0.17467403577073676,-0.11894157137137845,0.06341442925148986,0.014873797453870028,-0.024716964643552913,0.0031663429098806734,0.01382967533790509
neuron_091_hz,0.03615912729777782,-0.09067687525593268,-0.09836579583961834,-0.10624178592423868,0.19118287874554835,0.19264700725939815,0.013512012404092786,0.03005733241917773,0.05114831518672958,0.026401394130143,0.007727684272408151,0.045305078689884565,-0.010004810956924615,-0.052025697636280496,-0.00013646978222946193,0.09402182907335252,0.18851591933149545,0.11903713684706767,-0.1388612909244223,-0.22635122471308006,0.08002274341851866,-0.2556862604631618,0.12105322417524125,-0.011379138495555538,-0.01906652567619957,-0.2850599913754003,-0.0160351404742424,0.210450469454034,-0.12756163617596544,-0.11050311489353332,-0.055700916707895974,0.04023610470357472,0.07604989909930915,-0.13981855456787262,-0.0432177615716831,0.12391811405232327,0.05928104725307662,0.04906792385223263,-0.041278240439242365,0.08158631352255942,0.09207658829693427,0.05259984801404147,0.21713151494028332,-0.09621734881675302,-0.0943077632171456,-0.016731498868367035,0.1786989799861666,0.019163965278683914,-0.0665163760205927,0.012907095332667288,-0.035785139701822115,0.004459314310891652,0.00988747077418721,-0.11898101180905934,0.07918072162998092,0.09708973068763233,-0.2331318419317847,0.11839488808443714,0.14967609874397073,0.18542663425733025,0.1469201663429576,0.12072861366890467,0.09901656584441716,0.09538219010640739,0.08403845614717,-0.2584577822533685,0.05105349446063861,0.006757838781877218,0.051412486278369265,0.028267410039050984,-0.036570556282573684,-0.008407712227331332,-0.016793328114914227,0.12041920948983113,0.0698846629834274,-0.007999178413013425,0.0443127750664777,-0.05814744696439725,-0.02945379970323525,-0.05161608238464823,0.02586932771458096,-0.05926838741614629,-0.08821152325168893,0.017234713147325463,0.046687591632927454,0.006663465766215086,-0.014105523550558871,-0.011100939738491522,-0.006962205488840904,-0.021768707167868294,0.009942236894158685,0.017960239506900816,0.03512464403224899,0.016422158452718813,-0.004591260924101627,0.03437851886042953,-0.020997521487192063,-0.02129641767503542,0.010642307268693446,0.008140098133149688
neuron_092_hz,0.14210694270917515,-0.015631073342222374,-0.032142151433269955,-0.10474091910184383,0.1250932778334875,0.02049553553640495,-0.0044279131950750944,0.006939016970390368,-0.05999159308295832,-0.05727254339691473,0.04816188808510605,-0.045830565794830934,-0.06316343443530904,0.017654388531571218,0.09406727908478937,-0.1271682571520337,-0.06447555326050314,-0.16286903986507834,-0.11130724653448608,0.06039530056009704,0.24117300463581906,0.10021057880659749,-0.06523028081500172,-0.11779634735928247,-0.17947368340040257,0.05133617803811934,-0.08399548273831771,-0.17476636203028245,0.048567116120315924,-0.19165426672654848,0.0066376720623288615,-0.2272421625480528,-0.22230365803366187,-0.10004065773957754,-0.021905754698186744,-0.033709358783506144,-0.15629813202065018,0.204184625349566,0.2744442719260697,0.22053376253593532,-0.18210314801521962,0.0008575250704974946,-0.03188602942312184,0.002023353361788674,0.08600552333509498,-0.2288109537138255,0.08553361124304527,0.036493217158942104,-0.061850690609579914,-0.13233655047715115,-0.20986169855367404,-0.017018469491705622,-0.01626363352131798,-0.018914130279754533,0.05344748840658067,0.05363651754442213,-0.19915946026479553,-0.014494183517970084,-0.020733516006821516,0.09842457125130886,0.07596729293952871,0.0018605282191761358,0.10871503840817431,-0.132059106988062,-0.0472938962939181,0.09476733986736406,0.11475058955844514,0.053924611968363366,0.014458724473233167,-0.13281791256329853,0.048280408131442853,0.010431445313837995,0.03875266861867127,-0.0391768998574697,-0.03887424277887677,0.01816277442435802,0.041138130262182326,-0.05644925940355794,-0.11156074410967123,-0.011723343794599259,-0.038020020481630355,0.024890777715600665,0.008747847784549602,-0.07979691465653069,-0.011578823186564318,0.0769207688219766,-0.016935788825813522,-0.04337008622286058,0.027490812104680316,-0.06392938661096316,0.03365761439984426,-0.04607241894064555,0.0008283905251996303,-0.011064386350780456,0.009687021514976885,0.09082216006946833,0.013106532874177935,-0.018791539511320725,0.004060260908284332,0.004227099352713028
neuron_093_hz,0.153045125999865,0.05472369535778864,0.0325797678684409,-0.08456407710073575,0.005497868033948579,-0.11393467590901198,0.016933418149198656,-0.03995090042995068,-0.08000267855279376,0.03311403186846375,-0.02932992397781888,-0.028556696210166165,-0.04108537400379507,0.09304079438130997,0.014832817855508586,-0.10399452033970906,-0.06848380519654257,-0.0055221329604176125,-0.08112834980827989,-0.056521700415007016,-0.04498728126670819,-0.0029260266081527903,-0.0157585331251143,0.07022347533385684,-0.026566479727787244,0.10055852431865248,-0.05733810308523953,-0.14301164453534906,0.05954695714923843,0.027135328605206305,-0.06808281284797894,-0.1428208394511742,0.16273469402293791,-0.06172714007057965,0.049714430498921866,-0.05454903338335357,0.14337594164834191,0.015235024539524997,-0.11682074542518042,0.15432947417841,-0.00300730559393126,0.07953507152183065,0.027253261835024932,0.07739894829174707,-0.17935171726585777,0.19458707063560926,0.02393919461072746,0.2021534377713201,0.015387775244523616,0.2052783382528665,0.20554349554875365,-0.02004453399608642,0.35087175753843575,-0.16752480650329984,-0.054045803869684286,0.24718501808455498,-0.06049124667986064,0.033549718978079936,0.014511048460569418,0.1538101570501538,0.037191016284177494,-0.19201694262741134,-0.06510818543855493,-0.03298333238962545,0.09821063137955942,0.03729350476859137,-0.12252812822940182,0.17770554808254307,0.10031184359240093,-0.2902756208767418,-0.04231126905205345,0.10591688628768124,-0.057896544162442165,-0.011693981170055497,-0.07022286207017492,-0.07752973164291277,0.022517375912641538,-0.08365903972341636,0.09002447229351541,0.09676902009156722,0.10674006869019377,0.07052017111407113,0.0477556652553667,0.03596972476051013,0.003303981223545846,0.04063216185070274,0.04735906716852356,0.02110645213425498,0.03901373552382662,0.024054616928019953,-0.02907879652790897,-0.07883634751288675,0.016304457136265302,0.05549125867584484,-0.031216995682642634,-0.018964886117607924,-0.0006731942058008852,-0.009943792523798185,-0.024599542328182747,0.012325719963930589
neuron_094_hz,0.013271929547904755,0.13361493235406963,0.047815455005189265,-0.028848576687084994,-0.19274181199498316,0.2629407942241983,0.005283969671586933,-0.04912277311505811,0.18706081623119133,-0.08955817228018166,0.09276686212314579,0.0665463615347697,-0.07245289559236333,0.03181523696635814,0.05688064833123088,-0.026832646002514657,-0.04444221915332368,-0.0666384731141644,0.0478004409073601,-0.08520570584140785,0.024864184880358887,0.003991954690395573,-0.1627728638340059,0.0007609696350783096,-0.009977708875903046,0.013624889061268013,0.017813167737066427,-0.030087514260558255,-0.11606868034719446,0.03627327998718872,0.019267260180456408,0.016790407784130566,-0.04819286577777656,-0.02726223901877024,-0.03195530609957374,-0.05393874859198548,0.02785196458861302,-0.047093393532710096,0.01701759276248363,0.01179203637466194,-0.01484842828153167,0.13458154933773275,-0.05433389954267398,-0.09155548189705379,0.09605783348823135,-0.011177675036160323,0.036538598882750406,-0.04708054619967433,0.09480416927212124,0.1314520649311426,-0.07506165386369902,-0.09010387564039944,0.16612681644857458,-0.14864712484751996,-0.14814327359936313,-0.13782786750538445,-0.19091456165083248,-0.05819158369095463,-0.13499181972291638,0.10211866306368429,0.06978858778574648,-0.005603713803040276,-0.1078940463025241,0.18409797380584675,-0.1820000914943136,0.18173374638835457,-0.20200875618776548,0.2069497497364726,0.05810093415422823,0.2470353667763957,-0.020112751237631205,0.03186829754619541,-0.06508155151230109,0.18054412487688923,0.13852598165467106,0.10889876218623776,0.13309552834134686,-0.025250708511256298,0.03437883230730897,0.03790789722990205,-0.17587175692617002,-0.07404280344829337,-0.03845728904140996,-0.14549152676818955,0.05641458570001988,-0.12763592916763242,0.20992592539007413,0.03608928949957662,-0.040079531892013576,-0.04149730891118447,0.06511175560565113,0.024352059384277105,0.03315112211351545,0.04317222957708994,0.015569060848314026,-0.012445969671041966,0.0319874852283807,0.003580941750530596,-0.011354841983000111,-0.01423850201315624
neuron_095_hz,0.10726135273604365,0.13262112445080654,0.07018548286740944,-0.03587862172222655,-0.12548703084709453,0.074382916697856,0.02904174176627065,0.0748620745885684,0.10621453112593493,0.002688760396436216,0.0753753489392652,0.01682322683937134,-0.06477844568244649,0.02551497687830205,0.0314203306106619,0.02911712976706724,-0.04961521799298654,0.06558339543236477,0.07124588326150004,0.12290899764012171,0.19663411718142595,-0.06278682459501234,0.10035161875403915,0.05236266178423357,-0.02489515829002629,0.1895925236282337,0.04205120571544195,-0.1233437118199157,0.006117261120974063,-0.11203762109206185,-0.0762245177056028,0.10701884294547775,0.023774645879057366,0.058926078377774804,-0.0837912075104359,0.1400864666632212,0.039618214531212156,-0.10033318924312337,-0.012194214808301032,0.15241683367198408,-0.01762290525932964,-0.1568570977039539,-0.004021640719208935,-0.11630815001823194,-0.25824099113505317,0.05313086699946819,-0.04153795032594771,-0.17970340524004783,0.0428997861521928,0.08664702004037318,0.01309602495605042,-0.11749762957951217,0.041156236063952384,-0.14321614078890393,-0.09608957869480922,-0.08558059339001031,-0.014217609032840882,0.0332156738577532,0.02341472800650475,-0.082206361347969,0.023510684234372338,-0.0502142437097651,0.10509187493935138,0.015769354386909906,-0.03469617822580839,-0.17415471736268978,0.13689255650743046,-0.17701789869645723,0.013720449895803085,-0.11247849798786275,0.2831432245571253,0.05260949143137149,0.01621125465512631,-0.20208001077225182,0.03618321607679435,0.14801254456740354,0.10922357709808606,0.12505387316608949,-0.21014971795152065,-0.06850935580834866,0.11143879035416988,-0.045867449481564154,-0.0034510343011003586,0.1362634907425014,-0.05235359208578584,-0.1667831461687222,0.1586125670044514,0.045015215074025255,0.11790692014829587,-0.029266848742113716,0.06920069664243682,0.13225250244271333,0.02843045139178946,-0.024151451774696724,-0.028278373809193486,-0.03190835960160741,0.03344975510128968,-0.06331400598793371,-0.008674277750942516,0.009543978551626668
neuron_096_hz,-0.11966205922089429,0.15543113414109758,0.03310390490494963,-0.03421047528046404,0.010393121540073649,0.1079971739882752,-0.0130582536998151,0.04657852634205107,-0.16715846567861187,0.03066715254347191,-0.04536475228149594,0.026867554646534106,0.027838908567284937,-0.0026238411416397754,-0.022786111071896705,-0.0011684571618124917,0.029446751226615865,0.01257321999029034,0.04383262660488191,-0.012764906768083513,-0.007600460091305791,0.04503116074175312,-0.05108035161832546,-0.04038441898819839,-0.04677694468804445,0.006744856463630235,-0.010198394919400368,0.007381681616909264,-0.07970434595480003,-0.0017416337142126988,-0.10983589525188966,0.03703945209740331,-0.05553037441834014,-0.06591617251476874,-0.010804812653037024,-0.026923916734388747,0.027145487126702356,0.06693866459402796,-0.11799346251177817,-0.04690045523585018,-0.14276224659997613,0.1079655715640059,0.02426583503807768,0.051258732585436,-0.00851898883119881,0.07931335078894289,-0.0344262590864967,-0.0049866033056841785,0.0289628270627667,0.09694339197036117,-0.06353849344474934,-0.011254958242420676,0.009360636379275297,0.027912747559633667,-0.010434998515102017,0.05268918733441637,0.022137862737299722,-0.07308458998185563,-0.014660561916536786,0.07371452804460053,-0.14927595454783224,-0.044479279751251787,-0.020718033525067348,0.00039659950790555537,-0.15790979885620315,-0.12430788044141014,0.1205780184980831,0.009414807506362304,-0.017183649626888203,0.12460270882548785,0.2582840861787272,0.11958634889084108,-0.04222257159489677,-0.058962395776003,0.28238122807012417,-0.12810488430737402,-0.1886476667833651,-0.06431533292108148,-0.061347264400010086,0.1805734690443812,0.1209422089544636,-0.1552566889503628,-0.013479550731845952,-0.04934702317848388,0.0111470124993465,0.14176703828985332,0.03918950737622373,-0.27341612923412334,0.15574449314207134,-0.20373769792478402,-0.3595474142042996,-0.16674544189264434,-0.03669331866553534,-0.20746054669031838,0.10497893568157737,0.06773302297708136,-0.056623299328335625,-0.009879384273019303,-0.016670454113394066,0.012835019906699491
neuron_097_hz,0.15151247902787118,0.059741031769505244,0.005240546645663374,-0.009419068278204264,0.03353329829028648,-0.0024057718817682987,-0.08928697937650402,0.000587763457509247,-0.014937195371712128,-0.024595380901099112,0.005668606300244248,0.09144153005395601,0.2127154987689803,0.442718174894957,0.0787942381926284,-0.18392067954201205,0.1412205586068716,-0.044090779136983595,-0.14613997144717886,0.05905790817219476,-0.15322740255702572,-0.023804943740977396,0.2053458426669031,-0.10295777134882506,-0.0022732821622379606,0.3072652014864343,-0.06292576561400844,0.06649373007081642,0.15749103555404428,-0.04088639368814738,0.013366719519620526,0.04410515922371025,-0.052398973443725544,-0.05709990952423621,-0.03570032681863107,-0.08769955503663635,0.16559932411395392,0.12532017595031095,0.009234382180577233,-0.21532427499857124,-0.0029850569907843936,0.025384819957384185,0.1723395620841139,0.07207545148307468,-0.06871396604744022,-0.08049361480676294,-0.01793057597855597,-0.1124681031898512,0.025959012215046283,-0.10359610929643993,0.010652407671609394,0.11612811217574005,-0.15647854562910204,-0.06846354348821448,-0.08125216679942389,-0.0014802597494176992,-0.10506521612149539,-0.06973509404380904,0.09038304732506582,-0.11370170240208857,-0.013099206272961933,-0.0500364423467325,0.1353529357552654,0.06528472577217596,-0.009930494753463796,-0.06899374897597302,-0.10313527165684107,0.037930736999955236,-0.15102596458238662,-0.02744189469349573,-0.0886832456235279,-0.021893967156453878,-0.1239771972790181,0.016032735984481745,0.18463341200508657,0.045478787605645034,0.023156848548671775,-0.06250067144465549,0.039785616570388156,0.039547283704159136,-0.05322412248312047,-0.04227282668847751,-0.0233762632967815,-0.023429101158946163,0.05666829363302596,-0.0740985803677787,0.039606585200558236,-0.007397067052631201,-0.023395532781964674,0.03214124141688518,0.016212343426604117,0.031003536875939097,-0.015543771575482056,-0.005484924474585855,-0.027867454703490762,-0.026706711625280478,-0.031891906638811786,-0.02888289901919632,-0.026961032827789815,0.01005741077215811
neuron_098_hz,-0.04836608367860138,-0.13580779277337374,-0.11878091251374469,-0.021831149663065496,-0.17993871300137332,-0.06054492066681467,-0.10151125146114358,0.052269053856919656,-0.10392412213975244,0.009384134710263977,0.020515341188459872,0.04281709731620407,-0.02522199613040882,-0.037174558170273736,-0.02061871773830387,-0.04853314604879398,0.048156722797150164,-0.008288007921736786,-0.015012313020200755,-0.0408730484869823,0.04740660177103929,-0.016336666229870178,0.030710142323343476,-0.016490108991721132,0.01899236386044258,-0.018730216543345963,-0.06879780009818971,-0.014334368436573762,0.14733672831726471,-0.08052583477886796,0.009971006277957002,0.03862607032255653,-0.03155713005746877,-0.26973996780735066,0.0605572660675474,-0.01062378355909966,0.09835652313065171,-0.07813378930886261,-0.02842873258434668,0.1591226615090946,-0.005367912738787612,0.1432033708701349,0.0933177378310443,-0.057098275897540234,-0.09713301609369712,-0.07542959667111666,-0.02810662631692385,-0.034234889352815316,0.26169787662900207,-0.0990268883095989,0.11917946957599419,0.07474592887491258,-0.042834918249826354,0.3023655629398967,0.33694343464822935,0.042290412067117714,-0.17247080560182362,-0.07875362236092645,-0.22347059486131768,-0.1299031638774279,0.154249544517135,-0.23172826911487004,-0.27286703364631576,0.03520429914782191,-0.0648053534139191,-0.05772556309853599,-0.0949939724916603,-0.11171548520509614,0.08309568082969321,0.0236853836308863,0.16904857172402832,0.03866690956181345,0.019239322881053678,0.04851461273057225,0.03211683266746011,-0.04591966160730783,0.02299435434077244,0.12746969735846186,0.00455777095694398,0.008754651705612695,-0.06806135115023877,-0.06565661456845004,0.06416706664167876,0.03671342453516461,0.025516565182764434,-0.0771778527214191,-0.03547812025738647,-0.020895744546639214,-0.005402089612679024,0.07009407877084553,0.023774359784960654,0.03253868285215328,-0.001956762972859783,0.03615544847447621,0.01378915074653508,-0.01756126692223975,0.0447068356989449,0.007671969047899954,-0.007147489124691041,-0.0030830539505622215
neuron_099_hz,0.06089742336916938,0.026143049964016576,-0.012621181847050411,0.24549311871190493,0.05158107709948214,0.02978137557232951,-0.128862533158726,0.20720496820728018,-0.006506533600994076,0.0014038097854787554,0.14149904131114435,-0.12166133948010532,-0.034341180459720545,0.10202369403976497,0.013755961987613927,0.04355983243758001,0.009549236505151472,-0.11451842682270982,-0.07460192201127405,-0.06674560009322542,0.06377565568889856,0.10354705567542108,-0.18295756203861327,0.013873166843027362,-0.09170697474171777,-0.07244200353562862,0.0773504603914279,0.09882978484034874,0.0438945660508305,0.07898009911088599,-0.09599058176540912,-0.17178934493392833,0.12958460011621262,0.188000752525173,0.04314941814064198,0.284389062469692,0.23747972115544125,-0.14823663976846368,0.12390058149734184,-0.016217445123207705,-0.0045688189247683475,0.4134244731840651,0.10723189487527422,-0.042562205179309684,-0.1368997473975575,0.05362454217199624,0.061574237491676814,-0.1563972853022429,-0.15528033838351568,-0.06241643290224398,-0.16623439730665085,0.06606142898254935,-0.0389361737815532,0.035491669669238696,-0.018995577290278037,-0.0885209478525585,0.002815703253648598,0.04778982187236301,-0.18037996884264212,-0.08530896087982609,-0.011884666773980257,0.08073889241333286,-0.04413372725205024,-0.05865599478909475,0.07654527583435672,0.05797195997220092,-0.009302817984440506,0.009580387600775495,0.001997514153072477,-0.06913779528608407,-0.05877802536150316,0.022643231564898558,-0.02079498426146827,-0.16364026082879315,0.000710421199740921,-0.07121123858670775,-0.05688790853363178,0.022775474998266196,0.0201383464168816,0.06462145956119497,0.06138138206227853,-0.01623909598756116,-0.018830781604871685,-0.009844072889673643,-0.012554527612875146,-0.06050010715263806,0.025047686085324893,0.04734804772455355,0.017010743385459458,0.02282774489373792,0.017545716701454744,-0.09634168565717972,0.03186698878194093,-0.03503328606168608,-0.04514167825341503,0.02720502642192449,-0.03763776942830213,-0.014722360900880858,-0.009735886807917753,-0.01928386053273955
