neuron_000_hz,neuron_001_hz,neuron_002_hz,neuron_003_hz,neuron_004_hz,neuron_005_hz,neuron_006_hz,neuron_007_hz,neuron_008_hz,neuron_009_hz,neuron_010_hz,neuron_011_hz,neuron_012_hz,neuron_013_hz,neuron_014_hz,neuron_015_hz,neuron_016_hz,neuron_017_hz,neuron_018_hz,neuron_019_hz,neuron_020_hz,neuron_021_hz,neuron_022_hz,neuron_023_hz,neuron_024_hz,neuron_025_hz,neuron_026_hz,neuron_027_hz,neuron_028_hz,neuron_029_hz,neuron_030_hz,neuron_031_hz,neuron_032_hz,neuron_033_hz,neuron_034_hz,neuron_035_hz,neuron_036_hz,neuron_037_hz,neuron_038_hz,neuron_039_hz,neuron_040_hz,neuron_041_hz,neuron_042_hz,neuron_043_hz,neuron_044_hz,neuron_045_hz,neuron_046_hz,neuron_047_hz,neuron_048_hz,neuron_049_hz,neuron_050_hz,neuron_051_hz,neuron_052_hz,neuron_053_hz,neuron_054_hz,neuron_055_hz,neuron_056_hz,neuron_057_hz,neuron_058_hz,neuron_059_hz,neuron_060_hz,neuron_061_hz,neuron_062_hz,neuron_063_hz,neuron_064_hz,neuron_065_hz,neuron_066_hz,neuron_067_hz,neuron_068_hz,neuron_069_hz,neuron_070_hz,neuron_071_hz,neuron_072_hz,neuron_073_hz,neuron_074_hz,neuron_075_hz,neuron_076_hz,neuron_077_hz,neuron_078_hz,neuron_079_hz,neuron_080_hz,neuron_081_hz,neuron_082_hz,neuron_083_hz,neuron_084_hz,neuron_085_hz,neuron_086_hz,neuron_087_hz,neuron_088_hz,neuron_089_hz,neuron_090_hz,neuron_091_hz,neuron_092_hz,neuron_093_hz,neuron_094_hz,neuron_095_hz,neuron_096_hz,neuron_097_hz,neuron_098_hz,neuron_099_hz
0,0,4,0,10,4,6,0,2,0,0,0,0,0,2,0,0,12,12,4,4,0,0,8,2,2,10,0,0,0,0,0,0,4,2,0,16,10,0,6,10,2,8,6,12,4,0,2,6,8,0,2,0,0,2,0,0,2,4,0,2,0,0,0,10,0,20,0,0,0,10,0,0,10,2,0,8,2,0,6,0,2,4,0,14,0,12,0,0,10,0,2,10,8,2,6,2,6,0,4
0,2,4,0,2,10,4,0,0,2,0,0,2,2,0,0,2,12,6,6,12,0,0,2,0,4,4,0,0,0,0,0,0,0,0,0,8,2,2,2,10,0,4,4,8,10,0,2,8,6,0,4,0,4,2,0,2,2,2,0,6,0,0,4,14,0,6,0,2,0,4,0,2,4,2,0,14,4,0,0,0,0,10,0,10,0,20,2,2,12,0,0,8,14,4,4,0,6,0,0
0,2,8,0,18,6,10,0,0,2,0,0,0,4,0,0,2,12,4,6,8,2,0,8,0,2,12,2,0,0,2,0,0,0,6,0,6,6,0,8,16,0,6,2,6,16,0,0,10,2,2,12,0,2,4,6,0,2,2,0,10,0,2,4,8,0,12,0,0,2,6,0,2,8,0,0,14,0,0,8,0,0,4,0,2,0,20,0,2,14,0,0,12,18,8,16,0,8,0,6
0,0,6,0,4,6,14,0,0,4,0,0,0,0,0,0,0,8,12,8,8,2,0,2,0,0,10,0,0,0,0,0,0,4,4,0,16,10,0,4,14,2,4,2,4,10,0,6,6,16,0,4,0,0,4,2,0,0,0,0,6,0,0,2,18,0,18,0,0,0,4,0,0,12,0,2,16,2,0,4,0,0,8,0,8,0,10,0,0,16,2,4,18,24,4,8,2,4,0,2
0,0,4,0,6,6,8,0,0,0,2,0,6,2,0,0,0,6,6,10,4,0,2,16,0,0,12,0,2,0,0,0,0,0,2,0,8,6,2,6,8,0,4,2,10,8,0,4,10,8,0,2,2,0,4,0,0,0,0,0,0,0,0,4,12,0,8,4,0,0,2,0,0,8,14,0,2,0,2,4,0,0,6,0,4,0,10,0,0,14,0,0,4,8,6,14,2,12,0,4
4,0,4,0,2,2,10,6,2,0,0,0,2,0,0,10,0,4,6,12,2,0,0,4,0,0,10,0,0,0,0,0,0,0,2,2,4,0,0,2,12,0,14,2,2,0,0,2,4,2,0,4,6,0,12,0,0,0,4,0,0,2,0,6,20,0,6,0,0,0,2,0,2,4,10,0,2,0,8,0,0,2,8,0,2,0,14,0,2,6,0,0,2,10,16,16,0,2,0,0
4,0,2,0,6,0,4,12,0,0,0,4,12,0,0,2,2,2,2,22,0,0,2,4,0,0,10,0,0,0,0,0,0,0,2,8,2,0,0,2,0,0,16,0,4,4,0,12,4,2,0,4,4,0,6,0,0,0,0,0,0,0,0,8,4,0,2,0,0,0,0,0,0,0,20,12,0,2,14,0,2,0,6,0,0,0,2,6,2,0,6,2,0,0,10,12,8,4,0,0
6,0,10,0,2,2,0,14,0,0,10,0,10,0,0,6,0,0,2,10,0,0,0,0,2,0,4,0,0,4,0,0,0,0,2,14,0,4,0,0,0,0,10,0,0,0,0,8,0,0,0,2,14,0,14,0,2,0,2,0,2,6,2,2,2,0,2,0,0,0,0,0,2,2,10,18,0,0,10,0,2,0,2,0,0,0,2,0,0,2,4,0,0,0,8,6,6,0,0,0
28,0,8,0,0,2,2,6,0,0,0,0,12,0,0,2,2,0,4,14,0,0,0,0,0,0,4,0,0,2,0,0,0,0,0,10,2,2,0,0,0,0,8,2,0,0,0,16,2,2,0,0,12,0,24,0,4,0,0,0,2,4,0,0,6,0,4,0,4,0,0,0,0,2,14,10,0,0,12,0,8,0,2,0,0,0,0,4,0,0,4,0,0,0,10,6,24,2,0,2
10,0,4,6,0,0,4,6,2,0,4,0,10,0,2,10,0,0,0,8,0,0,0,2,0,0,4,0,0,6,0,0,0,0,0,8,2,2,0,0,0,0,8,0,2,0,0,12,2,2,0,0,24,0,22,0,8,0,0,0,0,8,0,6,0,0,2,2,0,0,0,0,0,4,18,6,0,0,8,0,12,0,4,0,0,0,2,4,0,0,2,0,0,0,2,12,10,0,2,0
10,0,6,4,0,2,4,12,0,0,4,0,12,0,0,10,4,0,0,12,0,0,0,0,0,0,0,0,0,2,0,0,0,0,0,4,0,2,0,0,0,0,8,0,0,0,0,8,0,2,0,0,22,0,16,2,8,0,0,0,0,6,0,4,0,0,2,0,0,0,0,0,0,0,16,14,2,0,16,2,14,0,0,0,2,0,0,2,0,0,0,0,2,0,2,4,12,2,0,0
14,0,4,8,0,0,2,12,0,0,4,2,8,0,0,14,2,0,0,14,0,0,0,4,0,0,0,0,2,2,0,0,0,2,6,8,0,2,0,0,0,0,12,0,2,0,0,6,0,2,0,2,6,2,22,0,4,2,0,0,2,16,0,2,0,0,4,0,0,0,0,0,0,2,16,10,0,0,2,0,10,0,10,0,0,0,2,8,0,0,6,0,0,2,2,2,28,0,0,0
12,0,4,4,2,0,0,8,0,0,4,0,6,0,2,6,0,0,4,6,0,0,0,0,0,2,0,0,0,4,0,0,0,0,0,8,0,0,0,0,2,0,6,0,2,0,0,16,0,0,0,0,14,0,24,0,6,0,0,0,0,18,0,4,2,0,8,0,0,0,0,0,0,0,4,6,0,0,14,0,12,0,8,0,2,0,0,6,0,0,8,0,0,2,6,10,20,0,0,0
8,0,8,8,0,0,4,14,0,0,6,0,6,0,0,14,6,0,2,14,0,2,0,4,4,0,2,0,0,4,0,0,0,0,2,8,0,2,0,0,4,0,20,2,0,0,0,28,0,4,0,0,20,0,14,0,2,0,0,0,2,10,0,4,2,0,8,0,0,0,0,0,0,8,20,6,0,0,10,0,10,0,2,0,0,0,0,0,0,0,8,0,0,0,4,4,6,0,0,0
10,0,12,2,0,2,2,8,2,0,2,0,6,0,0,12,2,0,4,20,0,0,0,4,0,0,2,0,0,0,0,0,0,0,2,4,0,4,0,2,0,0,10,2,2,2,0,24,4,0,2,0,14,0,26,2,0,0,0,0,2,0,0,2,4,0,6,0,0,0,0,0,0,6,8,12,0,0,20,0,2,0,8,0,0,0,4,4,0,0,0,0,2,0,10,12,16,0,0,0
6,0,10,0,4,6,4,10,0,2,0,0,4,0,0,4,0,2,12,30,0,0,2,0,0,0,8,0,0,0,0,0,0,0,8,4,2,12,0,0,2,0,8,2,8,2,0,10,6,2,0,0,2,0,18,2,0,0,0,0,8,2,0,4,8,0,6,2,0,0,0,0,0,8,12,4,0,0,4,2,0,0,6,0,0,0,12,4,0,4,2,0,2,0,22,14,10,0,0,0
2,0,10,0,6,6,6,2,0,0,0,0,0,0,0,6,0,10,4,20,2,0,0,4,0,2,6,0,2,0,0,0,0,2,8,2,2,8,0,0,12,0,4,2,6,10,0,4,2,2,0,0,8,0,4,4,0,0,0,0,4,0,0,12,8,0,20,0,0,0,0,2,0,12,10,2,0,0,2,2,0,0,8,0,2,0,16,0,0,4,4,0,4,2,16,12,4,2,0,2
4,0,0,0,4,6,6,2,0,0,0,0,0,0,0,0,2,6,14,10,14,0,0,6,0,0,8,0,0,0,0,0,0,4,8,0,8,8,0,0,14,0,2,12,12,12,0,2,8,6,0,2,0,4,4,4,0,0,4,0,10,0,0,8,10,0,14,0,0,0,0,0,0,18,6,0,4,0,2,8,0,0,6,0,2,0,16,0,0,6,0,2,4,12,4,18,0,8,0,2
4,0,8,2,16,4,6,0,0,0,0,0,2,0,0,0,0,10,0,12,8,0,2,14,0,0,8,0,0,0,0,0,0,2,4,0,2,8,0,6,10,2,6,2,8,22,0,0,8,4,0,6,2,6,4,2,0,0,4,0,8,2,0,8,8,0,12,0,0,0,14,0,0,4,2,0,8,0,0,6,0,0,8,0,8,0,22,2,6,14,2,2,10,8,2,6,0,2,0,0
0,2,2,0,12,10,12,0,0,0,2,0,0,0,0,0,0,6,8,10,4,0,0,6,0,0,8,0,0,0,0,2,0,2,6,2,14,2,2,2,2,0,6,8,14,8,2,0,6,6,4,8,0,2,4,0,0,0,4,0,10,2,0,4,18,0,18,0,4,0,4,0,0,8,0,0,8,2,0,10,0,0,6,0,4,0,12,0,2,2,0,0,10,10,0,20,0,12,0,0
0,2,2,0,14,4,10,0,0,0,0,0,0,2,0,0,2,10,6,6,12,0,0,10,0,0,14,0,0,0,0,0,0,0,2,0,12,6,0,8,16,0,2,4,8,10,0,0,10,6,0,6,0,2,0,2,0,2,0,0,10,0,0,2,18,0,16,0,0,2,6,0,2,4,0,0,8,2,0,8,0,0,2,0,6,0,12,0,0,12,0,0,12,20,4,12,0,6,2,2
0,0,4,0,6,6,8,0,0,2,0,4,0,0,2,0,0,4,12,4,10,0,0,4,0,0,12,0,0,2,0,10,0,6,0,2,12,14,0,6,8,0,0,4,6,4,0,0,16,4,4,12,0,14,0,0,0,0,2,0,8,0,2,6,16,2,4,0,0,0,16,0,0,4,2,0,18,2,0,8,0,4,6,0,18,0,12,0,0,10,0,2,12,16,6,8,0,6,0,2
0,0,0,0,6,2,0,0,0,4,0,0,0,10,0,0,0,2,0,2,0,0,0,4,0,0,4,0,2,0,0,6,2,14,0,0,12,8,0,2,2,0,0,2,2,0,0,0,8,8,18,12,0,12,0,0,2,0,0,4,2,2,0,0,6,0,4,0,0,0,6,0,0,4,0,0,2,10,0,8,0,2,2,0,12,0,10,0,2,8,0,10,14,0,0,4,0,4,4,0
0,0,0,0,2,0,0,0,0,10,0,0,0,8,0,0,2,0,0,2,0,0,0,0,0,0,0,0,0,0,0,2,0,14,0,0,4,0,0,0,0,2,0,0,4,0,2,0,4,0,12,12,0,10,0,0,0,2,0,12,2,0,0,0,2,12,0,0,2,2,0,0,0,0,0,0,2,2,0,10,2,12,0,0,6,0,2,0,0,0,0,6,4,0,0,2,0,2,2,0
0,0,2,0,0,2,0,0,0,20,0,4,0,2,0,0,0,0,0,0,0,0,0,0,0,0,0,0,0,2,0,2,0,10,2,0,0,0,0,2,0,0,0,0,0,0,0,0,2,4,10,4,0,2,0,0,0,4,0,4,0,0,0,0,0,12,2,0,0,8,0,0,0,0,0,0,0,0,0,0,0,4,0,0,6,0,0,0,0,4,0,4,0,0,0,0,0,0,10,0
0,0,0,0,0,0,0,0,0,22,0,0,0,0,0,0,0,0,0,0,0,0,0,0,0,0,0,0,0,0,0,2,0,2,0,0,0,0,0,0,0,0,0,0,0,0,0,0,0,0,0,2,0,0,0,0,0,14,0,4,0,0,0,0,0,10,0,0,0,18,0,0,2,0,0,0,0,2,0,0,0,2,0,0,2,0,0,2,0,0,0,0,0,0,0,0,0,0,12,0
0,0,0,0,0,0,0,0,0,14,0,0,0,0,0,0,0,0,0,2,0,0,0,0,0,0,0,0,0,0,0,0,0,8,0,0,0,0,0,0,0,0,0,0,0,0,0,0,0,0,0,6,0,0,0,0,0,14,0,2,0,0,0,0,0,2,0,0,0,12,0,0,2,0,0,0,0,0,0,0,0,4,0,0,0,0,0,0,0,2,0,0,0,0,2,0,0,0,14,0
0,0,0,0,2,0,0,0,0,8,0,0,2,0,0,0,2,0,0,0,0,0,0,0,0,0,0,0,0,0,0,0,0,0,0,0,0,0,0,0,0,0,0,0,0,0,0,0,0,0,0,0,0,0,0,0,0,24,0,0,0,0,0,0,0,10,0,0,0,12,0,0,0,0,0,0,0,0,0,0,0,4,0,0,0,0,0,0,0,2,0,0,0,0,0,0,0,2,6,0
0,0,0,0,4,0,0,0,2,22,0,0,0,0,0,0,0,0,0,0,0,0,0,0,0,0,0,0,0,0,0,0,0,8,0,0,0,2,0,0,0,0,0,0,0,0,0,0,0,0,2,10,0,0,0,0,0,6,0,4,0,0,0,0,0,20,0,2,0,8,0,0,4,0,0,0,0,0,0,0,0,6,0,0,0,0,0,0,0,0,0,2,0,2,0,0,0,0,14,0
0,0,0,0,0,2,2,0,0,12,0,0,0,4,0,0,2,2,0,0,4,0,0,2,2,0,0,2,0,0,0,4,0,6,2,0,2,2,0,0,0,0,0,2,0,0,0,0,2,0,6,4,0,10,0,0,0,0,0,10,0,0,0,0,0,12,0,0,2,6,0,0,0,2,0,0,0,4,0,4,0,22,0,0,6,2,2,2,0,0,0,14,4,0,0,0,0,4,4,0
0,0,0,0,4,0,2,0,0,0,0,0,0,4,0,0,0,8,2,2,0,0,0,0,0,0,4,0,2,0,0,6,0,14,0,0,2,2,0,0,2,2,0,2,4,0,0,0,8,6,26,10,2,4,0,2,0,0,0,4,4,4,0,0,6,2,0,0,0,0,6,0,0,2,0,0,4,8,0,6,0,0,0,0,8,0,10,0,2,12,0,22,12,0,0,0,0,0,2,0
0,0,2,0,2,0,0,2,0,0,0,2,0,2,0,0,0,6,8,0,4,0,0,4,0,0,10,0,0,0,0,6,0,6,4,0,16,2,0,0,8,0,0,0,6,4,0,0,14,0,10,6,0,10,0,4,0,0,0,0,6,0,0,0,4,0,8,0,0,0,10,0,0,12,2,0,16,2,0,10,0,2,0,0,14,0,20,0,0,14,0,6,14,18,0,14,0,8,0,0
0,0,12,0,6,2,6,0,0,0,0,0,0,0,2,4,2,16,4,6,6,0,0,10,0,0,6,0,0,0,0,0,0,6,6,0,12,10,0,0,16,0,2,8,4,10,2,0,10,2,2,10,4,14,2,2,0,0,2,0,8,0,0,0,8,0,10,0,0,0,22,0,0,12,2,0,10,2,0,2,0,0,8,0,18,0,6,0,2,12,0,4,14,12,2,14,0,8,0,2
0,0,6,0,4,2,6,2,2,0,2,2,0,0,0,2,0,10,4,4,8,2,0,6,0,0,12,2,0,0,0,0,0,6,2,0,14,12,0,4,10,2,4,6,8,8,0,0,18,10,2,6,2,6,0,2,0,0,4,0,6,0,0,10,14,0,12,2,0,0,4,0,0,8,0,0,12,0,2,8,0,0,6,0,12,0,20,0,0,14,0,0,4,16,0,12,2,14,0,0
0,2,2,0,2,14,8,2,2,0,0,0,0,0,2,2,0,16,4,6,4,2,0,10,0,4,4,0,0,0,0,0,0,4,6,0,8,4,0,6,12,0,4,6,6,12,0,0,6,6,0,6,0,6,0,2,0,0,2,0,10,0,0,4,10,2,6,0,0,0,8,0,0,8,0,0,8,0,0,8,0,0,8,0,6,0,14,0,2,6,0,4,22,14,8,14,0,8,0,2
0,0,6,0,10,10,4,0,0,0,0,0,0,0,0,0,0,14,6,4,12,2,2,6,0,2,14,0,0,0,0,0,0,4,2,0,4,14,0,6,12,0,4,8,4,14,0,0,24,8,2,8,0,4,10,2,0,0,6,2,2,0,0,0,10,0,10,0,0,0,16,0,0,8,4,0,6,0,0,2,0,0,6,0,2,2,22,0,2,2,0,2,14,10,4,12,2,4,0,2
2,0,4,0,2,4,14,0,2,0,0,2,0,0,0,0,0,14,0,14,20,0,0,4,0,0,16,0,0,0,0,0,0,0,2,0,8,10,0,10,12,2,2,4,10,12,0,0,18,2,0,10,0,6,2,4,0,0,2,0,10,0,0,4,12,0,22,0,0,0,14,0,0,8,2,0,16,0,0,8,0,2,10,0,2,0,14,0,2,22,0,2,6,10,2,12,0,6,0,4
0,0,2,0,12,4,12,0,2,0,0,2,0,2,0,0,0,12,4,10,2,0,0,6,0,0,18,0,0,0,2,0,0,0,4,0,20,8,0,18,6,0,6,2,6,4,2,0,20,2,2,0,0,4,2,2,0,2,4,0,4,0,0,10,22,0,10,0,0,2,12,0,0,8,2,0,6,0,0,6,2,0,0,0,10,0,18,2,2,4,0,0,14,14,0,34,0,12,0,0
0,0,4,0,10,2,10,0,0,0,0,2,0,0,4,0,2,2,6,2,4,2,0,4,0,2,8,0,16,0,0,2,0,0,0,0,4,8,0,28,8,0,2,2,2,0,6,2,8,6,0,10,0,2,2,0,0,0,4,4,6,0,0,2,24,0,12,4,0,0,6,0,0,2,2,0,2,2,0,0,0,0,2,2,2,0,4,0,4,0,0,0,12,8,0,14,0,4,0,0
0,4,2,0,6,4,4,0,8,0,0,6,0,0,12,0,4,2,0,2,0,10,6,0,0,0,8,0,26,0,6,0,0,2,2,0,2,8,0,30,0,0,0,0,2,0,8,0,2,10,0,4,0,0,0,0,4,0,2,0,0,0,0,0,14,0,2,10,0,2,4,4,12,0,0,0,0,0,0,2,0,0,0,0,0,6,0,0,6,4,0,0,4,10,0,4,0,6,2,0
0,8,0,0,4,0,2,0,14,0,0,8,0,2,6,0,0,0,0,2,0,10,12,0,0,0,0,2,24,0,4,0,0,2,0,0,0,4,0,4,0,0,2,0,0,0,10,0,0,4,0,0,0,0,4,0,0,0,2,0,0,0,4,0,4,0,2,40,2,0,2,16,14,0,0,0,0,0,0,0,0,0,0,6,4,4,0,0,10,0,0,0,6,2,2,2,0,0,0,0
0,6,0,0,0,0,0,0,18,0,2,8,0,0,6,0,0,0,2,0,0,16,8,0,0,0,2,10,14,0,8,0,0,0,0,0,0,2,0,2,0,0,0,0,0,0,12,0,0,8,0,0,0,0,0,2,0,0,0,0,0,0,14,0,0,0,0,24,2,0,0,8,2,0,0,0,0,0,0,0,2,0,2,10,0,18,0,0,6,0,0,0,0,0,2,0,0,0,0,0
0,6,0,0,0,2,0,0,12,0,0,10,0,0,6,0,0,0,0,0,0,12,10,0,0,0,0,12,14,0,6,0,0,0,0,4,0,0,0,0,0,0,0,0,2,0,10,0,0,2,0,0,0,0,0,0,0,0,2,0,0,0,24,0,6,0,0,40,0,2,2,8,6,0,0,0,0,0,0,0,0,0,0,8,0,16,0,0,16,0,2,0,0,0,0,0,0,0,0,0
0,0,0,0,0,0,2,2,18,0,0,8,0,0,6,0,2,0,0,0,0,20,10,2,0,0,2,8,32,0,8,0,0,0,0,0,0,2,0,2,0,0,0,0,0,0,24,0,0,2,0,0,0,0,0,2,0,0,0,0,2,0,20,0,0,0,0,26,0,0,0,14,20,0,0,0,0,0,0,0,0,0,0,8,0,8,0,2,6,0,0,0,2,2,0,0,0,0,0,0
0,8,2,0,0,0,0,0,22,0,0,6,0,0,14,0,0,2,0,4,0,22,6,0,0,0,2,4,38,0,12,0,0,4,0,2,2,6,0,8,0,0,0,0,0,2,24,0,2,0,0,0,0,2,0,0,2,0,0,0,0,0,6,0,6,0,4,28,2,0,0,4,8,0,0,0,0,0,0,0,0,0,0,8,0,10,0,2,10,2,0,0,2,2,0,4,2,0,0,0
0,2,0,0,8,4,8,0,6,0,0,2,0,0,14,0,0,0,2,0,4,12,0,0,0,2,2,2,30,0,10,0,0,0,0,0,0,2,0,22,6,0,0,0,0,0,16,0,0,8,0,2,4,0,0,0,0,0,0,0,0,0,6,0,24,0,8,10,0,0,0,6,18,0,0,0,0,0,0,0,0,0,0,6,0,4,0,0,10,0,0,0,4,2,0,8,0,4,0,0
0,2,2,0,14,2,4,0,2,0,0,4,0,0,0,0,2,2,8,4,6,4,0,6,0,0,10,0,4,2,2,0,0,0,2,0,4,12,2,16,12,2,2,0,0,2,8,0,4,8,2,2,2,0,2,0,0,2,4,0,0,0,0,2,44,0,10,0,0,0,10,0,4,2,2,0,0,0,2,4,0,0,4,0,4,0,8,0,4,2,0,0,6,8,2,14,0,0,0,0
0,0,6,0,8,8,2,0,0,0,4,0,0,0,0,0,0,22,6,6,6,0,0,6,0,0,12,2,0,0,0,0,0,0,4,2,10,4,0,26,14,0,0,2,2,8,0,0,2,2,0,2,0,2,0,0,0,0,0,0,2,0,0,2,16,0,10,0,0,0,22,0,0,2,2,0,10,0,0,4,0,0,4,0,6,2,6,0,0,10,0,0,10,8,2,12,0,4,0,0
2,0,0,0,4,4,6,0,0,0,0,0,0,0,0,0,0,2,2,8,8,0,0,6,0,0,18,0,0,0,0,2,0,4,6,0,4,14,0,6,8,0,2,6,8,22,0,0,12,6,2,2,0,4,2,2,0,0,2,0,6,2,0,2,6,2,10,0,0,2,8,0,0,4,2,0,8,0,2,2,0,0,6,0,4,0,16,0,0,8,2,2,12,10,4,12,0,6,0,0
0,0,6,0,4,4,12,2,0,0,0,2,0,0,0,2,0,6,2,8,12,0,0,8,0,2,6,0,0,0,0,0,0,0,4,0,8,2,0,16,12,2,8,6,8,6,0,0,10,6,0,6,2,8,2,2,0,0,6,0,14,0,0,0,10,0,10,2,0,0,10,2,2,4,0,0,12,0,0,2,0,0,0,0,6,0,16,0,0,6,0,0,10,10,2,12,2,12,0,4
0,0,2,0,6,6,4,2,0,0,0,0,0,2,0,0,0,20,16,8,12,0,0,4,0,0,10,0,2,0,0,0,0,6,0,0,8,4,0,6,6,0,10,4,12,16,2,0,6,6,4,4,0,4,0,0,0,0,8,2,10,0,0,0,10,0,18,0,0,0,14,0,2,14,4,0,10,0,0,8,0,0,16,2,4,0,12,0,2,10,0,0,8,12,6,12,2,6,0,2
0,0,2,0,0,16,4,0,2,0,0,0,0,0,0,0,0,10,6,10,6,0,0,14,0,2,4,0,0,2,0,2,0,4,4,0,14,4,0,4,14,6,8,10,12,16,0,0,10,2,0,2,0,0,4,0,0,0,4,0,18,0,0,4,2,2,8,2,0,0,12,0,0,12,0,0,16,0,0,8,0,0,0,0,12,0,20,0,2,4,0,0,6,14,0,4,0,12,4,4
0,0,2,0,6,6,2,0,0,0,0,2,0,2,0,0,0,10,8,4,12,0,0,6,8,6,6,0,0,0,0,2,0,0,16,2,10,6,2,0,6,6,0,14,14,18,0,0,6,2,0,4,0,4,4,16,0,0,0,0,22,2,2,0,6,0,6,0,0,0,8,0,0,16,0,0,10,2,0,2,0,2,4,0,6,0,16,0,0,8,0,4,10,0,0,14,0,10,0,12
0,0,0,0,2,10,0,0,0,0,0,0,0,2,0,2,0,8,6,2,2,0,0,8,16,6,8,0,0,0,0,0,4,4,28,0,2,4,12,2,0,16,0,22,12,10,0,2,8,0,0,2,0,4,0,18,0,0,0,0,14,0,0,0,0,0,2,0,0,2,0,0,0,8,2,0,2,2,0,6,0,0,0,0,0,0,18,0,0,2,0,0,0,0,0,2,0,2,2,16
0,0,0,0,0,14,0,0,0,0,0,0,0,0,0,0,2,0,4,4,0,0,0,8,16,6,0,0,2,0,0,0,14,2,30,2,0,0,10,0,0,12,2,18,18,2,0,2,0,0,0,2,0,0,0,22,0,2,0,0,6,0,0,0,0,0,4,0,2,0,0,0,0,8,0,0,0,0,0,0,0,0,2,0,0,0,6,0,0,0,0,0,2,0,0,2,2,6,0,6
0,0,2,0,0,10,0,0,0,0,0,0,2,0,0,0,0,0,12,2,0,0,0,6,14,4,0,2,0,0,0,0,6,2,18,2,0,2,8,2,0,20,0,14,14,0,0,0,2,0,0,6,0,0,0,24,0,2,0,0,6,0,2,0,0,0,2,0,6,0,0,0,0,2,0,2,0,0,0,2,0,0,0,0,0,0,6,0,0,2,0,0,0,0,2,0,0,6,0,6
0,0,0,0,2,2,0,0,0,0,0,0,0,0,0,0,0,2,10,0,0,0,0,2,14,6,0,0,0,0,0,0,18,0,20,2,0,0,8,0,2,10,0,16,8,0,0,0,0,0,0,0,0,0,0,28,0,0,0,0,12,0,0,0,0,0,0,0,8,0,2,0,0,8,4,0,2,0,0,2,0,0,0,0,0,0,6,0,0,2,0,2,2,0,0,2,0,2,0,4
0,0,0,0,0,2,2,0,0,0,0,0,0,0,0,0,0,0,16,4,0,0,2,4,18,6,0,0,0,0,0,0,6,0,26,0,4,0,14,0,2,10,0,8,14,4,0,0,4,0,0,4,0,2,0,34,0,0,0,0,20,0,2,0,0,0,0,0,10,2,0,0,0,4,0,0,0,0,0,0,2,0,2,0,0,0,2,0,0,0,0,2,0,0,0,0,0,8,4,12
0,0,0,0,0,18,0,0,0,0,0,2,0,0,2,2,0,6,22,8,0,0,0,6,6,8,0,0,0,0,0,0,4,2,22,2,2,0,8,0,6,14,2,14,14,2,0,0,4,2,0,0,0,2,0,34,0,0,0,0,4,2,0,2,0,0,6,0,6,0,0,0,0,8,0,0,0,0,0,2,0,0,4,0,4,0,18,0,0,6,0,0,0,0,0,8,0,6,0,18
0,0,2,0,2,16,2,0,0,0,0,0,2,0,0,0,0,12,10,18,4,0,2,10,0,8,4,0,0,0,0,0,0,0,10,0,4,6,4,2,10,8,2,16,12,28,0,0,6,4,2,0,0,0,2,20,0,0,0,0,8,0,0,4,6,0,4,0,0,0,0,0,0,8,4,0,0,0,0,4,0,2,6,0,12,0,26,0,0,20,0,0,2,2,0,20,0,10,0,12
0,0,8,0,4,10,6,0,0,0,0,0,0,0,0,0,0,22,12,2,6,0,0,10,0,0,4,0,0,0,0,0,0,4,6,0,10,4,0,2,18,0,14,8,10,16,2,0,8,2,0,8,0,2,8,4,0,0,0,0,20,0,0,14,12,0,8,0,0,0,0,0,0,16,4,0,10,0,2,2,0,0,8,0,4,0,26,0,2,16,0,0,4,2,6,24,0,4,0,0
0,0,6,0,4,6,4,0,0,0,0,0,0,0,0,2,0,2,6,14,8,0,0,10,0,0,10,0,0,0,0,2,0,4,2,0,12,6,0,6,24,2,4,8,8,16,0,0,10,12,0,4,0,2,4,2,0,2,0,0,4,0,0,4,18,0,20,0,0,2,10,0,4,2,6,0,10,0,0,6,0,0,4,0,4,0,26,0,0,14,0,0,12,8,6,18,0,6,0,4
4,0,10,0,2,10,2,2,0,0,0,0,0,0,0,0,2,2,4,16,10,0,0,8,0,0,12,0,0,0,0,0,0,6,4,0,16,8,0,12,14,0,10,2,4,10,0,0,8,14,2,4,0,6,4,2,0,0,2,0,6,0,0,6,12,0,18,0,0,0,2,0,0,8,2,0,6,0,0,18,0,2,6,0,6,0,16,0,4,6,0,0,4,16,0,8,0,8,0,0
0,0,8,0,6,4,2,0,0,0,0,0,0,0,0,0,2,12,4,8,14,0,0,6,0,0,16,0,0,0,0,2,0,0,2,0,6,4,2,2,16,0,2,6,6,16,0,0,24,4,2,6,0,2,4,4,2,0,0,0,10,0,0,4,12,0,22,0,0,0,16,0,2,4,4,0,12,2,4,4,0,0,6,0,6,0,16,0,0,10,0,0,10,10,0,12,2,6,0,2
2,0,4,0,4,14,6,2,0,0,0,2,0,0,0,0,0,10,2,6,8,0,0,6,0,2,12,0,0,0,0,0,0,4,4,0,8,8,2,4,14,0,4,4,6,10,0,2,6,4,0,4,0,0,2,2,0,0,0,0,6,0,0,4,8,0,8,0,0,2,4,0,0,2,2,0,14,0,0,2,0,0,10,0,4,0,14,0,0,4,0,2,12,12,4,2,0,2,0,0
0,0,4,0,10,2,8,2,0,0,0,2,0,0,0,0,0,8,2,8,14,0,0,4,0,0,16,0,0,0,0,0,0,0,4,0,18,10,0,4,18,0,10,6,8,10,0,0,18,6,0,2,0,0,0,0,0,0,0,0,2,0,0,4,12,0,12,0,0,0,6,2,0,8,10,2,8,0,4,6,0,0,12,0,6,2,20,0,2,8,0,0,2,14,12,24,0,6,0,4
0,0,6,2,8,2,12,4,0,0,0,0,0,0,0,0,0,8,6,12,2,0,0,18,0,4,8,0,0,0,0,2,0,0,2,2,2,12,0,8,6,0,12,8,4,2,0,0,4,2,2,6,4,2,6,4,0,0,4,0,8,6,0,12,12,0,8,0,0,0,6,0,0,6,16,2,4,0,0,2,0,0,22,0,10,0,18,0,0,8,0,0,2,8,14,24,2,8,0,4
0,0,6,0,4,2,8,8,0,0,0,0,2,0,0,4,0,2,6,10,2,2,0,10,0,0,8,0,0,0,0,0,0,2,2,0,4,6,0,0,10,0,16,6,0,8,0,6,4,4,2,2,10,2,10,0,0,0,0,0,2,0,0,10,4,0,8,2,0,0,0,0,0,6,18,12,0,0,0,0,0,0,14,0,0,4,8,0,2,10,2,0,2,4,16,12,8,6,0,0
6,0,10,0,2,4,4,6,0,0,0,0,12,0,0,8,0,0,0,10,2,0,2,4,0,0,4,0,0,2,0,0,0,0,2,0,4,4,0,0,6,0,8,2,4,2,0,8,2,0,0,0,8,0,12,0,0,0,0,2,0,4,0,6,2,0,4,0,0,0,0,0,0,8,14,12,0,0,10,0,4,0,6,0,0,0,6,0,0,0,2,0,2,2,20,12,12,4,0,2
14,0,8,0,2,4,2,10,0,2,2,0,6,0,0,10,4,2,6,8,0,2,0,4,2,0,0,0,0,0,0,0,0,0,2,2,0,0,0,0,2,0,8,0,4,2,0,14,4,0,0,0,14,0,14,0,0,0,2,0,4,8,0,2,0,0,4,0,0,0,0,2,0,2,16,2,0,0,6,0,6,0,10,0,0,0,0,4,0,0,6,0,0,0,16,12,16,2,0,0
6,4,2,2,0,2,0,4,0,0,4,0,8,0,0,4,4,0,0,6,2,0,0,2,0,0,0,0,0,8,0,0,0,0,4,4,0,0,0,0,0,0,4,0,0,0,0,12,0,2,0,0,18,0,20,2,6,0,0,0,2,6,0,0,0,0,2,2,2,0,0,0,0,0,10,12,0,0,16,0,14,0,4,0,0,0,2,8,0,0,2,2,0,0,2,8,8,0,2,0
4,0,4,12,0,4,0,8,0,0,8,0,12,0,0,14,16,0,2,10,0,0,0,0,0,0,4,0,0,6,0,0,2,0,0,12,0,2,0,0,0,0,6,0,0,0,0,12,0,0,0,0,22,0,14,0,10,0,0,2,0,12,0,0,0,0,0,0,0,0,2,0,0,0,4,10,0,0,10,0,12,0,0,0,0,0,0,4,0,2,10,0,0,2,0,0,18,0,0,0
18,0,4,18,0,0,0,8,2,0,14,0,6,0,0,8,12,0,0,2,0,4,0,0,0,0,2,0,0,14,0,0,0,0,0,12,0,2,0,0,2,0,0,0,0,0,0,12,0,0,0,0,24,0,26,0,8,0,0,0,0,6,2,0,0,0,2,0,0,0,0,2,0,0,6,4,0,2,10,0,10,0,0,0,0,0,0,6,0,0,12,0,0,0,2,0,4,0,0,0
18,0,6,16,0,4,0,0,0,2,12,2,14,0,0,12,8,0,0,10,0,0,0,0,0,0,0,2,0,4,0,0,0,0,0,2,0,0,0,0,0,0,2,2,0,0,0,12,0,2,2,0,12,0,8,0,14,0,0,0,0,10,0,0,0,0,0,0,0,0,0,0,2,0,2,6,0,0,0,0,12,0,0,0,0,0,0,4,0,0,16,0,0,0,0,4,18,0,0,0
18,2,4,16,0,0,0,12,0,0,4,0,10,0,0,6,12,0,0,2,0,0,0,0,0,0,0,0,0,2,0,2,0,0,2,6,0,2,0,0,0,0,4,0,0,0,2,10,0,0,0,0,20,2,10,0,14,0,0,0,2,8,0,0,0,0,6,0,0,0,2,0,0,0,2,2,0,2,6,0,10,0,2,0,0,0,0,12,0,0,12,2,0,0,2,2,10,0,0,0
24,0,2,18,0,0,0,2,0,2,6,0,12,0,0,10,8,0,0,4,2,0,0,0,0,0,0,0,0,10,0,0,0,0,0,8,0,0,0,0,0,0,0,0,2,2,0,8,0,2,0,2,8,0,26,0,8,0,0,0,0,8,0,0,0,0,2,0,0,0,0,0,0,0,8,6,0,0,2,0,10,0,2,0,0,0,2,0,2,0,12,0,0,0,2,2,6,0,0,0
12,2,2,12,0,0,0,4,0,0,14,0,12,0,0,12,10,2,0,6,0,0,0,0,2,0,0,0,0,6,0,0,0,0,0,10,0,0,0,0,0,0,2,0,4,2,0,12,0,0,0,2,14,0,12,0,16,0,0,0,0,18,0,2,0,0,0,0,0,0,0,0,0,0,2,6,0,0,2,0,4,0,0,2,0,0,0,2,0,0,6,0,0,0,0,2,10,0,0,0
6,0,4,8,0,0,0,8,0,2,8,0,8,0,0,16,6,0,2,6,0,0,0,0,0,0,2,2,0,14,0,0,0,0,0,18,0,2,0,4,0,0,4,0,0,0,0,6,0,4,0,0,14,0,16,2,12,0,0,0,0,10,0,0,0,2,4,0,0,0,0,0,0,0,4,6,0,0,8,0,6,0,0,0,0,0,2,8,0,0,8,0,2,0,2,2,14,0,0,0
18,0,6,12,0,0,0,8,0,0,22,0,14,0,0,10,10,0,2,10,0,0,0,2,0,0,2,0,0,12,0,0,0,0,0,8,0,2,0,0,0,0,4,0,0,0,0,6,0,0,0,0,14,0,18,2,8,0,0,0,2,12,0,0,0,0,0,2,0,0,0,0,0,2,0,12,0,0,14,0,6,0,2,0,0,0,0,6,2,2,6,0,0,2,2,2,14,0,0,0
22,0,4,6,0,2,0,8,0,0,2,2,12,0,0,8,6,0,2,4,0,0,0,0,2,0,0,0,0,6,0,2,0,0,0,14,0,4,0,0,0,0,6,0,0,0,0,10,2,0,0,2,16,0,26,0,6,0,0,0,0,20,0,2,0,2,2,0,0,0,0,2,0,0,12,8,0,0,6,0,8,0,0,0,0,0,0,8,2,0,2,0,0,0,2,4,14,2,0,0
8,0,6,4,0,0,0,10,0,0,0,2,8,0,0,10,0,0,2,8,0,0,0,0,0,0,4,0,0,2,0,0,0,0,2,6,2,6,0,2,2,0,8,0,2,0,0,22,0,0,0,0,16,0,14,0,2,0,0,0,0,12,0,0,2,0,6,0,0,0,0,0,0,2,12,16,0,0,12,0,6,0,0,0,0,0,2,4,2,2,4,0,0,0,10,10,14,0,0,0
8,0,14,0,2,0,2,8,0,2,6,0,4,0,0,2,0,0,4,8,0,2,2,6,0,0,6,0,0,0,0,0,0,0,0,8,6,8,0,0,2,0,16,2,14,0,0,6,0,6,0,2,4,0,2,0,2,0,0,0,0,6,0,4,8,0,12,0,0,0,0,0,0,6,18,8,0,0,8,0,2,0,12,0,0,0,0,2,0,0,6,0,2,0,24,12,20,0,0,0
2,0,20,0,8,2,12,8,0,0,2,0,2,0,0,2,4,2,4,22,6,2,0,12,0,0,2,0,0,0,2,0,0,0,2,4,6,6,0,0,8,0,10,0,6,0,0,4,4,8,0,8,8,2,16,2,0,0,2,2,2,0,0,14,4,0,8,0,0,0,0,0,0,4,10,0,0,0,8,0,0,0,10,0,0,0,6,0,0,4,2,0,6,4,10,22,2,6,0,0
0,0,4,0,8,8,4,4,2,0,0,0,0,0,2,2,0,6,2,10,6,2,0,6,0,2,6,0,0,0,0,0,0,0,2,2,4,6,0,0,2,0,6,2,6,10,0,2,8,6,0,0,2,0,2,0,2,0,0,0,4,2,0,14,10,0,16,0,0,2,0,0,0,4,8,2,2,0,0,2,0,0,2,0,2,0,14,2,0,0,4,0,6,6,18,22,4,2,0,0
0,0,8,0,8,4,8,2,0,0,0,0,0,0,0,2,2,12,4,10,4,0,0,8,0,2,12,0,2,0,0,0,0,2,2,0,2,2,0,4,10,0,4,0,6,6,0,2,8,8,2,4,4,4,2,0,2,0,0,0,6,2,0,10,12,0,8,0,0,0,12,0,0,6,4,0,4,2,2,2,0,0,2,4,8,0,12,0,0,0,0,2,8,8,4,18,6,14,0,2
0,0,6,0,14,6,4,0,0,0,0,0,0,0,0,0,0,14,14,10,6,0,0,6,0,0,10,0,0,2,0,0,0,4,0,0,10,10,0,4,6,2,8,4,4,8,0,0,6,2,0,6,0,4,0,4,0,0,4,0,8,0,0,6,10,0,16,0,0,0,16,0,0,16,4,0,10,0,0,4,0,0,6,0,10,0,8,0,0,18,2,0,6,4,6,20,0,12,0,0
0,0,6,0,8,8,0,0,2,0,0,0,0,2,0,0,0,22,6,14,4,2,2,14,0,0,12,0,0,0,0,0,0,0,0,0,8,4,2,4,14,0,12,4,10,12,2,0,10,8,0,0,2,2,2,2,0,0,8,0,4,0,0,8,14,0,16,0,0,0,10,0,0,12,4,2,6,2,0,4,2,0,0,0,12,0,8,0,2,8,0,2,14,4,4,22,2,6,0,0
0,0,2,0,6,8,6,0,0,0,0,2,0,0,0,2,0,12,4,16,12,0,0,10,0,0,20,0,0,0,0,0,0,4,4,0,16,12,0,0,10,2,0,6,10,12,2,0,8,12,0,2,4,6,0,2,2,0,2,2,4,0,0,2,12,0,12,0,0,0,14,0,0,18,4,0,4,4,0,10,0,0,2,0,12,0,18,0,2,10,0,0,10,14,4,16,0,6,0,0
0,0,8,2,2,8,8,0,0,0,0,0,0,0,0,0,0,6,12,8,14,2,0,14,0,0,10,2,2,0,0,2,0,0,8,0,4,4,0,4,14,0,2,6,8,4,0,0,4,8,0,2,0,4,4,0,0,0,6,0,0,0,0,4,14,0,22,0,0,2,4,0,0,10,4,0,2,0,0,6,0,0,4,0,6,0,16,0,2,16,2,2,4,12,2,12,2,8,0,0
0,0,4,0,6,6,6,0,0,0,0,0,0,0,0,0,0,8,10,4,10,2,2,10,0,0,12,0,0,0,0,0,0,4,4,0,4,6,0,4,8,2,4,4,8,14,0,0,10,8,0,8,2,6,6,0,0,2,2,0,12,0,0,2,2,0,10,0,0,0,2,0,4,8,4,0,4,0,0,8,2,0,8,0,8,0,24,0,4,16,0,2,8,10,4,14,0,6,0,4
2,0,2,0,0,10,6,2,0,0,0,0,0,2,0,4,0,10,14,8,2,0,0,14,0,0,2,0,0,0,0,0,0,2,12,0,16,4,0,2,6,0,6,2,8,18,0,0,12,2,4,6,0,6,2,10,0,0,0,0,10,0,0,4,14,0,14,0,2,0,10,2,0,16,6,0,8,2,0,4,0,2,4,0,12,0,28,0,0,8,0,0,4,8,2,12,2,8,0,4
0,0,2,0,2,20,8,0,0,0,0,0,0,0,2,2,0,10,8,6,8,0,0,10,6,0,6,0,0,0,0,0,0,0,28,2,4,4,4,2,10,6,4,6,12,26,0,0,4,0,2,2,0,14,0,16,0,0,0,0,12,0,0,0,12,0,8,0,2,0,6,0,0,26,4,0,6,0,0,0,0,0,16,0,8,0,16,0,0,20,0,0,10,2,2,8,0,20,0,2
0,0,2,0,4,18,2,0,0,0,0,0,0,0,0,0,0,6,16,6,0,0,0,10,14,14,6,0,0,0,0,2,6,0,30,0,2,0,8,0,4,12,0,8,30,16,0,0,4,0,0,0,2,2,0,22,0,0,0,0,16,0,0,0,2,0,6,0,2,0,0,0,0,4,0,0,0,0,2,2,0,0,2,0,0,0,10,0,0,6,0,0,0,2,0,12,0,8,0,12
0,0,2,0,0,14,0,0,0,0,0,0,0,0,0,0,0,0,16,2,0,0,0,6,12,6,0,0,0,0,0,2,12,0,16,2,2,2,10,0,4,10,0,10,10,2,0,0,0,2,0,2,0,0,0,16,0,0,0,2,8,0,0,0,0,0,0,0,6,0,2,0,0,4,0,0,0,0,0,0,0,0,2,0,0,0,8,0,0,0,0,2,0,0,0,0,0,4,0,10
0,0,2,0,2,6,0,0,0,0,0,0,0,0,0,2,0,0,12,0,0,0,2,2,16,8,2,2,0,0,0,0,16,0,24,0,0,0,4,4,2,10,0,18,12,2,0,0,0,0,0,0,0,2,0,22,0,0,0,0,8,2,0,0,0,0,0,0,6,0,0,0,0,4,0,0,0,0,0,2,0,0,2,0,0,0,6,0,0,0,0,0,6,0,0,6,0,4,0,18
0,0,2,0,2,4,0,0,0,0,0,0,0,0,0,0,0,0,4,0,0,0,0,0,20,8,0,0,2,0,0,0,10,0,22,0,2,0,0,2,0,8,0,8,12,0,0,0,0,0,0,0,0,4,0,12,0,0,0,0,8,0,0,0,4,0,0,2,8,0,0,0,0,0,0,0,0,0,0,0,0,0,0,0,0,0,2,0,0,0,0,0,6,0,0,0,0,0,0,8
0,0,2,0,0,8,0,0,0,0,0,0,0,0,0,0,0,0,4,0,0,0,0,2,10,4,2,0,0,0,0,2,12,0,20,0,0,0,8,0,0,10,0,4,8,0,0,0,0,0,2,0,0,0,0,4,0,0,0,0,4,0,0,0,0,0,2,0,8,0,2,0,0,8,0,0,0,2,0,0,0,0,0,0,2,0,2,0,0,0,0,2,2,0,0,2,0,2,0,8
0,0,2,0,2,14,0,0,0,0,0,0,0,0,0,0,0,0,8,2,0,0,0,0,20,6,0,0,0,0,0,2,14,0,34,0,0,0,6,0,0,8,2,10,10,0,0,0,4,0,0,0,0,0,2,20,0,0,0,0,12,0,0,0,0,0,2,0,12,0,0,2,0,6,0,0,0,0,0,2,0,0,0,0,0,0,2,0,0,0,0,0,0,0,0,0,0,0,0,2
0,0,2,0,0,12,0,0,0,2,0,4,0,0,0,0,0,0,10,0,0,0,0,8,16,14,2,0,0,0,0,0,12,0,18,0,6,2,8,0,0,14,0,30,8,0,0,0,0,0,0,0,0,0,0,18,0,2,0,0,6,0,0,0,0,0,2,0,6,0,2,0,0,6,0,0,0,0,0,0,0,0,0,0,0,0,2,0,0,0,0,0,0,0,0,0,0,6,0,10
0,0,2,0,0,6,2,0,0,0,0,0,0,0,0,0,0,0,10,0,0,0,0,4,24,10,0,0,0,0,0,0,16,0,34,0,0,0,10,2,0,12,0,24,10,6,0,2,0,0,0,0,0,0,0,24,0,0,0,0,16,0,0,2,2,0,2,0,4,0,2,2,0,16,0,0,0,0,0,0,0,0,2,0,0,0,6,0,0,0,0,0,0,0,0,2,0,0,0,8
0,0,2,0,2,16,8,0,0,2,0,0,0,0,0,0,0,8,18,4,0,0,0,4,4,16,2,0,2,0,0,0,4,0,22,2,4,0,20,4,2,20,2,14,12,10,2,0,2,0,0,0,0,4,2,34,0,2,0,0,20,0,2,0,2,0,4,0,0,0,6,0,0,6,0,0,2,0,0,0,0,0,0,0,4,0,10,0,0,0,0,0,2,0,0,4,0,4,0,12
0,0,0,0,8,24,2,0,0,2,0,0,0,0,0,0,0,8,16,4,2,0,0,8,0,6,2,0,0,0,0,0,2,4,18,0,6,0,6,2,12,0,2,8,12,20,0,0,12,2,0,4,2,6,2,20,0,0,0,0,16,0,0,4,6,0,6,0,0,0,8,2,2,4,0,0,0,0,0,0,0,0,6,0,14,2,18,0,0,4,0,0,8,6,4,20,0,22,0,4
0,0,8,0,2,18,6,0,0,0,0,0,2,0,0,0,0,16,12,4,2,2,0,16,2,4,14,0,0,0,0,0,2,0,10,0,10,6,0,2,14,6,10,8,12,26,0,2,6,4,2,6,0,12,6,18,0,0,0,0,14,0,0,2,16,0,14,0,0,0,10,0,0,4,2,0,12,2,0,2,0,0,4,0,12,0,20,0,0,2,0,2,4,12,4,18,0,10,0,2
0,0,8,0,10,8,14,0,2,0,2,2,0,2,0,2,0,20,12,14,4,0,0,12,0,2,10,0,0,0,0,0,0,6,4,0,10,12,2,2,12,0,2,4,4,20,0,0,8,4,0,8,0,4,2,4,0,0,2,0,10,0,0,4,6,0,8,2,0,2,6,0,0,14,4,0,14,0,0,0,0,2,2,0,6,0,16,0,8,12,0,0,18,4,4,14,0,8,0,6
0,0,2,0,8,6,6,0,0,0,0,0,0,0,2,0,0,8,2,8,10,0,0,8,0,2,6,0,0,0,0,0,0,2,8,0,10,4,4,6,10,0,8,6,18,10,2,0,10,8,0,4,0,0,0,4,0,2,4,0,4,0,0,2,20,0,4,0,0,0,6,0,0,6,4,0,22,2,0,2,0,2,10,0,6,0,10,2,2,20,0,0,10,18,2,18,0,4,0,0
0,0,2,0,8,8,12,0,0,2,0,0,0,0,0,2,0,8,14,10,12,0,0,14,0,0,6,2,0,0,0,0,0,4,6,2,6,14,0,2,14,0,6,8,6,2,0,0,2,4,0,6,0,4,2,0,0,0,4,0,12,0,2,6,10,0,6,0,2,0,12,0,0,8,0,0,12,6,0,4,0,0,0,0,10,2,30,0,2,6,0,0,10,14,0,10,0,6,0,2
0,0,0,0,0,8,4,0,0,0,0,0,0,0,0,0,0,14,10,6,4,0,0,10,0,0,10,0,0,0,0,0,0,8,4,0,10,10,0,2,22,0,4,2,10,10,0,0,12,8,0,12,0,2,2,0,0,0,6,0,4,2,0,0,12,0,8,0,0,0,12,0,0,12,0,0,14,0,0,2,0,0,0,2,6,0,18,0,2,14,0,2,6,14,2,12,0,4,0,2
0,0,0,0,4,10,8,0,0,0,0,0,0,2,0,0,2,4,2,4,8,0,0,12,0,0,6,0,0,0,0,4,0,6,0,0,28,12,2,2,6,0,0,6,8,4,0,0,16,0,8,6,2,24,0,2,0,0,0,0,6,0,0,0,10,0,10,0,0,2,16,2,0,10,0,0,10,4,0,16,0,4,4,0,10,0,26,0,0,12,0,0,8,8,0,6,2,6,2,0
2,0,0,0,2,4,0,0,2,0,0,0,0,8,0,0,0,6,2,2,0,0,2,4,0,0,0,2,0,0,0,14,2,14,2,0,2,0,0,0,2,0,0,0,2,0,0,2,8,0,12,18,0,20,0,2,0,2,0,4,6,0,0,0,6,0,4,0,0,4,2,0,0,0,0,0,0,4,0,4,0,4,0,0,12,0,4,0,0,4,0,12,8,0,0,0,0,2,0,0
0,0,0,0,0,0,0,0,2,2,0,2,0,6,0,0,0,0,2,0,0,0,0,2,2,0,0,0,0,0,0,6,0,10,2,0,0,2,0,0,0,0,0,0,0,0,0,0,2,4,10,6,0,12,0,0,2,6,0,12,2,0,2,0,2,2,0,0,0,0,0,0,0,2,0,0,0,4,0,0,0,10,0,0,0,0,0,0,0,2,0,4,4,0,0,0,0,2,0,0
0,0,0,0,0,2,0,0,0,6,0,0,0,0,0,0,0,0,0,0,0,0,0,0,0,0,0,0,0,0,0,2,0,14,0,0,0,0,0,0,0,0,2,0,2,0,0,0,0,0,4,0,0,6,2,2,0,2,0,8,0,0,0,0,2,4,0,0,0,12,0,2,0,0,0,0,0,2,2,0,0,4,0,0,0,0,0,0,0,2,0,2,8,0,0,0,0,0,6,0
0,0,0,0,0,2,2,0,0,14,0,0,0,4,0,0,0,0,0,0,0,0,0,0,0,0,0,0,0,0,0,0,0,8,0,0,0,0,0,2,0,0,0,2,0,0,0,0,2,2,2,16,0,6,0,0,0,4,0,10,0,0,0,0,0,8,0,0,0,14,0,0,0,2,0,0,0,2,0,2,0,4,0,0,0,0,0,0,2,0,0,0,4,0,0,0,0,0,4,0
0,0,0,0,0,2,0,0,0,14,0,0,0,2,0,0,2,0,2,0,0,0,0,0,2,0,0,0,0,0,0,0,0,10,0,0,2,0,0,2,0,0,0,0,0,0,0,0,2,0,6,6,0,8,0,0,0,0,0,4,0,0,0,2,0,18,0,0,0,12,0,0,0,0,0,0,0,0,0,2,0,12,0,0,0,0,0,0,0,2,0,4,6,0,0,0,0,2,2,0
0,0,0,2,0,0,0,0,0,16,0,0,4,0,2,0,0,0,0,2,0,2,0,0,0,0,0,0,0,0,0,2,0,14,0,0,2,0,0,0,0,0,0,0,0,0,0,0,0,0,6,8,0,2,0,0,0,2,0,6,2,0,0,0,0,0,0,0,0,8,0,0,0,0,0,0,0,6,0,0,0,14,0,0,0,0,2,0,0,2,0,0,4,0,0,0,0,0,6,0
0,0,0,0,0,2,0,0,0,8,0,0,0,2,0,0,0,0,0,2,2,0,0,0,0,0,2,0,0,0,0,0,0,6,0,2,4,2,0,0,2,0,0,0,0,0,0,0,2,2,4,10,0,2,0,0,0,2,0,10,0,0,0,2,0,4,0,0,0,14,0,0,0,0,0,0,0,0,0,2,0,16,0,0,0,0,2,2,0,0,0,4,0,0,0,0,0,0,6,0
0,0,2,2,0,2,0,0,0,8,0,0,0,0,0,0,0,0,0,0,2,0,0,0,0,0,0,0,0,0,0,0,0,16,0,2,2,0,0,0,2,0,0,0,0,0,0,0,2,0,4,16,0,2,0,0,0,2,0,4,0,0,0,2,0,12,0,0,0,4,2,0,0,2,0,0,0,4,0,2,2,10,0,2,0,0,4,0,0,0,0,0,6,0,0,0,0,0,14,0
0,0,0,2,0,2,0,0,0,4,0,0,0,14,0,0,0,2,2,0,0,0,0,0,0,0,0,0,0,0,0,2,0,14,2,0,16,2,0,0,2,0,0,0,2,0,0,0,0,2,14,10,0,16,0,0,0,0,0,2,6,0,0,0,8,2,0,0,0,12,2,0,0,2,0,0,0,10,0,4,0,14,0,0,6,0,4,0,2,4,0,12,8,0,0,2,0,2,0,0
0,0,4,0,8,6,2,0,0,0,0,2,2,6,0,0,0,0,6,0,0,0,0,2,0,0,6,0,0,0,2,4,0,4,0,0,8,4,0,2,2,0,0,2,0,0,2,0,8,8,6,18,0,18,0,2,0,0,0,0,8,4,0,0,2,0,6,0,0,2,8,0,0,0,2,0,6,2,0,4,0,4,2,2,14,0,6,2,0,12,0,10,16,4,0,2,0,4,2,0
0,0,6,0,10,6,16,0,0,0,0,0,0,2,0,0,0,10,4,8,14,0,0,4,0,2,16,0,0,0,0,0,0,4,6,0,10,12,2,12,2,0,0,8,12,4,0,0,10,10,2,6,2,4,0,0,0,0,2,0,8,0,0,2,16,2,10,0,2,0,12,4,0,10,2,0,12,4,0,16,0,0,0,0,18,0,22,0,2,14,0,4,10,16,2,6,0,8,0,2
0,0,4,0,0,10,2,2,0,0,0,0,2,0,2,0,0,8,4,16,8,0,0,6,2,0,18,0,2,0,0,0,0,0,6,0,16,10,2,8,12,0,10,2,6,22,0,0,10,12,2,10,2,2,4,4,0,2,6,0,12,0,0,10,20,0,12,0,0,0,6,0,0,6,4,0,8,8,0,12,0,2,4,2,12,0,28,0,0,8,0,2,2,12,10,14,2,10,0,0
0,0,6,0,8,2,10,0,0,0,0,0,2,0,2,0,0,10,2,14,10,2,0,8,0,0,12,0,0,0,2,6,0,2,8,0,8,2,0,4,14,0,6,4,6,4,0,0,10,6,6,4,0,6,4,4,0,0,2,0,10,0,0,4,12,0,18,0,0,2,8,0,0,16,2,0,8,0,0,6,0,2,16,0,6,2,12,0,2,10,2,2,8,16,4,10,0,14,0,0
2,0,8,0,8,0,12,2,0,0,0,0,0,0,0,0,0,8,8,8,12,0,0,8,0,0,8,0,2,0,0,0,0,0,6,2,12,14,2,12,8,0,4,2,8,14,0,0,10,8,0,2,0,2,4,6,0,0,6,0,12,0,0,4,8,0,8,0,0,0,12,0,0,12,6,0,16,0,0,8,0,2,4,0,6,0,12,0,2,14,0,0,12,12,2,6,0,8,0,2
0,0,4,0,2,14,16,0,2,0,0,0,0,0,2,2,2,6,8,8,12,0,0,6,0,0,10,0,0,0,0,0,0,2,6,0,10,10,0,6,16,0,4,6,12,8,0,2,12,6,0,2,0,4,0,0,0,2,2,0,14,0,0,6,6,0,4,0,0,0,12,0,0,14,8,0,6,0,0,4,0,0,8,0,8,0,8,2,2,10,0,0,0,8,4,6,0,4,0,2
0,2,6,0,2,6,4,0,2,0,0,0,0,0,2,2,0,2,6,14,8,0,0,10,0,2,16,0,0,0,0,2,0,2,2,0,4,4,0,2,8,0,16,6,4,8,0,2,4,6,0,0,2,2,4,0,0,0,2,0,8,0,0,6,8,0,12,0,2,0,8,0,0,12,4,0,6,0,2,4,2,0,4,0,4,0,8,0,2,14,0,0,10,10,12,12,2,6,2,0
2,0,8,0,0,2,6,8,0,0,0,2,0,0,0,4,0,2,10,10,0,0,0,8,0,2,8,0,0,0,0,0,0,0,4,0,6,4,0,0,6,0,14,6,4,0,0,8,0,2,0,0,8,0,10,2,0,0,2,0,0,0,0,8,8,0,6,0,0,0,0,0,0,0,20,6,0,2,8,2,4,0,4,0,0,0,4,0,0,0,2,0,2,2,20,8,6,4,0,0
10,0,8,2,0,0,0,26,0,2,2,0,12,0,0,12,4,0,0,10,0,0,0,4,0,0,4,0,0,6,0,0,0,0,0,12,0,2,0,0,2,0,10,2,0,0,0,16,0,0,0,0,10,0,16,0,2,0,0,0,6,12,0,8,4,0,8,2,0,0,0,0,0,2,16,12,0,0,8,0,6,0,6,0,2,2,0,2,2,0,2,0,0,0,14,8,4,2,0,0
8,0,8,2,4,0,0,4,2,0,8,0,16,0,0,8,0,0,0,6,0,0,0,2,0,0,0,0,0,0,0,0,2,0,0,4,2,2,0,0,0,0,0,0,0,0,0,8,2,0,0,0,12,0,18,0,2,0,0,0,0,10,0,0,0,0,2,0,0,0,0,0,0,0,6,14,0,0,12,0,16,0,4,0,0,0,0,4,0,0,8,0,0,0,0,6,20,4,0,0
16,0,0,4,0,0,2,0,0,2,8,0,20,0,0,12,8,0,4,8,0,0,2,0,0,0,0,2,0,4,0,0,0,0,0,8,0,0,0,0,2,0,4,2,2,0,0,14,0,0,0,0,6,0,16,0,16,0,0,0,0,6,0,2,0,0,6,0,0,0,0,2,0,0,8,8,0,0,8,0,14,0,0,0,0,0,2,2,0,0,6,2,0,0,2,0,14,0,0,0
18,0,0,12,0,6,0,0,0,0,4,0,18,0,0,14,6,0,2,4,0,2,0,0,0,0,0,0,0,2,0,0,0,0,0,4,0,2,0,0,0,0,0,0,2,0,0,6,0,0,0,0,6,0,12,0,4,0,0,0,0,6,0,4,2,0,0,0,0,0,0,0,0,0,8,14,0,0,2,0,8,2,0,0,0,0,0,8,0,0,4,0,0,0,6,6,24,2,0,2
10,0,2,4,0,0,0,10,0,2,8,0,12,0,0,14,12,0,0,6,0,0,0,2,0,0,0,0,2,8,0,0,0,0,2,6,0,0,0,0,0,0,0,0,2,0,0,14,0,0,0,0,16,0,20,2,10,0,0,0,0,14,0,0,0,0,2,0,0,0,0,0,0,0,8,10,0,0,8,0,4,0,0,0,0,0,0,6,0,0,8,0,0,0,0,4,14,0,0,2
16,0,8,0,0,0,0,4,0,2,16,0,16,0,0,22,0,2,0,10,0,0,0,0,0,0,2,0,0,2,0,0,0,0,0,6,0,2,0,0,2,0,8,0,0,0,0,14,0,0,0,0,8,0,8,0,14,2,0,0,0,8,0,0,2,0,4,0,0,0,0,0,0,0,4,14,0,0,4,0,8,0,0,0,0,2,0,8,0,0,6,2,0,0,2,2,14,0,0,0
8,0,4,6,0,2,0,12,0,2,4,0,14,0,0,8,4,0,0,8,0,0,0,0,0,0,0,0,0,4,0,0,0,0,4,8,0,2,0,0,4,0,8,0,0,0,0,6,0,0,0,0,12,0,18,0,10,0,0,0,0,8,0,6,0,0,16,0,0,0,0,0,0,2,10,16,0,0,6,0,8,0,4,0,0,0,0,6,0,0,4,0,0,0,10,0,16,0,0,0
4,0,4,0,4,2,2,2,0,0,4,0,4,0,0,16,2,0,2,12,0,0,0,0,0,0,2,0,0,0,0,0,0,0,0,6,0,8,0,2,2,0,8,0,2,0,0,14,0,0,0,2,8,0,16,0,0,0,0,0,6,12,0,4,6,2,6,0,0,0,0,0,0,0,16,4,0,0,14,0,0,0,4,2,0,0,6,2,0,0,4,0,2,0,16,14,4,0,0,2
2,0,16,0,8,8,4,4,0,0,0,0,0,0,0,2,0,6,4,14,4,0,0,12,0,0,8,2,0,2,2,0,0,0,6,0,8,2,0,2,20,0,18,0,6,4,0,4,2,4,0,2,4,0,8,0,0,0,0,2,0,2,0,2,6,0,14,2,0,2,0,0,0,6,4,0,2,0,8,0,0,0,8,0,0,0,12,0,0,2,0,0,0,4,14,12,6,6,0,4
0,0,4,0,6,10,10,0,0,0,0,0,0,0,0,2,0,6,14,12,10,0,0,16,0,2,10,0,2,0,0,0,0,8,2,2,10,8,0,0,8,0,4,4,4,8,2,2,8,6,0,2,0,2,4,4,0,0,2,0,6,0,0,6,12,0,6,2,0,0,2,0,0,0,10,0,0,0,0,2,0,0,4,0,6,2,18,0,0,2,0,2,18,16,14,20,0,8,0,4
0,0,4,0,4,8,12,0,0,0,0,2,2,0,0,2,2,2,4,12,4,0,0,10,0,0,10,0,2,2,0,0,0,2,2,0,10,18,0,2,18,0,6,4,2,8,0,0,14,8,2,4,0,2,4,10,2,0,4,0,6,0,0,0,10,2,12,0,0,0,8,0,0,6,0,0,4,0,0,12,2,0,6,2,12,0,24,0,2,6,0,0,12,14,4,10,0,10,0,2
0,0,10,0,4,4,10,0,0,0,0,0,0,0,2,0,0,14,6,12,4,0,0,4,0,0,14,0,0,0,0,0,0,4,4,0,12,6,0,0,12,0,2,6,10,8,2,0,2,10,0,0,0,2,2,2,0,0,4,2,10,0,2,6,14,0,10,4,0,0,16,0,0,18,2,0,12,4,0,10,2,0,8,0,4,2,8,0,4,6,0,0,4,14,2,10,0,8,0,0
0,0,8,0,2,6,8,0,0,0,0,0,0,0,0,0,2,8,6,6,16,0,0,10,2,0,8,0,0,0,0,0,0,4,4,2,16,12,0,12,8,0,2,4,6,10,2,2,8,2,2,0,0,4,0,6,0,0,6,0,6,0,0,6,16,0,10,0,0,0,14,0,2,6,2,0,6,4,0,0,0,0,6,2,4,0,18,0,0,2,0,2,14,4,6,10,0,12,0,2
0,0,4,0,8,6,6,4,0,0,2,6,0,0,2,0,0,8,2,10,8,0,0,10,0,0,18,0,6,0,0,0,0,0,2,0,6,12,0,10,20,0,6,2,4,4,0,2,8,10,0,8,0,8,6,4,0,0,2,0,10,0,0,10,32,0,8,0,0,0,12,0,0,4,2,0,4,4,2,0,0,0,4,0,8,0,8,2,2,6,0,0,12,4,6,16,2,18,2,0
0,0,0,0,10,14,8,0,4,0,0,0,0,0,8,0,0,6,0,4,4,0,0,2,0,0,8,0,8,0,0,0,0,2,0,0,8,10,0,20,6,0,4,2,10,4,4,0,6,18,2,2,0,2,2,2,2,0,8,0,4,0,0,6,28,0,12,0,0,0,6,2,4,2,0,0,2,0,0,8,0,0,0,4,10,0,8,0,2,4,0,0,0,10,0,20,2,2,0,2
0,0,0,0,10,2,12,0,0,0,0,2,0,0,2,0,0,4,0,0,0,8,4,6,0,0,6,0,8,0,0,0,0,4,2,0,6,16,0,40,6,0,2,0,0,0,8,0,2,10,0,0,0,4,4,0,0,2,4,0,0,0,0,2,32,0,12,6,0,0,4,0,2,4,2,2,2,0,0,0,0,0,0,2,6,2,8,0,8,0,0,0,8,2,0,8,0,4,0,0
2,2,4,0,4,0,6,0,6,0,0,10,2,0,14,0,2,0,0,4,0,8,2,0,0,0,4,0,14,0,8,0,0,0,4,0,0,6,0,22,6,0,0,0,0,0,18,0,2,12,0,0,2,0,2,4,0,0,2,0,0,0,2,0,28,0,0,8,0,0,0,0,8,0,0,0,0,0,0,0,0,0,0,6,2,8,6,0,14,0,2,0,4,2,0,8,0,2,0,0
0,8,2,0,0,0,0,0,18,0,0,8,0,0,12,0,0,0,0,2,0,6,8,0,0,0,2,0,28,0,10,0,0,2,2,2,0,8,0,12,0,0,0,0,0,0,10,0,0,18,0,8,0,2,0,0,0,0,2,0,0,0,6,0,16,0,0,28,0,4,0,4,18,0,0,2,0,0,0,0,0,0,0,8,0,6,2,0,4,2,0,0,2,2,0,4,0,0,0,0
0,12,0,0,0,0,0,0,12,0,0,8,0,4,12,0,0,0,0,0,0,12,4,0,0,0,0,8,22,0,4,0,0,0,0,0,2,4,0,6,0,0,0,0,0,0,10,0,0,8,0,4,2,2,0,0,0,0,0,0,0,2,8,0,6,0,0,32,0,0,0,4,6,0,0,0,0,0,0,0,0,0,0,8,0,16,0,0,12,0,0,0,0,0,0,4,0,0,0,2
0,8,0,0,0,0,0,0,4,0,2,10,0,0,4,0,0,0,0,0,0,10,8,0,0,0,0,4,26,0,4,0,0,0,0,0,0,6,0,6,0,0,2,0,0,0,12,2,0,2,0,0,0,2,2,0,2,0,0,0,0,2,14,0,6,0,0,26,0,0,0,10,18,0,0,0,0,0,0,0,0,0,2,12,0,14,0,0,6,0,0,0,0,2,0,4,0,0,0,0
0,4,0,0,0,0,0,0,18,0,0,8,0,2,8,0,0,0,2,0,0,8,16,0,0,0,2,8,18,0,14,0,0,0,0,2,2,2,0,0,0,0,0,0,2,0,18,0,0,2,0,0,0,0,0,0,0,0,0,0,0,0,12,0,2,0,0,30,0,0,0,18,12,0,0,0,0,0,0,0,0,0,0,4,0,10,0,0,12,0,0,0,2,0,0,0,0,0,0,0
0,12,0,0,0,0,0,0,8,0,0,6,0,0,6,0,0,2,0,0,0,26,16,0,0,0,0,10,18,0,10,0,0,0,0,0,0,6,0,2,0,0,0,0,0,0,6,0,0,2,0,0,0,0,0,0,0,0,0,0,0,0,10,4,0,0,0,22,0,0,0,8,16,0,0,0,0,0,0,0,0,2,0,8,0,12,2,0,8,0,2,0,0,0,0,0,0,0,0,0
0,8,0,0,0,2,0,0,8,0,0,8,0,0,8,0,0,0,0,0,0,22,8,2,0,2,0,4,30,0,10,0,0,0,0,0,0,2,0,2,0,0,0,0,0,0,12,0,0,0,0,0,0,0,2,0,0,0,0,0,0,0,6,0,2,0,0,24,0,0,0,8,6,0,2,0,0,0,0,2,0,0,0,8,0,12,0,0,14,0,0,0,2,0,0,0,0,0,0,0
0,10,0,0,4,0,0,0,14,0,0,12,0,0,6,0,0,0,2,0,0,16,8,0,0,0,2,8,22,0,2,0,0,0,0,2,2,2,0,4,0,0,0,0,0,0,10,0,0,8,0,0,0,0,6,0,0,0,0,0,0,2,22,0,6,0,0,24,0,0,0,16,16,0,0,0,0,0,0,0,0,0,0,8,0,10,0,0,4,0,0,0,0,0,0,2,0,0,0,0
0,4,0,0,8,0,2,0,16,0,0,10,0,0,12,0,0,0,0,0,2,20,6,2,0,0,2,4,16,0,4,0,0,0,0,0,0,2,0,16,2,0,0,0,0,0,18,0,0,2,0,0,2,2,0,2,0,0,0,0,0,0,10,4,12,0,0,16,2,0,0,2,10,0,0,0,0,0,0,0,0,0,0,6,0,6,0,0,10,2,0,0,4,0,0,2,0,0,0,0
0,4,0,0,0,0,6,0,6,0,0,4,0,0,18,0,2,0,4,0,0,6,6,0,0,0,4,0,34,0,4,0,2,2,0,0,4,18,0,8,2,0,0,0,2,0,14,0,0,6,0,4,2,4,2,2,0,0,0,0,0,0,2,2,14,0,4,18,0,0,0,2,6,0,0,0,2,0,0,0,0,0,0,8,0,6,4,0,4,0,0,0,4,2,0,2,0,2,0,0
0,2,2,0,6,0,4,0,4,0,0,6,2,0,14,2,0,0,2,4,0,4,2,0,0,0,4,0,12,2,0,0,0,0,0,2,8,16,0,22,8,0,0,0,0,0,8,0,0,16,0,0,0,0,0,0,0,0,2,2,2,0,2,0,18,0,4,2,0,0,2,0,6,4,4,0,0,0,0,0,0,0,0,0,0,0,2,0,4,2,0,0,4,8,0,14,0,4,0,0
0,0,8,0,8,12,2,0,0,0,0,0,0,0,6,0,0,8,0,2,6,0,0,0,0,0,22,2,8,0,4,0,0,6,2,0,8,18,0,38,8,0,10,2,0,0,2,0,4,12,0,8,0,0,2,0,0,0,12,2,4,0,2,2,26,0,10,6,0,0,8,0,2,6,0,0,2,0,2,2,0,0,2,0,2,2,8,0,4,4,0,0,6,6,2,22,0,4,0,0
2,0,2,0,16,8,8,0,0,0,0,0,0,0,2,2,0,8,4,12,0,0,0,14,0,2,2,0,2,0,2,0,2,6,0,0,14,6,0,18,12,0,4,2,4,6,2,0,12,8,0,12,0,2,2,0,2,0,8,0,2,0,0,0,40,0,16,0,0,2,16,0,0,6,2,0,14,0,0,2,0,0,6,0,12,0,14,0,2,12,0,4,6,20,0,12,0,8,0,2
0,0,8,0,10,12,14,2,0,0,0,0,0,0,0,0,0,12,4,10,4,2,0,10,2,0,12,0,0,0,0,0,0,4,0,0,8,10,0,4,16,0,6,2,8,6,2,0,6,10,0,8,0,0,4,2,0,0,2,0,4,0,0,6,12,0,8,0,0,0,4,0,0,6,4,0,20,0,0,4,0,0,8,0,8,0,4,0,4,10,0,2,6,16,2,12,0,12,0,2
0,2,12,0,10,8,12,2,0,0,0,4,0,0,2,0,0,16,6,10,6,4,0,8,2,0,14,0,0,0,0,2,2,6,2,0,18,12,0,6,18,0,6,4,16,18,0,0,8,4,4,4,0,0,2,0,0,0,6,0,4,0,0,0,12,0,16,0,0,0,12,0,0,8,0,0,6,0,0,2,0,0,2,0,8,0,20,0,0,10,0,0,6,14,6,6,0,12,0,6
0,0,4,0,6,0,6,0,0,0,0,0,0,0,0,0,0,12,12,4,14,0,2,8,0,0,4,0,0,0,0,0,0,6,8,0,8,8,0,6,20,4,4,4,14,14,2,0,14,4,0,4,0,6,4,2,2,0,2,0,6,0,0,10,10,0,6,0,0,0,8,0,0,4,0,0,12,2,0,4,0,0,8,0,8,0,6,0,2,14,0,2,12,12,6,6,0,2,0,4
0,0,4,0,0,10,12,2,0,0,0,0,0,0,0,0,0,16,6,8,6,0,0,8,0,2,8,0,0,0,0,4,0,2,2,0,6,6,0,2,10,0,4,10,12,6,0,0,16,6,4,2,0,2,2,2,0,0,2,0,16,0,0,4,20,0,12,0,0,0,10,2,0,10,2,0,4,0,0,12,0,0,4,0,6,0,22,0,0,12,0,0,10,10,0,10,0,4,0,0
0,0,4,0,6,8,4,0,0,0,0,0,0,0,2,0,2,8,10,2,4,0,0,4,0,0,10,0,0,0,2,2,0,8,0,0,6,14,0,6,22,2,2,10,10,14,0,2,14,6,0,14,0,4,0,4,0,0,8,0,8,0,0,4,8,2,8,0,0,0,6,0,0,10,2,0,4,2,0,4,2,0,6,0,4,0,24,0,2,8,0,0,6,8,2,16,0,16,0,0
2,0,4,0,8,8,12,6,0,0,0,0,0,0,0,0,0,4,8,20,0,0,0,4,0,0,12,0,0,0,0,0,0,2,0,0,6,10,0,2,8,2,6,4,6,10,0,0,6,2,2,6,2,0,4,4,0,0,0,0,10,0,0,14,12,0,6,2,0,0,10,0,0,20,6,0,4,0,2,8,0,0,4,0,4,0,12,0,0,4,0,2,16,12,6,12,2,12,2,2
0,0,2,0,2,2,8,4,0,0,0,2,0,0,0,2,2,4,8,10,4,0,0,4,2,0,10,0,0,0,0,0,0,2,4,0,8,2,0,2,6,0,8,2,4,6,0,10,2,4,0,0,4,0,6,0,0,0,2,0,12,0,2,8,20,0,20,0,2,2,2,0,0,8,12,0,2,0,4,4,0,0,8,0,4,0,4,0,2,2,0,0,2,6,10,16,4,6,0,0
4,0,12,0,4,2,4,0,2,0,2,0,4,0,0,2,0,6,6,8,2,0,0,12,0,0,14,0,0,0,0,0,0,2,0,4,0,4,0,0,6,0,14,0,12,2,0,10,8,4,0,2,4,0,18,2,0,0,0,0,4,0,0,20,8,0,12,0,0,0,0,0,0,2,14,2,0,0,2,0,0,0,10,0,0,0,12,4,4,2,0,0,2,6,20,18,2,2,2,0
4,0,10,4,0,2,8,6,0,2,4,2,8,0,0,4,0,0,6,8,0,4,2,4,0,0,2,0,0,2,0,0,0,0,4,2,0,4,0,0,4,0,22,0,8,0,2,16,2,2,0,2,14,0,14,0,2,0,0,0,2,2,0,6,6,0,6,0,0,0,0,4,0,0,10,6,0,0,12,0,6,0,12,4,0,0,2,4,2,4,2,0,0,0,20,10,20,6,0,0
6,0,4,4,0,0,0,2,0,2,4,0,12,0,0,10,6,0,0,12,0,2,0,2,0,0,2,0,2,2,0,0,0,0,2,16,0,6,0,0,2,0,6,0,0,0,0,18,4,0,0,0,12,0,22,0,2,0,0,0,0,8,0,4,0,0,4,0,0,2,0,0,0,0,12,12,0,0,10,0,6,0,0,0,0,0,0,6,0,0,10,0,2,0,8,10,10,0,0,0
14,2,4,6,2,2,4,4,0,0,6,0,16,0,2,20,8,0,0,8,0,0,0,0,0,0,2,0,0,6,0,0,0,0,4,12,0,2,0,0,2,0,2,2,0,0,0,16,2,0,0,0,6,2,18,0,8,0,0,0,2,10,0,0,0,0,4,0,0,0,0,0,0,0,10,14,0,0,6,0,16,0,8,0,0,0,2,6,0,0,4,0,0,0,4,6,14,2,0,0
18,0,4,6,0,0,0,8,0,0,8,0,14,0,0,18,8,0,0,0,0,2,0,0,2,2,0,0,0,6,0,0,0,0,2,8,0,2,0,0,0,0,2,0,0,0,0,12,2,0,0,0,18,0,24,0,14,0,0,0,0,14,0,0,0,0,6,0,0,0,2,0,0,2,6,0,0,0,0,0,10,0,0,0,0,0,0,8,0,2,2,0,0,0,6,6,14,0,2,0
6,0,0,14,0,0,0,0,0,0,16,2,6,0,2,8,14,2,0,4,0,0,0,0,0,0,2,0,0,16,0,0,0,0,0,8,0,0,0,0,0,0,0,0,0,0,0,10,0,0,2,0,6,2,20,0,8,0,0,0,0,8,0,0,0,0,2,0,0,0,2,0,0,0,0,4,0,0,2,0,8,0,0,0,0,2,0,18,0,0,16,0,2,0,0,0,20,0,0,0
10,0,0,4,0,0,2,8,0,0,6,0,12,0,2,4,22,0,0,2,0,0,0,0,2,0,0,0,0,10,0,0,0,0,0,10,0,0,0,0,0,0,0,0,0,0,0,4,0,2,2,0,6,0,8,0,4,0,0,0,0,10,0,2,0,0,0,4,0,0,0,0,0,0,2,8,0,0,0,0,4,0,0,0,0,0,0,6,0,0,8,0,0,0,0,0,8,0,0,0
10,0,2,22,0,0,0,4,0,0,18,0,2,0,0,4,14,0,0,2,0,2,0,2,0,0,0,0,0,6,0,0,0,0,0,8,0,0,0,0,0,0,4,0,0,0,0,6,0,0,0,0,18,0,18,0,10,0,0,0,0,10,0,0,0,0,0,2,0,0,0,4,0,0,0,0,0,0,0,0,4,0,0,0,0,0,0,4,0,2,12,0,0,0,0,2,4,2,0,0
6,2,4,12,0,2,4,2,0,2,6,0,8,0,0,6,18,0,0,4,0,0,2,2,0,0,0,0,0,12,0,0,0,0,0,10,0,0,0,0,0,0,0,2,0,0,0,8,4,2,0,0,10,0,12,0,6,0,0,0,0,2,0,0,0,2,0,0,0,2,0,0,0,0,2,8,0,0,2,0,6,0,0,0,0,0,0,18,0,0,6,0,0,2,0,0,4,0,0,0
4,0,2,20,0,0,0,0,0,0,10,0,14,2,0,8,12,0,2,2,0,0,0,0,0,0,0,0,2,10,0,0,0,0,0,4,0,2,0,0,0,0,0,0,0,0,0,4,0,0,0,0,16,0,14,0,6,2,0,0,0,10,0,0,0,0,0,0,0,0,0,4,0,0,2,0,0,0,0,0,2,0,0,0,0,0,0,10,0,0,18,0,0,0,0,0,6,0,0,0
12,0,0,18,0,0,0,2,0,0,10,0,10,0,0,10,20,0,0,0,0,0,0,0,2,0,0,0,0,6,0,0,0,0,0,6,2,0,2,0,0,0,4,0,0,0,0,10,2,0,4,0,14,0,14,0,12,0,0,0,0,8,0,0,0,0,0,2,0,0,0,0,2,0,0,2,0,0,4,0,12,0,0,0,0,0,0,8,0,0,2,0,0,0,0,2,8,0,0,0
16,0,4,16,0,0,0,10,0,0,4,0,16,0,0,12,12,0,2,6,0,0,0,0,0,0,0,0,0,8,0,2,0,0,0,10,0,0,0,0,0,0,2,0,0,0,0,14,2,0,0,0,14,0,14,0,20,0,0,0,0,8,0,0,0,0,0,0,0,2,0,0,0,0,4,6,0,0,0,0,8,0,0,2,0,4,0,8,0,0,2,0,0,0,0,0,4,2,2,0
14,0,2,6,0,2,0,6,0,0,10,0,6,0,0,6,6,0,0,4,0,0,0,0,0,0,0,2,2,2,0,0,0,0,0,6,0,2,0,0,0,0,0,0,2,0,0,8,0,0,0,0,12,0,12,0,8,0,0,0,0,8,0,2,0,0,0,2,0,0,0,0,0,0,2,0,0,0,12,0,8,0,2,2,0,0,0,0,0,0,10,0,0,2,0,0,4,0,0,2
18,0,2,6,2,0,0,16,2,0,6,0,8,0,0,10,10,0,0,10,2,0,0,0,0,2,0,0,0,6,0,0,0,0,0,6,0,0,0,2,0,0,2,0,0,0,0,14,0,2,0,0,10,2,24,0,10,0,0,0,0,8,0,2,0,0,2,0,0,0,0,0,0,0,6,10,0,0,8,0,8,0,2,0,0,0,0,6,0,0,12,0,0,0,2,2,16,4,0,0
12,0,12,2,2,0,0,6,0,0,4,0,10,0,0,4,0,2,4,12,0,0,0,0,0,0,0,0,0,4,0,0,0,0,0,8,2,6,0,0,2,0,6,2,6,0,0,14,0,0,0,0,10,0,22,0,2,0,0,0,0,10,0,4,0,0,2,0,0,2,0,0,0,4,10,4,0,0,4,0,4,0,6,0,0,0,4,2,0,0,6,0,0,0,14,8,20,0,0,0
2,0,8,0,0,6,2,10,0,0,2,0,2,0,0,2,0,2,0,14,4,0,0,2,2,0,6,0,2,2,0,0,0,0,2,2,2,10,0,0,2,0,18,4,8,4,0,4,0,0,0,2,6,0,12,0,2,0,0,0,2,2,0,4,14,0,8,0,0,0,0,0,0,10,20,0,0,0,12,0,2,0,10,0,2,0,2,0,0,0,4,0,0,2,24,12,12,2,0,0
0,0,2,0,0,8,4,0,0,0,4,0,2,0,2,8,0,6,6,16,0,0,0,10,0,0,2,0,0,2,0,0,0,0,0,2,8,8,0,2,4,2,14,2,8,8,0,2,12,4,0,2,6,0,12,0,0,2,2,0,4,2,2,8,14,0,10,0,0,0,2,0,2,8,12,2,0,2,2,2,0,0,14,0,0,0,8,0,4,12,0,0,6,4,14,12,6,0,0,0
0,0,10,0,10,8,12,2,0,0,0,2,0,0,0,4,0,12,6,18,12,2,0,4,0,0,4,0,0,0,2,2,0,4,6,2,6,8,0,0,14,0,2,8,14,18,0,0,14,2,0,6,2,4,2,4,0,0,2,0,6,0,0,8,8,0,10,0,0,0,6,0,0,6,6,2,4,4,0,4,0,0,8,0,0,0,6,0,2,0,0,0,8,6,4,8,0,0,0,0
0,0,4,0,12,4,12,0,0,2,2,0,2,0,0,0,0,10,2,6,10,0,0,6,0,0,16,0,0,0,0,0,0,0,0,0,12,6,0,0,4,0,8,6,6,14,0,2,12,6,2,2,2,0,8,4,0,0,0,2,14,0,0,10,8,0,12,0,0,2,20,0,0,6,6,0,10,0,0,6,2,0,14,0,6,0,26,0,0,12,4,0,4,10,4,10,0,4,0,4
0,0,4,0,12,2,6,0,0,0,0,0,0,0,2,2,0,6,4,2,6,0,2,2,2,0,6,0,2,0,0,0,0,6,0,0,8,4,0,4,14,0,10,6,14,18,0,0,10,10,0,14,2,0,0,2,0,0,0,2,10,0,0,10,22,0,14,0,0,0,10,0,0,4,0,0,16,0,0,4,0,2,2,0,6,0,18,0,0,14,0,0,10,24,6,16,2,12,0,0
0,0,0,0,6,4,10,0,0,0,0,0,0,0,0,0,0,8,12,8,16,0,0,8,0,2,10,0,0,0,0,0,0,2,0,0,14,6,0,2,20,0,4,10,14,12,0,0,4,8,0,6,2,2,2,0,0,0,4,0,4,0,0,2,20,0,8,0,0,0,6,0,0,12,2,0,8,0,0,2,0,0,6,0,6,0,18,0,0,6,0,0,12,8,4,8,0,8,0,2
0,0,4,0,6,2,6,0,0,0,0,0,0,0,0,0,0,10,8,12,4,0,0,6,4,0,14,0,0,0,2,0,0,6,2,0,10,6,0,6,8,0,6,10,8,2,0,0,14,8,2,8,0,6,0,0,0,2,0,0,14,0,0,8,18,0,16,0,0,0,4,0,0,8,4,0,8,0,0,0,0,0,4,0,8,0,18,0,0,14,0,0,8,4,2,8,2,8,0,2
2,0,2,0,14,16,8,0,0,0,0,0,0,2,0,0,0,8,4,4,14,2,2,12,0,0,8,0,0,0,0,0,0,6,2,2,8,2,0,2,4,0,2,6,14,8,0,0,14,12,4,12,0,4,4,4,2,0,0,0,6,0,0,2,6,2,6,0,0,0,18,0,2,2,4,0,14,2,2,14,0,0,2,0,14,2,20,0,0,18,0,2,6,6,2,6,0,8,0,6
0,0,0,0,4,2,2,0,0,0,0,0,0,8,0,0,0,10,0,2,8,0,0,4,0,0,8,0,0,0,0,2,0,8,0,0,6,4,2,0,2,2,4,2,2,2,0,0,6,4,10,16,0,10,2,0,0,0,0,0,6,2,0,0,4,0,8,0,0,0,10,0,0,2,0,0,8,4,0,10,0,2,0,0,18,0,12,0,2,14,0,4,20,10,0,4,0,4,0,0
0,0,0,2,0,0,0,0,0,2,0,0,0,0,0,0,0,2,2,0,0,0,0,2,0,0,2,0,0,0,0,0,2,14,0,2,10,2,0,0,0,0,2,0,2,0,0,0,2,0,18,12,0,16,0,0,0,0,0,2,0,0,0,0,2,0,2,0,0,2,0,0,0,2,0,0,0,6,0,8,2,12,0,0,6,0,12,0,0,4,0,4,12,4,0,2,0,4,0,0
0,0,0,0,0,0,0,0,0,6,0,0,0,0,0,2,0,0,2,0,0,0,0,2,2,0,0,0,0,0,0,2,0,4,0,0,0,2,0,0,0,0,0,0,0,2,0,0,0,0,6,6,0,4,0,0,2,2,0,4,4,2,0,0,0,8,0,2,0,8,2,0,0,0,0,0,0,2,0,0,0,10,0,0,0,0,4,0,0,4,0,2,4,2,0,0,0,0,4,0
0,0,0,0,2,0,0,0,0,14,0,0,0,0,0,0,0,0,0,0,0,0,0,0,0,0,0,0,0,0,0,0,0,12,0,0,0,0,0,0,0,0,0,0,2,0,0,0,0,0,2,10,0,0,0,0,0,10,0,8,0,0,0,0,0,6,0,2,0,18,2,0,0,0,0,0,0,0,0,0,0,10,0,0,0,0,0,0,0,0,0,2,4,0,2,0,0,0,12,0
0,0,0,0,0,0,0,0,0,16,0,0,0,0,0,0,0,0,0,0,0,2,0,0,0,0,0,0,0,0,0,0,0,12,0,0,0,0,0,0,0,0,0,0,2,0,0,0,0,0,0,8,0,0,0,0,0,14,0,10,0,2,0,0,0,8,0,0,2,12,0,0,0,0,0,0,0,0,0,0,0,16,0,0,0,0,0,0,0,0,0,0,0,0,0,0,0,2,18,0
0,0,0,0,0,2,0,0,0,8,0,0,0,2,0,0,0,0,4,0,2,0,0,0,0,0,0,0,0,0,0,0,0,8,0,0,0,0,0,0,2,0,0,0,0,0,0,0,0,0,2,4,0,0,2,0,0,8,0,4,0,0,0,0,0,12,0,0,0,14,0,0,0,0,0,0,0,2,0,0,0,8,0,0,2,0,0,0,0,0,0,2,2,0,2,0,0,0,6,0
0,0,0,0,0,0,0,0,0,14,0,0,0,2,0,0,2,0,0,0,0,0,0,0,2,0,0,0,0,0,0,0,0,12,0,0,0,2,0,0,0,0,0,0,0,0,0,0,0,0,4,4,0,0,0,0,0,10,0,4,2,0,0,2,0,12,0,0,2,14,0,0,0,0,0,0,0,0,0,2,0,12,0,0,0,0,0,2,0,0,0,6,2,0,2,0,0,2,8,0
0,0,0,0,0,0,0,0,2,6,0,0,0,2,0,0,0,0,0,0,0,2,0,0,2,0,0,0,0,0,0,0,0,14,0,0,0,0,0,0,0,2,0,0,0,0,0,0,0,2,8,16,0,6,0,0,0,4,0,12,0,0,0,0,2,8,0,0,0,6,0,2,2,0,0,0,0,2,0,2,2,14,0,0,0,0,4,0,0,0,0,0,2,0,0,0,0,0,2,0
0,0,0,0,0,0,0,0,0,10,0,0,0,0,0,0,0,0,0,0,0,0,0,0,0,0,0,0,0,0,0,2,0,16,0,2,6,0,0,0,0,0,0,0,0,0,0,0,0,0,8,20,2,0,0,0,0,0,0,14,0,0,0,0,0,2,0,0,0,6,0,0,0,0,0,0,0,14,2,6,2,4,0,0,6,0,2,0,0,2,0,4,8,2,0,0,0,4,12,0
0,0,0,0,8,6,2,0,0,0,0,0,0,2,0,2,2,0,4,0,4,2,0,2,0,0,2,0,0,0,0,12,0,12,2,0,8,2,0,2,6,0,0,4,4,0,0,0,2,6,22,14,0,18,0,0,0,0,0,4,4,0,0,2,4,2,2,0,0,0,8,0,0,6,0,0,2,2,0,12,0,4,0,0,10,0,8,0,0,16,0,4,14,4,0,0,0,4,2,0
0,0,0,0,8,6,6,0,0,0,0,0,0,2,0,0,0,10,8,0,10,0,0,8,0,0,6,0,0,0,2,10,0,6,6,2,8,0,0,6,10,0,2,2,6,4,0,0,12,0,8,12,0,16,2,6,0,0,0,2,12,0,0,0,10,0,6,0,0,0,14,0,0,6,0,0,8,2,0,10,0,8,2,0,10,0,2,0,2,14,0,6,16,10,0,8,0,6,2,2
0,2,4,0,4,2,6,0,0,0,0,0,0,0,0,0,0,6,0,12,6,0,0,12,2,0,8,0,0,0,0,0,2,8,2,2,10,12,0,2,18,0,2,6,6,10,0,0,8,2,2,2,2,12,2,2,0,0,0,0,2,0,0,2,16,0,14,0,0,0,10,0,0,8,2,0,8,6,0,2,0,0,2,2,18,0,16,0,0,12,0,2,16,14,4,2,0,10,0,0
0,0,4,0,10,2,10,0,0,0,0,0,2,0,0,0,0,18,4,10,8,0,0,2,0,0,16,2,0,0,0,0,2,0,6,0,6,16,0,4,12,0,4,4,6,8,0,0,6,6,0,4,2,0,2,2,0,0,2,0,8,0,0,2,6,0,8,0,0,0,12,0,0,16,0,0,4,0,0,6,0,2,6,0,4,0,22,0,0,12,0,0,2,12,6,4,0,0,0,2
2,0,8,0,14,6,8,0,0,0,0,2,0,2,0,0,0,12,10,8,12,0,0,2,0,2,6,0,0,0,0,0,0,8,6,0,6,14,0,0,14,0,2,4,6,16,0,2,8,4,2,2,0,14,6,2,0,2,2,2,4,0,0,6,14,0,10,0,0,0,14,0,0,10,2,0,14,0,2,4,0,2,6,0,6,0,16,2,0,6,0,4,10,10,4,16,0,16,0,4
0,0,8,0,10,4,2,2,0,0,0,0,2,0,0,2,0,12,10,6,6,0,0,6,0,2,4,0,0,0,0,0,0,4,6,0,16,10,0,4,12,0,0,8,8,10,2,2,12,8,0,6,0,4,10,0,0,0,4,0,8,2,0,10,12,0,10,0,0,0,0,0,0,22,0,0,14,2,0,8,0,0,6,0,6,0,12,0,2,4,2,0,8,12,10,14,4,6,0,0
0,0,12,0,6,4,4,0,0,0,0,0,2,0,0,4,0,2,6,10,4,0,0,10,2,2,16,0,2,0,0,0,0,0,0,0,4,10,4,0,6,0,8,2,8,6,0,2,2,12,0,2,16,2,10,0,0,0,4,0,10,0,0,14,6,0,10,0,0,0,0,0,0,10,14,4,0,0,6,4,0,0,6,0,0,0,4,0,0,4,4,0,6,6,14,26,4,2,0,2
4,0,2,0,0,2,4,14,2,0,0,0,6,0,0,6,0,4,6,16,0,2,0,2,0,0,2,0,0,0,0,0,0,0,4,2,2,4,0,0,2,0,12,6,4,4,0,6,2,4,0,0,14,0,16,0,6,0,0,0,6,4,0,6,6,2,10,0,0,0,0,0,2,2,16,8,2,0,12,0,4,0,12,0,0,0,10,0,0,0,2,0,4,0,6,18,6,6,0,0
10,0,6,0,2,0,4,4,0,0,2,2,10,0,0,10,2,0,2,10,0,0,0,0,0,0,6,0,0,4,0,0,0,0,2,8,0,2,0,0,6,0,16,2,4,0,0,22,0,0,0,0,12,0,10,0,2,0,0,0,0,10,0,6,4,0,6,0,0,0,0,2,0,6,18,4,0,0,6,2,4,0,6,0,0,0,6,2,0,2,2,0,0,2,6,12,14,0,0,0
16,0,6,2,6,2,8,12,2,0,2,0,10,0,0,14,6,0,2,14,0,0,0,4,0,2,0,0,0,2,0,0,0,0,0,12,6,4,0,0,2,0,4,0,2,0,0,14,0,0,0,2,14,0,14,0,2,0,0,0,0,14,0,0,6,0,6,2,0,0,0,0,0,2,2,6,0,0,8,4,10,0,0,2,0,0,4,4,0,0,6,0,0,0,4,0,8,4,0,0
12,0,4,12,0,0,0,12,0,0,2,0,8,0,0,12,8,0,4,14,0,0,2,0,0,0,0,0,2,4,0,0,0,2,0,10,0,4,0,0,0,0,0,0,0,0,0,16,2,0,0,0,20,0,10,0,2,0,0,0,4,12,0,0,0,0,2,0,0,0,0,0,0,0,8,4,0,0,8,0,8,0,2,2,0,0,0,4,0,0,12,0,0,0,4,8,24,0,0,0
2,0,12,8,0,0,2,6,0,0,14,0,22,0,0,10,6,0,2,14,0,0,0,2,0,0,4,0,0,4,0,0,2,0,0,10,0,0,0,0,0,0,8,0,0,0,0,8,0,2,0,0,6,0,12,0,2,0,0,0,2,4,0,2,0,2,4,0,0,0,0,2,0,0,16,10,0,0,6,2,10,2,10,0,0,0,2,0,0,0,8,0,0,2,0,6,10,0,0,0
16,0,2,8,0,2,2,12,0,0,2,0,16,0,0,10,10,0,0,18,0,0,0,0,0,0,2,0,0,4,0,0,0,0,4,4,0,2,0,0,2,0,4,0,4,0,0,18,0,0,0,0,10,0,18,0,4,4,0,0,2,14,0,8,0,0,2,0,0,2,0,0,2,2,10,14,0,0,6,0,10,0,0,2,0,0,0,10,0,2,8,4,0,2,2,6,14,0,0,0
12,0,4,0,2,2,2,8,2,0,2,0,8,0,0,4,6,0,0,14,2,0,0,0,0,0,0,0,0,4,0,0,0,0,0,6,0,2,0,2,8,0,14,0,0,0,0,6,0,2,0,0,20,2,16,0,6,4,0,0,2,6,0,0,2,0,6,0,0,0,0,0,0,6,14,12,0,0,10,0,4,0,8,0,0,0,0,8,2,2,6,0,0,6,6,8,24,2,2,0
6,0,12,0,6,6,2,12,0,0,8,0,8,0,0,6,0,0,2,10,0,0,0,2,0,0,6,0,0,2,0,0,0,0,0,10,4,0,0,0,0,0,6,0,2,0,0,8,2,4,0,0,8,0,20,0,2,0,2,0,2,0,2,0,8,2,2,0,2,0,2,0,0,2,14,4,0,0,16,0,4,0,10,0,2,0,0,0,0,0,10,0,0,2,10,18,8,4,0,0
2,0,6,0,0,8,10,2,0,0,0,0,2,0,0,2,0,6,2,22,2,0,0,6,2,0,4,0,0,0,0,2,0,2,2,0,4,2,0,0,14,0,12,4,2,2,0,2,8,8,0,0,8,2,4,2,0,0,0,0,4,0,0,10,10,0,8,0,0,0,0,0,0,4,6,2,0,0,8,4,0,2,10,0,0,0,8,0,0,2,0,0,0,6,10,10,14,4,2,0
0,0,4,0,16,4,10,0,0,0,0,0,0,0,0,4,0,4,8,14,10,2,0,8,0,0,8,0,0,2,0,0,0,0,4,0,14,10,0,4,4,0,8,2,4,14,0,4,14,4,0,2,0,0,4,0,0,0,2,0,6,0,0,10,4,0,14,0,0,0,6,0,0,8,6,0,0,0,2,2,0,0,8,0,2,0,18,0,0,10,0,0,12,12,12,16,0,10,0,2
0,0,12,0,8,4,14,2,0,0,0,2,2,0,2,4,0,14,2,12,6,0,0,8,0,0,8,0,2,0,0,0,0,6,2,2,16,2,0,10,16,0,4,4,2,10,0,0,6,16,2,2,2,2,0,0,0,0,4,2,6,0,0,4,20,0,12,0,0,0,10,2,0,4,0,0,0,0,2,6,0,0,4,0,6,0,14,0,4,14,2,2,16,4,0,20,2,6,0,0
0,0,6,0,2,6,10,2,2,0,2,2,0,2,2,0,2,6,6,4,10,0,0,10,0,0,12,0,0,0,0,0,0,0,0,0,6,8,0,6,12,0,4,4,8,14,0,0,14,0,0,2,2,4,6,2,0,0,2,0,2,0,0,8,22,0,6,0,0,0,8,0,0,4,4,0,12,0,0,8,0,0,8,0,14,0,10,0,0,12,0,2,8,8,0,10,2,16,0,4
0,0,8,0,6,8,12,0,0,0,0,0,0,0,0,0,2,14,14,6,8,0,0,4,0,0,8,0,2,0,0,0,0,2,4,2,6,10,2,2,6,2,6,6,0,6,0,0,8,8,2,8,0,2,0,6,0,0,2,0,12,0,0,6,12,0,12,0,0,0,10,0,0,4,2,0,10,0,0,2,0,0,6,0,6,2,18,0,2,6,0,2,10,14,4,4,0,12,0,0
0,0,6,0,0,4,12,0,0,2,0,0,0,0,0,0,0,10,6,14,6,0,0,4,0,0,14,0,0,0,0,0,0,4,4,4,12,6,2,8,16,2,6,8,4,16,0,0,10,8,2,6,2,4,0,0,0,0,0,0,12,0,0,10,12,2,10,0,0,2,10,2,0,12,0,0,6,0,0,0,0,0,0,0,2,0,2,0,4,22,0,2,6,12,4,6,0,6,0,0
0,0,4,0,6,8,10,0,0,0,0,0,0,0,2,0,0,12,6,4,10,0,0,0,0,2,8,0,0,0,0,2,2,2,2,0,6,4,0,0,4,0,2,6,6,14,0,0,6,10,0,4,2,4,2,2,0,0,0,0,6,0,0,2,16,0,10,0,2,0,16,0,0,8,2,0,6,4,0,4,0,2,4,2,6,0,20,2,2,10,0,4,10,16,2,8,0,12,0,2
0,0,4,0,4,6,6,0,0,0,0,0,0,2,0,0,0,8,10,4,8,0,0,4,0,0,0,0,0,0,0,0,0,4,6,0,12,6,0,2,10,6,2,4,6,10,0,0,6,8,0,12,4,10,0,2,0,2,2,0,10,0,0,4,12,0,6,0,0,0,6,2,0,12,0,0,26,4,0,8,0,0,4,0,18,0,20,0,0,6,0,0,20,8,2,4,0,8,2,2
0,0,4,0,4,6,2,0,0,0,2,2,0,6,0,0,0,8,8,2,4,0,0,2,0,0,10,0,0,0,0,4,0,6,8,0,6,6,0,0,6,0,0,0,4,6,0,0,8,4,24,8,0,12,0,0,0,2,0,0,4,0,0,0,8,0,10,0,0,0,10,0,0,6,0,0,10,10,0,8,0,2,0,0,24,0,8,0,0,16,0,8,12,8,0,2,0,6,0,0
0,0,0,0,2,2,0,0,0,0,0,0,0,6,0,0,0,6,4,2,0,0,0,0,0,0,0,0,0,0,0,10,0,10,2,0,8,6,0,0,4,0,0,2,2,4,0,0,6,2,20,6,0,14,0,0,0,0,0,2,4,0,0,2,2,0,4,0,0,2,12,0,0,10,0,0,4,14,0,8,0,4,2,0,4,0,8,0,0,14,0,12,18,2,0,2,0,8,2,0
0,0,0,0,2,4,0,0,0,2,0,0,0,8,0,0,0,4,0,0,2,0,0,0,2,0,0,0,0,0,0,10,0,18,0,0,2,0,2,0,0,0,0,2,2,0,0,0,2,4,12,18,0,14,0,2,0,0,2,0,10,2,0,4,2,4,0,0,0,2,2,2,0,6,0,0,6,14,2,4,2,8,0,0,18,0,10,0,0,8,0,6,4,2,0,0,0,2,4,0
0,0,2,0,2,2,0,0,2,2,0,0,0,6,0,0,0,0,0,0,2,2,0,2,0,0,0,0,0,0,0,8,2,10,2,0,4,2,0,0,0,0,2,0,0,0,0,0,0,2,12,18,0,6,0,2,0,4,0,2,2,0,0,2,2,4,0,0,0,4,2,0,0,0,0,0,0,10,0,4,0,14,0,0,2,0,2,0,2,2,0,12,2,0,0,0,0,0,4,0
0,0,0,0,0,0,2,0,0,14,0,2,0,2,0,0,0,0,0,0,0,0,0,0,0,0,0,0,0,0,0,0,0,16,0,0,0,0,0,0,2,0,0,0,0,0,0,0,0,0,2,8,0,4,0,4,0,6,0,10,2,0,0,0,0,16,0,0,0,8,0,0,0,2,0,0,0,6,0,2,2,22,0,0,4,0,2,0,0,2,0,0,4,0,0,0,0,2,6,0
0,0,0,0,2,0,0,0,2,8,0,0,2,2,0,0,0,0,0,0,0,0,0,0,0,0,0,0,0,0,0,0,0,10,0,0,0,0,0,0,0,0,0,2,0,0,0,0,0,2,2,10,0,0,0,0,0,10,2,8,0,0,0,0,0,6,0,0,0,20,0,0,0,0,0,0,0,0,0,0,0,2,0,0,2,0,4,0,2,0,0,0,0,0,0,0,0,0,8,0
0,0,0,0,0,0,0,0,0,6,0,0,0,0,0,0,0,0,0,0,0,2,0,0,0,0,0,0,0,0,0,0,0,10,0,0,0,0,0,0,0,0,0,0,0,0,0,0,0,0,0,2,0,0,0,4,0,8,0,6,2,0,0,0,0,22,0,0,0,18,0,0,0,0,0,0,0,0,0,4,0,2,0,2,2,0,0,0,0,0,0,0,0,0,0,0,0,0,8,0
0,0,0,0,0,0,0,0,0,14,0,0,0,0,0,0,0,0,0,0,0,0,0,0,0,0,0,2,4,0,0,0,0,8,0,0,2,0,0,0,0,0,0,0,0,0,0,0,4,0,2,2,0,0,0,0,0,10,0,4,0,0,0,0,0,10,0,0,0,24,0,0,0,0,0,0,0,0,0,2,0,12,0,0,0,0,0,0,0,2,0,0,4,0,0,0,0,0,14,0
0,0,0,2,0,2,0,0,0,14,0,0,0,0,0,0,0,0,0,0,0,2,0,0,2,0,0,0,0,0,0,0,0,6,0,2,2,0,0,0,0,0,0,0,0,0,0,0,2,2,0,4,0,0,0,0,4,12,0,8,0,0,0,0,0,18,0,0,0,22,0,0,0,0,0,0,0,2,0,0,0,6,0,0,0,0,0,0,0,2,0,0,0,0,0,0,0,0,10,0
0,0,0,0,0,0,0,0,0,16,0,0,0,0,0,0,0,0,0,0,0,0,0,0,0,0,0,2,0,0,0,2,0,0,0,0,0,0,2,2,0,0,2,0,2,0,0,0,0,0,2,6,0,2,0,0,0,16,0,2,0,0,0,0,0,4,2,0,0,18,0,2,0,0,0,0,0,0,2,0,0,6,2,0,2,0,2,0,0,0,0,2,0,0,2,0,0,0,2,0
0,2,0,0,0,0,0,0,0,16,0,0,0,0,0,0,0,0,0,0,0,0,0,0,0,0,0,0,0,0,0,0,0,6,0,0,0,0,0,2,0,0,0,0,0,2,0,0,0,0,0,0,0,0,0,0,0,8,0,6,0,0,0,0,0,12,0,0,0,12,0,0,2,0,2,0,0,2,0,0,0,6,0,2,0,0,4,0,0,2,0,0,0,0,0,0,0,0,18,0
0,0,0,0,0,0,0,0,0,14,0,0,0,2,0,0,0,0,2,0,0,2,0,0,0,0,0,0,0,0,0,0,2,8,0,0,0,0,2,0,0,0,0,0,0,0,0,0,2,0,0,2,4,0,0,0,0,12,0,8,0,0,0,0,0,10,0,0,0,14,0,0,0,0,0,0,0,0,0,2,0,8,0,2,0,0,0,2,0,0,0,2,0,0,0,0,0,0,12,0
0,2,2,0,0,0,0,0,0,10,2,0,0,0,0,0,0,0,2,0,0,0,0,0,0,0,0,0,0,0,0,0,0,2,0,0,0,0,0,0,0,0,0,0,2,0,0,0,0,0,0,0,0,0,2,0,0,10,0,4,2,0,0,0,0,18,0,2,0,16,0,0,0,0,0,0,0,0,2,0,0,8,0,0,0,0,0,0,0,0,0,2,2,2,0,0,0,0,16,0
2,0,2,0,2,0,0,0,2,16,0,0,0,0,0,0,0,0,0,4,0,2,0,0,0,0,0,0,0,0,0,2,0,4,0,0,0,0,0,0,0,0,0,0,0,0,0,0,0,2,2,2,2,0,0,0,0,12,0,12,0,0,0,0,0,8,0,0,0,6,0,0,0,0,0,0,0,2,0,0,0,4,0,0,0,0,0,0,0,0,0,0,0,0,0,0,0,0,4,0
0,0,0,0,2,0,0,0,0,10,0,0,0,0,0,0,0,0,2,0,0,0,0,0,0,0,0,0,0,0,0,0,0,4,0,0,0,0,0,0,0,0,0,0,0,0,0,0,2,0,6,4,0,0,0,0,0,12,0,8,2,0,0,0,0,4,0,0,2,10,0,0,0,2,0,0,0,4,0,0,0,12,0,0,2,0,0,0,0,0,0,2,4,0,0,2,0,0,10,0
0,0,0,0,0,0,0,0,2,18,0,0,0,0,0,0,0,0,0,0,0,0,0,0,0,0,0,0,0,0,0,8,0,8,0,0,2,2,0,0,0,0,0,0,2,0,0,0,0,0,2,8,0,0,0,0,2,4,0,8,4,0,0,0,0,6,0,0,0,8,0,0,0,2,0,0,0,2,0,2,0,8,0,0,0,0,2,0,0,2,0,2,4,0,0,0,0,0,4,0
0,0,0,0,4,2,0,0,2,4,0,0,0,6,0,0,0,0,2,0,0,0,0,0,0,0,0,0,0,0,0,12,0,12,2,2,6,0,0,0,0,0,0,0,0,0,0,0,2,2,8,16,0,4,0,0,0,2,0,6,2,0,0,0,0,6,0,0,0,6,2,2,0,0,0,0,2,10,0,4,0,8,0,0,0,0,2,0,0,4,0,2,10,2,0,0,0,0,4,0
0,0,0,0,4,0,2,0,0,2,0,0,0,0,0,0,0,2,0,0,0,0,0,0,2,0,0,0,0,0,0,6,0,18,0,0,6,2,0,0,4,2,0,2,2,0,0,0,0,8,20,8,0,12,0,4,0,0,0,4,4,0,0,0,4,4,6,0,0,4,0,0,2,2,0,0,2,6,0,4,0,8,0,0,6,0,8,2,2,8,0,8,10,2,0,0,0,6,0,0
0,0,0,0,2,8,4,0,0,2,0,0,0,2,2,0,0,4,8,2,2,0,0,0,0,0,2,0,0,0,0,6,2,10,2,0,12,2,0,2,4,0,0,4,2,0,0,0,4,8,12,18,0,28,0,2,0,2,0,2,6,0,0,2,6,4,8,0,0,0,12,2,0,0,0,0,14,18,0,8,0,2,0,0,4,0,12,0,0,6,0,12,12,8,0,0,0,8,0,2
0,0,4,0,2,2,0,0,0,0,0,2,0,2,0,0,0,8,2,0,12,0,0,8,2,0,6,0,0,0,0,2,0,6,2,0,6,4,0,4,6,0,0,2,2,10,0,0,10,8,6,18,0,12,0,2,2,0,0,0,16,0,0,0,8,0,8,0,0,0,24,0,0,4,0,0,12,0,0,6,0,8,2,0,16,2,18,0,0,14,0,4,20,24,0,6,0,8,2,2
0,0,4,0,10,12,4,0,0,0,0,0,0,2,0,0,2,14,8,18,4,0,0,6,0,0,10,0,0,0,0,2,0,0,2,0,20,4,0,2,20,0,0,6,12,2,0,0,4,6,4,6,2,12,2,0,0,2,2,0,8,0,0,0,14,0,8,2,0,0,18,0,0,8,0,0,14,4,0,4,0,0,2,0,12,0,12,0,2,18,0,2,12,2,0,2,0,6,2,0
0,0,2,0,14,4,4,0,0,0,0,0,0,0,0,0,0,8,10,4,8,0,2,6,4,0,8,0,0,0,2,2,0,2,4,0,4,2,0,10,18,0,12,4,2,14,2,0,12,4,0,4,0,4,0,4,0,0,4,0,2,0,0,10,12,0,8,0,0,0,18,0,0,2,2,0,16,0,0,6,0,0,8,2,8,0,16,0,0,14,0,4,14,10,2,10,4,12,0,0
0,0,4,0,8,8,8,0,0,0,0,0,0,0,2,0,0,10,8,8,4,0,0,4,0,0,8,0,0,0,0,2,0,4,4,0,14,6,0,4,14,2,6,0,2,16,0,0,6,10,6,8,0,10,0,0,0,0,2,0,0,0,0,0,18,0,26,0,0,0,4,0,0,12,0,0,6,4,0,8,0,0,6,0,10,0,18,0,4,16,0,0,12,10,2,10,0,6,0,0
0,0,2,0,2,2,8,2,0,0,0,0,0,0,0,2,0,18,10,6,8,0,0,8,0,4,18,0,0,0,0,0,0,2,2,0,8,6,0,0,22,0,6,4,10,14,0,0,12,10,4,6,2,4,2,4,0,4,2,0,10,0,0,10,2,0,14,0,0,0,4,0,0,0,2,0,14,4,0,4,0,0,4,2,8,0,8,0,0,8,2,0,12,14,4,16,2,4,0,2
0,0,2,0,6,12,6,0,0,0,0,0,0,0,0,4,0,6,4,6,10,0,0,10,0,0,6,0,0,0,0,0,0,0,2,0,14,18,0,4,12,0,8,4,4,20,0,0,10,8,0,2,2,6,4,2,0,0,2,0,10,0,0,8,4,0,10,0,2,2,8,0,0,12,2,0,6,0,0,6,0,0,4,0,8,0,14,0,0,24,0,2,14,12,2,8,2,8,0,0
0,0,6,0,6,6,10,0,0,0,0,0,0,0,0,2,0,0,4,12,8,0,0,12,0,2,10,0,0,0,0,0,0,0,2,0,8,8,0,6,14,0,0,4,8,12,0,0,4,6,0,0,2,2,0,0,2,0,6,0,4,0,0,0,10,0,16,0,0,0,8,2,2,2,2,0,16,2,2,8,0,0,2,0,4,2,12,0,0,14,0,2,4,10,2,8,0,14,0,0
0,0,0,0,14,6,10,0,0,0,0,0,0,0,2,0,2,16,0,6,16,0,0,8,0,0,14,0,2,0,0,0,0,2,2,0,6,4,0,8,14,0,0,4,4,18,0,0,18,6,0,0,0,8,2,0,0,0,8,0,2,0,0,4,16,0,2,0,0,0,16,0,0,4,0,0,6,0,0,8,0,0,4,0,6,2,10,0,4,6,0,2,14,18,0,18,2,10,2,0
0,0,8,0,12,2,4,0,2,2,0,6,0,0,6,0,0,2,8,6,4,0,0,2,0,0,12,0,12,0,2,0,0,2,4,2,8,14,0,40,12,0,0,0,4,0,6,0,6,16,0,8,0,2,2,0,0,0,8,4,2,0,0,4,20,0,12,2,0,0,12,2,4,6,2,0,2,0,0,0,2,0,0,0,2,0,6,0,2,4,0,0,6,10,0,20,0,6,0,0
0,4,4,0,6,0,2,0,18,0,0,4,0,0,14,0,0,0,0,0,0,6,2,0,0,0,4,0,24,0,10,0,0,0,0,0,2,4,0,28,6,0,0,0,0,0,26,0,2,4,0,6,0,0,2,0,0,0,10,0,0,0,0,0,14,0,4,10,0,0,0,0,10,0,0,0,0,2,0,0,0,0,0,4,2,2,2,0,12,2,0,0,4,10,0,8,0,6,0,0
0,6,0,0,6,2,2,2,10,0,0,8,0,0,6,2,2,0,0,0,0,22,4,0,0,0,4,4,28,2,8,0,0,0,0,2,2,2,0,10,4,0,0,0,0,0,20,0,0,2,0,0,0,4,0,0,0,0,2,0,0,0,8,2,16,0,0,24,0,0,0,8,14,0,0,2,0,0,0,0,0,0,0,2,0,16,0,0,10,0,2,0,0,2,0,0,0,0,0,0
0,6,0,0,4,4,2,0,14,0,0,6,0,0,20,0,0,2,2,0,0,12,8,0,0,0,0,2,24,0,10,0,0,0,2,0,4,2,0,8,0,0,0,2,2,0,14,0,2,4,0,0,0,0,0,0,0,0,0,0,0,0,4,0,12,0,0,18,0,0,0,14,12,0,0,0,2,2,0,0,0,0,0,10,2,16,0,0,12,0,0,2,0,0,2,0,0,0,0,0
0,6,0,0,0,2,0,0,20,0,0,16,0,2,6,0,0,0,0,0,0,14,12,2,0,0,2,10,18,0,6,0,0,0,0,0,2,0,0,4,0,0,0,0,0,0,24,0,2,2,0,0,2,0,2,2,0,0,0,0,0,0,6,0,18,0,2,38,0,0,0,10,22,0,0,0,0,0,0,2,0,0,0,12,0,20,0,0,8,0,0,0,0,0,0,2,0,0,0,0
0,6,0,0,0,0,0,0,16,0,0,6,0,0,8,0,0,0,2,0,0,12,16,0,0,0,2,8,30,0,8,0,0,0,0,0,0,0,0,4,0,0,0,0,0,0,8,0,0,8,0,0,0,0,0,0,0,0,0,0,0,0,16,0,12,0,0,40,0,0,0,6,14,0,0,0,0,0,0,0,0,0,0,10,0,8,0,2,10,0,0,0,4,0,2,2,0,0,0,0
0,6,0,0,0,0,6,0,10,0,0,8,0,0,4,0,0,0,0,2,0,12,8,0,0,2,2,4,20,2,4,2,0,0,0,0,0,4,0,14,0,0,2,0,0,0,22,0,2,4,0,0,0,0,2,0,2,0,0,0,0,0,12,0,12,0,4,22,0,0,0,14,12,2,0,0,0,0,0,0,2,0,2,6,0,8,0,0,12,2,0,0,2,0,0,4,0,0,0,0
0,2,4,0,4,0,6,0,8,0,0,4,0,0,18,0,0,0,0,6,0,8,0,0,0,0,8,0,16,0,6,0,0,4,2,0,12,8,0,22,2,0,0,0,0,0,12,0,2,8,0,2,2,0,0,2,0,0,2,2,0,0,0,0,40,0,0,8,0,0,4,2,4,0,2,0,0,0,0,0,0,0,0,6,0,6,0,0,6,0,0,0,2,6,0,12,0,0,0,0
0,0,8,4,10,4,6,0,0,0,0,0,0,0,0,0,0,10,2,4,0,0,0,4,0,2,12,0,8,0,2,0,0,2,2,2,8,14,0,36,8,0,4,0,4,0,6,0,0,14,0,4,0,0,0,0,0,0,14,2,0,0,0,6,46,0,10,0,0,2,2,0,0,4,2,0,4,0,0,0,0,0,2,2,0,0,4,2,2,6,0,2,12,10,0,18,4,4,0,0
0,0,0,0,22,8,8,0,2,0,0,0,0,0,2,2,0,12,4,6,20,0,0,2,0,0,16,0,0,0,2,0,0,2,2,2,18,22,0,2,10,0,6,2,4,6,0,0,12,4,0,4,0,4,2,0,0,0,6,0,10,0,0,10,18,0,10,0,0,0,14,0,0,6,4,0,4,0,0,8,0,0,10,0,0,0,22,0,0,16,0,0,8,20,2,12,0,6,0,0
0,0,0,0,6,4,12,0,0,0,0,0,0,0,0,0,0,16,12,6,20,0,0,6,0,0,16,0,0,0,0,0,0,2,4,0,12,4,0,6,14,0,4,2,6,12,0,0,14,12,4,10,0,4,0,4,0,0,0,0,14,2,0,2,16,0,2,0,0,0,12,0,0,6,2,0,8,0,0,8,2,0,0,0,8,0,12,2,0,16,0,4,4,14,0,8,4,8,0,2
0,0,4,0,4,2,10,0,0,0,0,0,0,0,6,0,0,8,4,10,20,2,2,2,0,0,14,0,0,0,0,0,0,0,8,0,14,8,2,4,14,2,4,6,6,18,0,0,12,6,0,2,0,0,2,2,0,0,0,0,8,0,0,2,22,2,6,0,0,0,6,0,0,2,6,0,4,0,0,2,0,0,8,2,12,0,12,2,0,14,0,2,12,20,2,14,0,4,0,0
0,0,2,0,4,0,6,0,0,0,0,2,0,0,0,2,0,10,4,12,16,0,0,8,0,2,14,0,0,0,0,0,0,4,4,0,6,10,0,2,4,0,6,8,6,8,0,0,6,6,4,2,0,10,0,2,0,0,4,0,4,2,0,8,18,0,10,0,0,0,2,0,0,10,4,0,22,2,0,4,0,0,6,0,2,0,12,0,0,10,0,0,8,10,0,12,0,8,0,0
0,2,4,0,12,6,6,4,0,0,0,0,0,0,0,0,0,12,4,6,6,0,0,6,0,0,16,0,0,0,0,0,0,0,2,0,10,12,0,6,14,0,8,2,12,10,0,0,4,4,0,10,8,2,10,2,0,0,8,0,6,0,0,12,8,0,18,0,2,0,4,0,0,4,4,0,4,0,4,0,0,0,4,0,6,0,0,0,2,6,0,0,2,12,8,20,2,6,2,2
2,0,10,0,10,8,2,4,6,0,2,2,2,0,0,0,0,0,8,22,0,0,0,6,4,0,4,0,2,2,0,0,2,0,2,0,4,4,0,2,6,0,22,2,6,0,0,8,6,2,0,2,4,0,10,0,0,0,2,0,2,2,0,8,12,0,12,2,0,0,2,0,0,8,14,2,0,0,6,2,2,2,10,0,2,0,4,0,0,0,0,0,0,0,24,12,6,6,0,0
6,0,10,0,0,0,0,20,0,0,4,0,12,0,2,12,0,2,0,18,0,0,0,6,2,2,2,0,0,4,0,2,0,0,0,0,0,6,0,0,6,0,8,2,0,0,0,12,0,0,0,0,8,0,10,0,6,0,0,0,2,4,0,0,2,0,2,0,0,0,0,0,0,0,14,12,2,0,10,2,6,0,8,0,0,0,4,6,0,0,8,0,0,0,10,10,18,4,0,0
6,0,8,2,2,2,4,12,0,2,4,0,10,0,0,2,0,0,0,10,0,0,0,2,0,0,2,0,0,8,0,0,0,0,0,16,0,4,0,0,4,0,8,0,4,0,0,12,0,4,0,0,26,0,16,0,6,2,0,0,4,20,0,0,2,0,2,0,0,0,0,0,0,0,10,10,0,0,20,0,8,0,4,0,0,0,0,4,2,2,12,0,0,0,6,14,16,0,0,0
16,0,16,4,0,0,0,8,0,0,2,0,14,0,0,10,2,0,8,10,0,0,2,0,0,0,0,0,0,2,2,2,0,0,0,18,0,4,0,0,2,0,4,2,2,0,0,16,0,0,0,0,10,0,12,0,2,0,0,0,0,10,0,0,0,0,4,0,0,0,0,0,0,0,10,6,0,0,14,0,8,0,8,0,0,0,0,4,4,0,2,0,2,2,2,2,24,0,2,0
12,0,4,2,0,2,4,12,0,0,4,0,4,0,0,12,2,2,2,6,0,0,0,4,0,0,4,0,0,4,0,0,0,0,0,2,2,0,0,0,6,0,12,0,4,0,0,12,0,0,0,0,14,0,22,2,8,0,0,0,4,10,0,2,0,0,4,0,0,0,2,0,0,6,12,4,0,0,6,0,2,0,14,0,0,0,2,0,0,4,8,0,0,0,12,16,16,6,0,0
4,0,10,0,2,0,12,4,0,0,0,2,6,0,0,10,0,2,10,18,2,2,0,8,2,0,6,0,0,0,0,0,2,0,8,2,2,4,0,0,10,0,18,4,12,2,0,10,4,2,0,2,6,0,6,2,2,0,0,0,8,0,0,6,2,0,18,0,0,0,0,0,2,2,12,4,0,2,6,2,0,0,12,0,2,0,8,0,0,2,0,0,2,2,14,26,6,6,0,2
0,0,4,0,16,8,8,6,0,0,0,0,4,0,0,2,0,8,2,8,2,0,0,10,0,0,14,0,0,2,0,0,0,2,8,0,4,8,0,4,16,0,2,6,4,12,0,0,2,6,0,8,2,2,0,4,2,0,4,0,8,0,2,6,12,0,8,0,0,2,10,0,0,10,4,0,8,0,2,8,0,0,8,0,6,0,14,0,0,2,0,0,8,12,14,18,0,4,0,2
0,0,6,2,6,6,6,0,0,0,0,0,0,0,0,2,0,12,6,14,2,0,0,6,0,0,12,0,0,0,0,0,0,0,2,0,12,8,0,2,10,0,6,4,12,14,0,0,4,0,2,6,0,0,0,2,2,0,10,0,16,0,0,10,12,0,14,2,2,0,6,0,2,10,2,0,14,0,4,4,0,0,6,0,4,0,10,2,0,12,0,0,14,6,8,12,0,12,0,0
0,0,6,0,6,4,10,0,2,4,0,0,0,0,2,0,0,14,4,12,10,0,0,20,0,0,10,0,2,0,0,0,0,0,0,0,14,10,0,8,6,4,4,6,8,4,2,0,16,6,2,2,2,0,2,4,0,0,6,2,6,2,0,0,12,0,4,0,0,0,14,0,0,12,2,0,14,0,0,6,0,0,8,0,2,0,14,0,0,8,0,2,8,10,6,14,2,10,0,0
0,0,0,0,12,10,6,0,0,0,0,2,0,0,0,2,0,8,4,8,10,2,0,8,0,0,8,0,0,0,0,0,0,6,2,0,12,12,0,6,20,0,6,2,14,12,0,2,8,2,0,4,0,6,0,4,0,0,6,0,10,0,0,8,6,0,6,0,0,0,28,0,2,10,4,0,12,0,0,10,0,0,8,0,4,0,4,0,2,8,0,2,4,12,6,10,0,10,0,2
0,0,6,0,10,8,6,0,2,0,0,0,0,0,2,0,0,6,10,6,8,0,0,12,0,0,10,0,0,0,2,0,0,0,2,0,18,18,0,4,18,4,8,8,6,8,4,0,14,4,0,4,0,0,0,0,0,0,8,0,10,0,0,2,16,0,12,0,0,0,14,2,0,6,0,0,22,2,2,8,0,0,12,0,6,0,18,0,0,8,0,0,14,4,0,12,2,8,0,0
2,0,10,0,10,6,14,2,0,0,0,4,0,2,0,0,0,4,6,14,16,0,0,10,0,0,10,0,2,0,0,2,0,0,0,0,2,6,0,0,2,0,8,4,6,6,0,0,8,12,0,4,0,0,6,2,0,0,2,0,10,0,0,4,16,0,8,0,0,0,4,0,0,8,0,0,4,0,0,8,0,0,12,0,2,2,8,0,0,2,0,0,2,12,10,20,4,6,0,0
6,0,22,0,0,4,10,8,2,2,4,0,2,0,0,2,4,2,2,18,2,0,0,4,0,0,2,0,0,0,0,2,0,2,0,4,4,6,0,2,2,0,14,2,4,0,0,6,6,2,0,2,8,0,8,0,0,0,2,0,4,0,0,6,6,0,18,0,0,0,0,0,0,6,8,2,0,0,8,0,0,0,14,0,0,0,10,4,0,2,0,2,4,2,10,8,14,2,0,0
4,0,0,4,2,2,2,4,0,0,2,0,14,0,0,6,2,0,8,10,0,0,0,2,0,0,0,2,0,6,0,0,0,0,0,10,0,4,0,0,2,0,12,4,0,0,0,16,0,2,0,0,14,0,16,0,0,2,0,0,2,12,0,4,0,0,4,0,0,0,0,2,0,4,10,8,0,0,14,0,10,0,4,0,0,0,0,8,0,0,2,0,0,2,0,2,4,0,0,0
18,0,2,20,0,0,0,10,0,0,6,0,18,0,0,10,8,0,0,10,0,2,2,0,0,0,0,0,0,16,0,0,0,0,0,8,0,2,0,0,0,0,6,0,0,0,0,24,0,0,0,0,14,0,12,0,2,0,0,0,0,20,0,0,0,0,0,0,0,0,0,0,0,0,2,6,0,0,8,0,18,0,6,0,0,0,0,4,0,0,12,0,0,0,2,2,2,0,0,0
12,0,2,12,2,0,0,8,0,0,20,0,8,0,0,18,8,0,0,8,0,0,0,0,0,0,0,0,0,4,0,0,0,0,0,8,0,0,0,0,0,0,0,0,0,0,0,10,0,0,0,2,26,0,2,2,16,0,0,0,2,0,0,0,0,0,0,0,2,0,0,0,0,0,2,2,0,0,8,0,6,0,4,0,0,0,0,4,0,0,8,0,0,0,2,2,10,0,0,0
8,0,6,16,0,0,0,0,0,0,2,0,20,0,0,10,10,0,4,2,0,0,0,0,0,0,0,0,0,12,0,0,0,0,0,10,0,0,0,0,2,0,0,0,0,0,0,6,0,0,0,0,16,0,10,0,0,0,0,0,0,4,0,0,0,0,2,0,0,0,0,0,2,2,0,2,0,0,0,0,8,0,0,0,0,0,0,6,0,0,18,0,0,0,0,0,4,0,0,0
8,0,2,6,0,0,0,6,0,0,10,0,12,0,0,8,14,0,0,6,0,0,0,0,0,0,2,0,0,10,0,0,0,0,0,16,0,0,0,0,0,0,0,0,0,0,0,16,0,0,0,0,18,0,6,0,6,0,0,0,0,14,0,2,0,0,0,0,0,2,0,4,0,0,2,4,0,0,4,0,12,0,0,0,0,0,2,14,0,0,4,0,0,0,2,0,6,0,0,0
10,0,2,12,0,0,0,6,0,0,6,0,8,0,0,6,6,0,0,4,0,0,0,0,0,0,0,0,0,16,0,0,0,0,2,14,0,0,0,0,0,0,0,0,0,0,0,6,0,2,0,0,8,0,12,2,8,0,0,0,0,10,0,0,0,0,0,0,0,0,0,0,0,0,6,6,0,0,10,0,4,0,0,0,0,0,0,4,2,0,10,4,0,0,0,2,16,0,0,0
18,0,0,16,0,2,2,10,2,0,6,0,18,2,0,8,4,0,0,2,0,0,0,0,0,0,0,0,0,16,0,0,0,0,0,10,0,2,0,0,0,0,0,0,2,0,0,16,0,2,2,0,10,0,14,2,14,0,0,0,0,14,0,0,0,0,0,0,0,0,2,0,2,0,6,4,0,0,2,0,10,0,0,0,0,0,0,6,2,0,6,0,0,0,2,0,10,0,0,0
16,0,2,6,0,2,0,8,0,0,10,0,10,0,0,8,18,0,0,6,0,0,0,0,0,0,0,0,0,6,0,0,0,0,0,14,0,0,0,0,0,0,0,0,2,0,0,14,0,0,0,0,12,0,14,0,8,0,0,0,0,6,0,0,0,0,4,0,0,0,0,0,2,0,4,8,0,0,2,0,8,0,0,0,0,0,0,10,0,2,16,0,0,0,0,2,14,0,0,0
10,0,2,16,0,2,2,10,0,0,8,0,12,2,0,10,10,0,0,8,0,0,0,0,0,0,0,0,0,10,0,0,2,0,2,12,0,0,0,0,2,0,4,0,2,0,0,18,0,2,0,0,20,0,22,0,8,0,0,0,0,10,0,0,2,0,0,0,0,0,0,0,0,0,4,14,0,0,14,0,10,0,4,0,2,0,2,6,0,0,10,0,0,0,6,4,24,0,0,0
14,0,4,2,0,0,0,4,0,4,4,2,12,2,0,0,2,0,2,16,0,0,0,0,0,0,0,0,0,0,0,0,0,0,2,10,0,6,0,2,2,0,10,2,0,4,0,16,0,0,0,0,16,0,16,0,0,0,0,0,4,4,0,2,4,0,4,0,0,0,0,0,0,4,12,12,0,2,22,0,2,0,2,2,0,0,4,8,0,0,10,0,0,2,14,10,12,2,0,0
2,0,8,0,6,4,4,6,0,0,0,0,4,0,0,4,0,4,10,18,2,0,0,4,0,0,6,0,0,0,0,0,0,2,6,0,2,6,0,0,0,0,22,4,6,6,2,4,4,4,0,0,10,0,8,0,2,0,2,0,2,0,0,18,6,0,8,0,0,0,2,0,0,8,18,2,0,0,6,2,0,0,2,0,0,0,4,0,0,0,4,0,2,4,22,18,8,2,0,2
0,0,6,0,6,12,18,2,0,0,0,2,0,0,0,0,2,12,2,0,2,0,2,10,0,0,14,0,2,0,2,0,0,0,0,2,6,10,2,2,12,0,6,2,8,0,0,0,14,6,0,2,2,0,12,0,0,0,0,0,8,0,0,4,18,0,10,0,0,0,4,0,0,12,6,0,4,0,0,2,0,0,4,0,2,0,6,0,0,10,0,0,8,6,12,12,0,2,0,0
0,0,8,0,10,8,6,4,0,0,0,4,0,0,0,0,0,4,2,10,12,0,0,10,0,2,12,0,0,0,0,0,0,6,2,0,8,4,0,2,12,0,4,2,4,12,2,0,6,10,2,4,2,2,4,0,0,2,0,0,14,0,0,4,14,0,10,0,0,0,4,2,0,10,0,0,10,0,0,10,0,2,6,0,0,0,20,2,0,6,0,4,12,6,6,16,0,2,0,2
0,2,6,0,2,4,10,0,0,0,0,0,0,0,0,4,2,10,8,8,10,0,0,4,0,0,4,0,2,0,0,0,0,2,8,0,18,8,0,8,16,0,8,8,12,16,0,0,10,0,2,0,0,2,4,4,0,0,8,0,10,0,0,6,12,0,16,0,0,0,8,0,2,12,4,0,8,4,0,10,0,0,8,0,0,0,12,0,2,10,0,0,14,12,0,14,0,12,0,0
0,0,0,0,14,2,6,0,0,0,0,0,0,0,0,0,0,16,10,8,6,0,0,4,0,0,12,0,0,2,0,0,0,4,4,0,12,10,0,10,12,2,2,4,8,12,0,0,8,8,2,4,0,2,6,2,0,0,2,0,4,0,0,8,18,2,10,0,0,0,10,2,4,4,2,0,8,0,0,6,0,0,2,0,8,0,14,0,2,10,2,0,8,8,4,10,0,0,0,0
0,0,2,0,2,2,6,0,0,0,0,0,0,0,0,2,0,4,12,14,12,2,0,12,0,0,14,0,0,0,0,0,0,0,12,0,14,12,0,4,18,0,4,2,8,12,0,0,2,6,0,4,0,6,0,6,0,0,4,0,10,0,0,6,2,0,6,0,0,0,14,0,0,6,0,0,6,2,0,8,0,0,4,0,12,0,12,0,4,10,0,0,6,14,0,16,0,10,0,0
0,0,14,0,0,10,8,0,0,0,2,0,2,0,0,0,2,14,8,16,6,0,0,4,0,0,10,0,0,0,0,0,0,4,6,0,0,4,2,0,12,0,18,2,2,6,0,0,0,8,0,2,0,0,12,4,0,0,0,0,6,0,0,8,14,2,6,2,0,0,2,0,2,14,12,2,4,0,4,0,0,0,12,2,6,0,14,0,0,4,0,0,4,12,14,18,2,12,0,6
0,0,10,0,2,0,8,0,0,0,0,0,4,0,0,6,0,0,2,16,0,0,0,2,2,0,8,0,2,0,0,0,0,0,0,0,0,10,0,0,6,0,12,2,6,0,0,8,4,4,0,0,6,0,8,0,0,0,0,0,0,0,2,14,2,0,22,0,0,0,0,0,0,4,16,2,0,0,10,0,0,0,8,0,0,2,8,0,2,2,4,0,2,6,14,24,4,6,0,0
8,0,4,2,2,4,2,8,0,0,0,0,10,0,0,14,4,0,2,12,0,0,0,0,0,0,2,0,0,4,0,0,0,0,0,10,2,6,0,0,2,0,6,0,4,4,0,6,0,2,0,0,6,0,18,0,4,0,0,0,0,8,0,6,8,0,2,0,0,0,0,0,0,2,6,4,0,0,16,2,2,0,10,0,0,0,6,8,0,0,6,0,2,0,12,8,16,2,0,0
26,0,6,2,0,0,4,4,0,0,8,2,10,0,0,10,2,0,0,14,0,0,2,2,0,2,0,0,0,6,0,0,0,0,0,12,0,2,0,2,0,0,8,0,4,0,0,10,2,4,0,0,8,0,26,0,4,0,0,2,2,10,0,2,0,0,6,0,0,0,0,2,0,0,6,6,0,0,8,0,12,0,0,0,0,0,2,8,0,0,2,0,0,0,2,2,18,0,0,0
8,0,12,8,2,0,0,8,0,0,6,0,10,0,0,14,2,0,0,10,0,0,0,0,0,0,2,0,0,6,0,0,0,0,0,12,0,2,0,0,2,0,4,0,2,0,0,20,0,0,2,0,14,2,16,0,6,0,0,0,2,16,0,4,2,0,0,0,0,0,0,0,0,2,6,10,0,0,6,0,10,0,2,0,0,0,0,4,0,0,0,0,0,0,4,6,16,0,0,0
6,0,6,6,0,0,2,12,0,0,8,0,8,0,0,10,2,0,2,10,2,0,0,0,0,0,6,2,0,0,0,0,0,0,0,12,0,0,0,0,0,0,2,0,2,0,0,12,0,4,0,0,14,0,20,2,6,0,0,4,0,12,0,4,0,0,4,4,0,0,0,0,0,0,12,8,0,0,12,0,10,0,2,0,0,0,2,8,0,0,2,0,2,0,4,4,8,6,0,0
12,0,2,2,0,2,2,10,0,0,2,0,10,0,0,8,2,0,0,10,0,0,0,4,0,0,2,0,0,2,0,2,0,0,6,2,4,4,0,0,0,0,0,0,6,0,0,20,0,0,0,0,12,0,14,2,8,0,0,0,0,8,0,6,2,0,2,0,0,0,0,0,0,0,22,8,0,0,14,0,2,0,4,0,0,0,0,8,0,0,0,0,0,0,4,12,20,2,0,2
8,0,10,0,0,4,6,8,0,0,0,0,0,0,0,2,0,0,6,14,0,0,4,0,0,0,4,0,0,0,0,0,0,0,0,4,0,2,0,0,6,0,8,2,4,2,0,10,0,2,0,0,6,0,12,2,0,0,0,0,2,0,0,4,2,0,2,0,0,0,2,0,0,6,12,8,0,0,6,0,4,0,4,0,2,0,0,0,0,0,0,0,2,0,20,14,20,4,0,0
0,0,10,0,8,12,6,6,0,0,0,0,0,0,2,0,0,8,6,12,2,0,0,0,2,2,8,2,0,0,0,4,0,2,0,2,4,12,0,0,8,0,4,14,10,8,0,0,2,6,0,2,4,0,6,4,2,0,0,0,8,0,0,14,8,0,14,0,0,0,2,0,0,4,14,0,2,0,6,6,2,0,12,0,0,0,14,0,0,2,0,0,6,8,16,24,4,6,0,4
0,0,6,0,4,4,4,0,0,0,0,0,0,0,2,0,0,4,4,8,6,0,0,12,0,0,18,0,0,0,0,0,0,2,4,0,8,4,0,8,18,4,10,4,4,18,0,2,10,4,0,4,2,8,0,0,0,0,4,0,4,0,0,2,20,0,16,0,0,0,10,0,0,14,2,4,4,0,0,2,2,0,8,0,0,0,12,0,4,2,0,2,14,6,4,10,0,12,0,4
0,0,12,0,6,8,10,0,0,0,0,2,2,0,2,4,0,12,12,8,12,0,0,6,0,0,10,0,0,0,0,2,0,2,10,0,8,6,0,4,14,2,4,12,4,18,0,0,8,12,2,4,0,4,4,2,0,0,2,0,10,0,0,2,12,0,12,0,0,0,10,0,0,8,2,0,6,0,0,6,0,0,4,0,16,0,14,0,2,8,0,0,6,14,2,14,0,6,0,0
0,0,4,0,6,4,6,0,0,0,0,0,0,2,0,0,0,12,6,12,8,0,0,10,0,0,10,0,0,0,0,0,0,6,4,0,6,12,0,2,4,0,4,6,4,10,0,2,14,4,4,10,2,4,4,2,0,0,2,0,8,0,0,0,16,0,14,0,0,0,8,0,0,10,0,2,2,0,0,10,0,0,8,0,8,2,24,0,2,12,0,2,10,6,0,12,0,6,0,0
0,0,10,0,8,6,8,4,0,0,0,0,0,0,0,0,0,12,2,6,12,0,2,4,0,0,20,0,0,0,0,2,0,6,2,2,4,10,0,0,8,0,6,4,12,16,0,0,14,4,2,8,0,6,0,4,0,0,2,0,4,0,0,4,6,0,18,0,2,0,18,0,0,10,2,0,14,0,2,14,0,0,2,0,6,0,24,0,0,16,0,0,10,6,0,18,0,10,0,0
0,0,12,0,8,6,8,0,2,0,0,2,2,0,0,2,0,8,10,14,10,2,0,4,0,2,16,2,2,0,0,2,0,2,4,2,16,12,0,8,14,0,6,6,10,10,2,2,10,2,0,4,6,2,0,2,0,0,4,0,6,0,0,8,16,0,26,0,0,0,2,0,0,8,6,0,8,4,2,2,0,0,8,2,10,0,22,4,2,10,0,2,14,8,6,4,2,4,0,0
4,2,6,0,4,10,2,8,0,0,0,0,0,0,0,2,0,4,8,18,2,2,0,10,0,0,6,0,2,0,0,0,0,0,10,0,4,14,0,6,12,2,14,6,6,12,2,0,0,2,0,2,2,0,10,0,0,2,2,2,12,0,0,4,6,0,18,0,0,0,2,0,0,12,4,0,0,0,0,6,0,0,16,0,2,0,10,2,2,0,2,0,4,12,6,32,4,12,0,6
0,2,10,0,2,6,6,6,0,0,2,0,4,0,0,0,0,4,4,28,2,0,0,6,0,2,6,0,0,2,2,0,0,0,2,6,2,6,0,0,4,0,24,2,2,4,2,6,0,6,0,0,8,0,12,0,4,0,0,0,0,2,0,6,0,0,12,0,0,0,6,0,0,6,22,0,0,0,4,0,0,0,8,2,0,0,8,0,0,4,0,0,6,4,20,16,4,2,0,0
8,0,8,2,0,2,0,8,0,0,6,0,10,0,0,10,2,0,2,6,0,0,0,2,0,0,8,0,0,4,0,0,0,0,2,6,0,4,0,0,0,0,4,4,0,0,0,6,2,2,0,0,14,0,12,0,8,0,0,0,2,6,0,6,8,0,4,2,0,0,0,0,0,2,12,6,0,0,4,0,12,0,6,0,0,0,2,6,0,0,4,2,0,0,10,6,16,2,0,0
6,0,2,8,0,0,0,2,0,0,6,0,14,0,0,10,2,0,2,2,0,0,0,0,0,0,0,0,0,6,0,0,0,0,0,8,2,0,0,0,0,0,2,0,0,0,0,16,0,0,0,2,10,2,22,0,12,0,0,0,0,14,0,2,0,0,2,0,0,2,0,0,0,4,4,6,0,0,4,0,18,0,2,0,2,0,0,10,2,0,10,0,0,0,2,2,16,2,0,0
8,0,2,8,0,0,0,10,0,0,14,0,12,0,0,10,8,0,2,4,0,0,0,2,0,0,0,0,2,6,0,0,0,0,2,8,0,0,0,0,0,0,0,0,0,0,0,6,4,0,0,2,20,0,16,0,10,0,0,0,0,4,0,2,0,0,2,0,0,0,0,2,0,0,2,0,0,0,0,0,10,0,0,0,0,0,0,6,0,0,12,0,0,2,0,2,14,0,0,2
4,0,0,12,2,0,0,2,0,2,16,0,10,0,0,14,6,2,0,0,0,0,0,0,0,0,0,4,0,12,0,0,0,0,0,6,0,0,0,0,0,0,2,0,0,0,0,8,0,0,2,0,4,0,8,2,2,0,0,0,0,2,0,0,0,0,0,0,0,0,2,0,0,0,4,2,0,0,0,0,0,0,0,0,0,0,0,4,0,0,8,2,0,0,0,0,4,0,0,0
6,0,0,10,0,0,0,4,0,2,12,0,4,0,0,6,14,0,0,0,0,0,0,0,0,0,0,0,0,16,0,0,0,0,0,6,0,0,0,0,0,0,0,0,0,0,0,8,0,0,0,2,8,0,8,0,8,2,0,0,0,4,0,0,0,0,0,2,0,2,0,0,0,0,0,0,0,0,2,0,6,0,0,0,0,0,0,8,0,0,12,2,0,2,0,0,4,0,0,0
10,0,2,10,0,0,0,2,2,0,12,0,6,0,0,8,12,2,0,4,0,0,0,0,0,0,0,0,0,14,0,0,0,0,0,4,0,0,0,0,2,2,0,0,0,0,0,10,0,0,0,0,12,0,10,0,6,0,0,0,0,2,0,0,0,0,0,0,0,0,0,0,0,2,0,0,0,0,0,2,2,0,0,0,0,0,0,14,0,0,8,0,0,0,0,0,2,0,0,0
8,0,0,16,0,0,2,4,0,0,14,0,4,0,0,8,16,0,0,0,0,0,0,0,0,0,0,2,0,12,0,0,0,0,0,6,0,0,0,0,0,0,2,0,0,0,0,0,0,0,0,0,8,0,6,0,2,0,0,0,0,2,0,0,2,0,0,0,0,0,0,0,0,0,2,4,0,0,2,0,2,0,0,0,0,0,0,4,0,0,4,0,2,0,2,0,0,2,0,0
2,0,0,8,0,2,0,10,0,0,14,0,4,0,0,12,16,0,2,0,0,2,0,0,0,0,0,0,0,12,0,0,0,0,0,2,0,0,0,0,0,0,0,0,0,0,0,4,0,0,0,0,10,0,8,0,4,0,0,0,0,2,0,0,0,0,0,0,0,0,2,0,2,0,2,0,0,0,0,0,8,0,0,0,2,0,0,6,0,0,0,0,0,0,0,0,2,2,0,0
2,0,2,12,2,0,0,0,0,0,12,0,8,0,2,4,16,0,0,0,0,0,0,0,2,0,0,0,0,10,0,0,0,0,0,4,0,0,0,2,0,0,0,0,0,0,0,4,0,0,0,0,12,0,6,0,2,0,0,2,2,4,0,0,0,0,0,0,0,0,2,0,0,0,0,2,0,0,0,0,8,0,0,0,2,2,0,4,0,4,8,0,0,2,0,0,0,0,0,0
2,0,10,20,0,0,0,4,0,0,6,0,18,0,0,14,8,0,2,6,0,0,0,0,0,0,0,2,0,2,0,0,0,0,0,6,0,0,0,0,0,0,0,0,2,0,0,10,0,0,0,0,18,0,12,0,12,0,0,0,0,6,0,2,0,0,0,0,0,0,2,2,0,0,0,4,0,0,0,0,6,0,0,0,0,0,0,12,0,0,10,0,0,0,2,0,0,0,0,0
14,0,4,6,0,2,0,10,0,0,2,0,20,0,0,10,2,0,0,12,0,0,0,0,4,0,0,0,0,4,0,0,0,0,0,18,0,2,0,0,0,0,6,0,2,0,0,10,0,0,0,0,10,0,16,0,6,0,0,0,0,8,0,0,2,0,0,0,0,2,0,0,0,2,6,10,2,0,6,0,12,0,0,0,0,0,2,6,0,0,12,0,0,0,0,6,30,0,0,0
6,0,8,2,2,0,0,8,0,0,4,0,6,0,0,10,2,0,0,14,0,2,0,2,0,0,2,0,0,12,0,0,0,0,2,4,2,0,0,2,2,0,12,0,2,0,0,8,0,2,0,0,14,0,34,2,0,0,0,0,0,10,0,2,4,0,4,0,0,0,0,0,0,2,6,10,0,0,12,0,6,0,12,0,0,0,0,6,0,0,6,0,0,2,6,10,12,0,0,4
2,0,8,0,6,0,6,6,0,0,0,0,2,0,0,4,2,0,8,26,2,0,0,10,0,0,10,2,0,0,0,0,0,0,4,0,0,2,0,0,10,0,16,6,10,6,0,6,6,2,0,0,0,0,12,0,0,0,0,0,2,0,0,8,12,2,16,2,0,0,0,0,0,6,14,4,0,0,6,0,2,0,6,0,0,0,10,0,0,6,0,2,2,6,26,18,8,2,0,0
2,0,10,0,2,4,20,0,0,0,0,0,0,0,0,2,0,10,12,8,8,0,0,8,0,2,8,0,0,0,0,0,0,0,8,2,4,4,0,2,20,2,10,4,6,12,4,2,10,10,4,0,0,2,8,2,0,0,6,2,8,0,0,10,14,0,10,0,0,0,4,2,0,12,4,0,0,0,0,0,0,0,6,0,4,0,16,4,0,10,0,0,4,10,10,12,2,12,0,0
0,0,6,0,12,10,12,0,0,0,0,0,0,0,4,0,0,2,4,8,8,2,0,14,0,0,18,0,0,0,0,0,0,6,2,0,14,8,2,8,16,0,4,6,10,10,2,0,8,6,0,2,2,2,4,2,0,2,2,0,14,0,0,4,14,0,4,0,0,2,12,0,0,6,0,2,10,0,0,8,0,0,10,0,12,0,20,0,2,14,0,2,6,10,4,6,0,12,0,8
0,2,10,2,4,12,10,4,0,0,0,0,2,0,2,2,0,6,4,4,6,0,0,12,2,0,16,0,0,0,0,0,0,0,2,0,4,4,0,4,8,2,8,2,6,2,2,0,8,8,0,8,0,4,4,2,0,0,2,0,6,0,0,12,12,0,16,0,0,0,18,0,0,4,0,0,8,0,2,6,0,0,2,0,2,0,12,0,0,6,0,0,8,16,2,8,0,14,0,2
0,0,2,0,2,12,6,0,0,4,0,0,0,0,0,0,0,16,2,6,8,0,2,14,2,0,8,0,0,0,0,0,0,0,2,0,14,2,0,4,8,2,4,6,10,16,0,0,12,6,0,4,0,4,2,2,2,0,4,0,10,0,0,6,14,2,12,2,0,0,14,0,2,8,2,0,12,2,0,4,0,0,2,0,8,0,12,0,0,6,0,0,6,18,2,14,2,12,0,0
0,0,8,0,0,8,10,0,0,0,0,0,2,0,0,4,0,14,10,10,10,0,0,8,2,0,4,0,2,0,2,0,0,2,0,0,4,6,0,8,12,0,4,4,6,20,2,0,10,8,4,6,0,2,4,2,0,0,2,2,8,0,0,4,20,0,10,2,0,0,6,0,0,14,2,0,10,2,2,4,0,0,6,0,8,0,10,0,0,10,0,2,10,4,6,10,0,6,0,2
2,0,6,0,8,10,0,0,0,0,0,0,0,0,2,0,4,12,14,4,10,0,0,12,0,2,8,0,0,0,0,2,0,4,2,0,6,6,2,0,6,4,8,6,6,24,0,2,12,0,0,8,0,4,6,4,2,2,0,2,6,0,0,0,8,0,16,0,0,0,8,0,0,14,6,0,18,0,0,6,0,0,4,0,6,0,24,0,0,10,2,0,8,0,2,16,0,10,0,4
0,0,4,0,2,18,0,0,0,0,0,0,0,0,0,0,0,16,12,6,6,0,0,6,2,6,8,0,2,0,0,0,0,0,18,0,0,2,2,2,8,8,0,16,8,26,0,0,2,0,0,2,0,10,0,12,0,0,0,0,24,0,0,2,12,0,6,2,0,0,6,0,0,12,2,0,6,0,0,0,0,0,2,0,12,0,16,0,0,6,2,2,8,2,4,22,0,10,0,4
0,2,4,0,0,12,0,2,0,0,0,0,0,0,0,0,0,6,12,12,0,0,0,10,12,16,4,0,0,0,0,0,2,2,22,2,4,0,10,0,4,14,2,16,16,6,0,0,0,0,0,2,0,2,2,28,0,0,0,0,12,2,0,6,4,0,6,0,4,0,0,0,0,16,0,0,4,0,0,4,0,0,0,0,4,2,16,0,0,0,0,2,0,4,2,4,0,8,0,8
0,0,2,0,0,10,0,0,0,0,0,0,0,0,0,2,0,0,6,2,2,0,0,2,24,4,2,0,0,0,0,0,10,0,24,2,0,0,12,0,0,24,0,12,8,6,0,0,0,0,2,2,0,4,0,36,0,0,0,0,24,0,0,2,0,0,4,0,2,2,0,0,0,12,2,0,0,0,0,0,0,0,0,0,4,0,4,0,0,2,0,0,2,0,0,0,0,10,0,18
2,0,4,0,0,6,0,0,0,0,0,0,0,0,2,0,0,2,8,0,0,0,0,6,18,8,2,0,0,0,0,0,8,0,26,0,4,0,4,0,2,6,0,18,14,6,0,0,2,2,2,0,0,0,2,36,0,2,0,0,22,0,0,0,0,0,4,0,2,0,0,0,0,6,0,0,0,0,0,0,0,0,2,0,2,2,4,0,0,2,0,0,2,2,0,2,0,4,0,4
0,0,2,0,0,16,2,2,0,0,0,0,0,0,0,2,0,2,10,4,0,0,0,2,16,4,0,0,0,0,0,0,18,2,22,2,4,0,2,0,0,20,0,10,18,2,0,0,0,0,0,2,0,0,0,20,0,2,0,0,16,0,0,2,0,0,2,0,8,2,0,0,0,8,0,0,2,0,0,0,0,0,6,0,2,0,6,0,0,2,0,0,2,0,0,2,0,4,0,4
0,0,4,0,0,16,0,0,0,0,0,0,0,0,0,0,0,2,8,2,0,0,0,6,12,8,2,0,0,0,0,0,18,0,32,2,4,0,6,0,2,10,0,16,16,2,0,0,0,0,2,0,0,0,0,22,0,2,2,0,8,0,0,0,0,0,2,0,4,0,0,0,0,10,0,0,4,0,0,0,0,0,0,0,2,2,10,0,0,0,0,0,6,0,0,6,0,2,0,4
0,2,0,0,0,12,0,0,0,0,2,0,0,0,0,0,0,4,8,6,0,0,0,2,16,4,0,0,0,0,0,0,10,0,32,0,0,0,8,2,0,8,0,10,12,2,0,0,8,0,0,0,0,2,0,30,0,0,0,0,14,4,0,0,2,0,0,0,2,0,0,0,2,10,0,0,2,0,0,2,0,0,2,0,2,0,10,0,0,6,0,0,0,0,0,0,0,4,0,14
0,0,4,0,0,10,0,0,2,0,2,0,0,2,0,2,0,0,8,2,0,0,0,10,8,2,0,0,0,0,0,0,6,4,20,0,0,2,10,0,2,12,0,12,18,16,0,0,2,0,0,0,0,8,0,26,0,0,0,0,14,0,2,0,0,0,2,0,0,0,0,0,0,12,2,2,0,0,0,6,0,2,2,0,0,0,14,0,2,2,4,0,2,0,2,12,0,6,0,6
0,0,4,0,2,24,4,0,0,0,0,0,0,0,0,0,0,6,16,8,2,2,0,8,6,10,4,0,0,0,0,0,0,4,20,2,6,6,2,0,16,6,2,18,16,18,0,0,2,2,0,0,2,4,4,18,2,0,0,2,18,0,0,2,8,0,14,0,0,0,2,0,2,12,0,0,10,0,0,6,0,0,10,0,12,0,20,0,0,6,0,2,4,6,0,6,0,10,2,10
2,0,4,0,6,14,8,0,0,0,0,2,0,2,0,0,0,12,12,8,8,2,0,10,2,0,4,0,2,0,0,2,0,4,8,0,8,6,2,4,6,2,8,10,24,20,0,2,0,8,0,4,2,10,0,12,2,0,2,0,10,0,0,2,4,0,20,0,0,0,6,0,0,8,4,0,6,0,0,4,0,0,12,0,8,0,26,0,2,8,0,2,2,10,4,16,0,6,0,2
0,2,2,0,18,8,6,0,0,0,0,0,0,0,0,0,0,16,8,6,12,2,0,6,0,0,14,0,0,0,0,2,0,0,0,0,6,8,2,2,12,2,8,8,12,10,0,2,10,4,0,4,0,0,6,4,0,2,6,0,12,0,0,8,2,0,10,0,0,0,10,0,0,10,4,0,18,4,0,10,0,0,6,2,0,0,16,4,2,8,0,2,10,10,6,12,2,6,0,0
0,0,6,0,6,12,6,0,0,2,0,0,0,0,2,0,0,10,10,12,10,2,0,4,0,0,16,0,0,2,0,0,0,6,4,0,8,6,0,0,18,2,2,6,8,20,2,0,6,6,4,8,0,4,4,4,0,2,10,0,12,0,0,8,12,0,2,0,0,0,2,0,0,16,2,0,6,0,0,10,0,2,0,0,14,0,22,2,0,16,0,0,4,6,0,8,0,6,0,0
0,0,8,0,10,0,6,2,0,0,0,4,0,0,2,0,0,10,16,6,2,0,0,8,0,0,10,0,2,0,0,2,0,2,4,0,4,12,0,4,6,2,6,6,8,16,0,0,14,6,0,4,2,4,4,2,0,0,0,0,6,0,2,0,14,0,12,0,0,0,8,0,0,16,0,0,8,0,0,6,0,0,8,4,6,0,14,0,0,12,0,0,6,22,2,10,4,8,0,0
0,0,12,0,12,4,6,2,0,0,0,0,0,0,0,0,0,16,6,10,10,0,0,16,0,0,22,0,0,2,0,0,2,8,0,2,18,10,0,8,12,0,12,0,6,4,0,0,14,10,0,4,6,6,12,2,0,0,2,2,6,2,0,2,20,0,10,2,0,0,12,0,0,0,6,0,2,0,0,4,0,0,4,0,6,0,10,0,2,10,0,2,6,16,2,14,2,12,0,0
0,0,2,0,10,6,0,0,0,0,2,2,0,0,2,2,0,2,0,6,4,0,2,2,0,0,12,0,2,0,0,0,0,2,2,0,4,14,0,24,16,0,8,2,2,2,8,0,10,14,0,4,2,2,2,2,0,0,8,2,2,0,0,4,22,2,14,0,0,0,16,0,2,2,4,0,2,0,0,4,0,2,6,0,12,0,8,0,4,4,0,0,10,20,2,18,0,0,0,2
0,2,2,2,8,0,4,0,4,0,0,6,0,0,20,0,2,0,0,4,0,2,0,6,0,0,10,0,8,0,4,0,0,2,2,4,10,10,0,24,0,0,4,2,2,0,8,0,0,10,0,2,4,0,4,2,0,0,4,0,2,0,0,0,32,0,4,0,2,2,4,0,2,0,6,0,0,0,0,0,0,2,0,4,6,0,6,2,8,2,2,0,6,6,2,18,0,0,0,0
0,2,0,2,4,2,2,0,6,0,0,4,0,0,10,0,6,2,2,0,2,10,4,0,0,0,0,2,24,0,4,0,0,0,0,0,2,12,0,12,2,0,0,0,0,2,20,0,2,10,0,0,0,2,0,0,0,0,2,0,0,0,2,0,12,0,0,22,0,0,0,2,6,0,0,0,0,0,0,0,0,0,0,4,0,4,0,0,8,0,0,0,4,4,0,2,0,0,0,0
0,8,0,0,0,2,2,0,14,0,0,12,2,0,16,0,0,0,2,0,0,18,4,0,0,0,2,6,30,0,4,0,0,2,2,0,0,0,0,4,0,0,0,0,0,0,14,2,0,6,0,2,0,0,0,2,0,0,0,0,0,0,8,0,2,0,0,32,0,0,0,12,8,2,0,0,0,0,0,0,0,0,0,12,0,8,0,0,14,2,0,0,0,2,2,2,0,0,0,0
0,10,0,0,0,0,0,0,12,0,0,16,2,0,6,0,0,0,0,2,0,14,8,0,0,0,0,12,26,2,8,0,0,0,0,0,2,0,0,2,0,0,0,0,0,2,18,0,0,2,0,0,0,2,0,0,0,0,0,0,0,0,12,2,6,0,0,26,0,0,0,24,14,0,0,0,0,2,0,2,0,0,0,0,0,24,0,2,4,0,0,2,0,0,0,2,0,0,0,0
0,2,0,0,0,2,0,0,16,0,0,12,0,0,12,0,0,0,0,2,0,14,10,0,0,0,2,2,20,0,6,0,0,0,2,0,0,2,0,4,0,0,0,0,0,0,8,0,0,6,0,0,0,0,0,0,0,0,0,0,0,0,24,0,8,0,0,34,0,0,0,16,12,0,0,0,0,0,0,0,0,0,0,2,4,6,0,0,4,0,0,0,0,0,0,0,0,0,0,0
0,2,0,0,2,0,2,0,12,0,0,12,2,0,12,0,0,0,0,0,2,20,12,0,2,0,6,2,32,0,6,0,0,2,0,2,0,2,0,8,0,0,0,0,0,0,10,2,0,2,0,0,0,0,2,2,0,0,2,2,0,0,10,0,18,0,2,24,2,0,0,4,16,0,0,2,0,0,0,0,0,0,0,8,0,6,0,0,8,0,0,0,0,0,0,4,0,2,0,0
0,0,0,0,6,2,8,0,10,0,0,6,2,0,10,0,0,2,0,0,4,6,0,0,2,0,4,2,16,0,12,0,0,0,0,0,4,6,0,20,2,0,0,0,2,0,18,2,2,10,0,2,0,0,0,0,2,0,0,0,0,0,4,0,26,0,2,16,2,0,0,0,12,0,0,0,2,0,0,2,0,0,0,10,0,10,0,0,4,0,0,0,2,2,0,2,0,0,0,0
0,0,2,0,4,4,14,0,0,0,0,2,0,0,18,0,0,4,0,2,2,0,0,0,0,0,16,0,6,0,6,2,0,2,0,0,0,18,0,36,4,0,4,0,2,0,12,0,4,8,0,6,0,2,0,0,2,0,4,2,0,0,0,0,22,0,4,2,0,0,6,0,2,2,0,0,0,0,0,0,0,0,0,4,2,4,4,0,12,4,0,0,6,8,0,8,0,2,0,0
0,0,2,0,10,0,10,0,2,0,0,4,0,0,4,0,0,6,0,6,6,0,0,2,0,0,12,2,2,0,0,0,0,2,0,2,18,14,0,28,10,0,2,0,6,4,2,0,8,6,2,4,0,6,0,2,0,4,6,0,4,0,0,0,28,0,8,6,0,0,16,0,0,0,0,0,4,0,0,12,2,0,4,0,10,0,12,0,6,10,2,0,6,12,2,16,2,2,0,0
0,0,8,0,2,10,12,0,0,0,0,0,0,0,2,0,0,16,2,8,14,0,0,6,0,0,10,0,0,0,0,0,0,2,0,0,12,8,0,14,12,0,2,2,10,0,0,0,6,6,6,8,2,4,2,0,2,0,4,0,10,0,0,4,20,0,10,0,0,0,14,0,2,10,6,0,2,0,0,2,0,0,4,0,8,0,8,0,0,10,0,0,4,10,4,16,0,6,0,0
0,0,6,0,4,0,6,0,0,0,0,0,0,0,0,0,0,12,8,12,6,0,0,10,0,0,8,0,0,0,2,0,0,0,4,4,12,8,0,12,14,2,4,4,10,6,0,0,4,4,2,2,0,2,2,4,0,0,0,2,8,0,0,12,6,0,16,0,0,0,4,0,0,8,4,0,10,0,2,2,0,0,8,0,6,0,18,0,2,14,0,2,2,14,2,20,0,10,0,4
0,0,4,0,0,10,4,0,4,0,4,2,0,2,0,0,0,14,6,8,6,0,0,12,0,0,6,0,0,0,0,0,0,0,4,0,10,8,0,4,6,0,4,4,4,8,2,0,8,4,0,8,0,4,4,0,0,0,8,4,22,0,0,2,8,0,12,0,2,0,6,2,0,2,2,2,10,0,0,10,2,2,0,0,2,0,18,0,4,14,0,4,2,12,2,4,2,6,0,2
0,0,10,2,6,10,14,0,0,0,2,0,0,0,2,2,0,16,6,6,6,0,0,8,0,0,14,0,0,0,0,0,0,4,0,0,14,4,0,0,24,0,0,4,12,10,0,0,10,8,4,8,0,4,2,0,0,0,0,0,2,4,0,4,12,0,12,0,0,0,14,0,0,12,0,0,12,2,0,6,0,0,4,0,8,0,14,0,0,12,0,0,10,10,2,14,0,10,0,0
0,0,2,0,10,2,12,0,0,2,0,2,0,0,2,0,0,8,6,8,10,0,0,0,0,0,28,0,0,2,0,0,0,0,2,2,8,6,0,16,10,0,4,8,6,12,2,0,12,8,2,4,2,4,10,2,0,0,8,0,8,0,0,10,20,0,8,0,0,2,14,0,0,8,6,0,12,0,0,6,0,0,10,2,4,0,16,0,2,6,0,0,8,6,2,18,0,4,0,0
0,2,0,2,4,2,4,0,2,2,0,4,0,0,8,0,0,0,4,4,2,2,0,2,0,0,14,0,4,0,0,0,0,2,0,0,14,14,0,36,12,0,2,0,4,0,4,0,0,6,2,4,2,2,0,0,0,0,8,0,2,0,0,2,26,0,2,0,2,0,14,0,2,6,2,0,4,0,0,0,0,0,4,0,0,0,14,0,6,2,0,0,6,16,4,4,0,4,2,0
0,2,2,0,0,0,6,2,4,0,0,6,0,0,20,0,0,2,0,2,2,10,6,2,0,0,4,0,24,0,0,0,0,2,0,2,8,14,0,16,0,0,2,0,2,0,10,0,2,4,4,0,0,0,0,0,0,0,0,0,2,0,2,2,16,0,4,8,0,0,0,2,6,2,0,0,0,2,0,0,0,0,0,0,0,10,0,0,6,0,0,0,2,6,0,8,0,2,0,0
0,2,2,0,6,0,2,0,6,0,0,12,0,0,6,0,0,2,0,0,0,4,2,0,0,0,0,0,14,0,6,0,0,0,2,0,2,8,0,10,0,0,0,0,0,0,14,4,0,12,0,0,4,2,2,0,2,0,0,0,0,0,8,0,14,0,2,20,0,0,0,4,14,0,0,0,0,0,0,0,0,0,0,10,0,16,0,0,12,0,0,0,0,2,0,8,0,2,0,0
0,8,0,0,4,0,0,0,14,0,2,8,2,0,8,0,0,2,0,0,0,22,8,0,0,0,2,4,28,0,10,0,0,0,0,0,0,6,0,8,0,0,0,0,0,0,8,0,0,2,0,0,0,2,0,0,0,0,0,0,0,0,10,0,12,0,0,28,0,0,0,18,4,0,0,0,0,0,2,0,0,0,0,6,0,22,0,0,10,0,0,0,2,0,0,2,0,0,0,0
2,10,2,0,2,0,2,0,12,2,0,12,0,2,0,0,0,0,0,0,0,6,14,0,0,0,0,8,30,0,10,0,2,0,0,0,0,4,0,6,0,0,0,0,0,0,20,0,0,6,2,0,0,0,0,0,0,0,0,0,0,0,14,0,6,0,4,28,0,0,2,6,16,0,0,0,0,0,0,0,0,0,0,14,0,8,0,0,6,0,0,0,4,2,0,0,0,0,0,0
0,10,2,0,0,0,0,0,14,0,0,10,0,0,4,0,2,0,2,0,0,12,8,0,2,0,2,6,22,0,14,0,0,0,2,0,0,8,0,4,0,0,0,0,0,0,10,0,0,0,0,4,0,0,2,0,0,0,0,0,0,2,20,0,14,0,0,20,0,0,0,12,14,0,0,0,0,0,0,0,0,0,0,8,4,10,0,0,10,0,0,0,2,0,0,2,0,0,0,2
0,10,0,0,0,2,0,0,28,0,0,8,0,0,4,0,0,0,2,2,0,12,8,0,0,0,2,4,14,0,4,0,0,0,0,0,0,2,0,8,2,0,0,0,0,0,14,0,2,0,0,0,0,2,0,0,0,0,0,0,0,0,6,0,6,0,0,34,0,0,0,8,8,0,0,0,0,0,0,0,0,0,0,20,0,10,0,2,10,0,0,0,0,2,0,0,0,0,0,0
0,0,0,0,4,2,4,0,8,0,0,4,2,0,10,0,0,0,0,0,0,12,6,0,2,0,2,4,22,0,4,0,0,2,0,0,0,8,0,12,0,0,0,0,0,0,14,0,0,6,0,2,0,0,0,0,0,0,2,0,0,0,6,0,22,0,2,14,2,0,0,4,8,0,0,0,0,0,0,2,0,0,0,10,0,4,2,0,4,0,2,0,4,6,0,4,0,2,0,0
0,0,4,0,12,4,14,0,6,0,0,6,0,0,10,0,0,8,0,4,2,4,0,2,0,0,4,0,12,0,0,0,0,2,2,0,2,6,0,34,6,0,0,2,2,0,20,0,2,12,0,2,0,4,2,0,0,0,2,0,6,0,2,2,28,0,8,4,0,0,2,0,8,0,0,0,0,0,0,6,0,0,0,4,4,2,4,0,4,2,2,0,2,6,0,2,0,4,0,0
0,0,2,0,2,4,12,2,0,0,0,0,2,0,0,0,2,8,0,6,4,0,0,2,0,0,14,0,2,0,0,0,0,0,0,2,10,12,0,24,10,0,4,0,0,0,4,0,2,18,0,8,0,6,2,0,0,2,2,2,4,0,0,2,28,0,6,2,0,0,20,0,0,2,0,0,18,2,2,0,0,0,4,0,12,0,16,0,2,14,0,0,6,10,0,20,0,2,0,0
0,0,6,0,0,12,18,0,0,0,0,0,0,0,0,0,0,8,4,8,8,0,0,8,0,0,12,0,0,0,0,2,0,6,4,0,8,10,0,2,8,0,2,2,6,8,0,0,6,4,2,8,0,6,2,0,0,0,4,0,2,0,0,4,14,0,14,0,0,0,22,0,0,6,0,0,6,0,0,10,0,0,4,0,8,0,12,0,2,6,0,2,12,16,0,14,0,8,2,2
2,0,2,0,10,6,10,0,0,0,0,0,0,0,0,0,0,16,4,12,8,0,0,10,0,0,14,0,0,0,0,0,0,0,4,0,2,10,2,2,10,2,4,4,8,20,0,0,12,8,0,4,0,8,6,0,0,0,0,0,4,0,0,6,14,0,16,0,0,0,12,0,0,14,6,0,10,0,0,10,2,2,6,0,10,2,14,0,2,18,0,0,16,8,2,12,0,18,2,6
0,0,8,0,6,14,16,0,0,2,0,0,0,0,0,2,0,12,2,12,10,0,0,6,0,2,12,0,2,0,0,0,0,0,0,0,12,2,0,4,6,2,4,6,10,8,0,0,14,0,2,4,0,4,0,4,0,0,0,0,4,0,0,2,2,2,10,0,0,2,2,0,0,8,2,0,8,0,2,10,0,0,10,0,14,0,18,0,0,0,0,0,12,12,2,26,0,16,0,0
0,0,2,0,2,4,4,0,2,0,0,0,2,0,2,0,0,12,4,10,12,0,0,8,2,0,12,0,0,0,0,0,0,4,2,0,16,8,0,4,16,0,6,12,16,18,0,0,12,6,2,6,0,2,4,4,0,0,2,0,6,0,0,2,24,0,16,0,0,0,14,2,0,4,4,0,18,0,0,4,0,0,4,0,2,0,24,0,2,10,0,0,6,12,8,16,0,6,0,0
0,0,8,0,4,8,4,0,0,0,2,0,2,0,0,0,0,12,10,12,8,0,2,8,0,0,8,0,0,0,0,0,0,6,4,0,14,16,0,4,12,0,2,6,8,12,2,0,12,2,4,2,0,6,2,2,0,0,6,0,8,0,0,2,12,0,12,0,0,0,6,0,0,10,2,0,8,0,0,6,0,0,8,0,10,4,22,0,2,6,0,0,4,16,4,24,0,8,0,6
2,0,4,0,14,6,10,2,0,0,0,0,4,0,0,0,0,10,4,8,6,0,0,6,0,0,14,0,0,0,2,0,0,0,10,2,10,8,0,6,10,0,10,6,6,0,0,0,10,6,0,4,2,2,4,0,0,0,4,0,6,0,0,4,10,0,6,0,0,0,4,0,0,6,4,0,8,0,2,4,2,0,8,0,6,0,18,0,2,2,0,0,6,8,12,14,2,6,2,0
0,0,12,0,6,12,2,4,0,0,4,0,2,0,0,4,0,0,8,12,4,0,2,6,0,0,12,0,0,2,0,0,0,0,6,2,4,8,0,2,12,0,18,10,6,6,0,8,0,0,0,4,6,0,14,2,2,0,0,4,6,0,0,6,2,2,12,2,0,0,2,0,0,14,4,0,0,0,2,2,0,0,8,0,0,0,14,0,2,2,0,0,4,8,14,18,10,8,0,2
14,2,6,0,2,2,2,8,0,0,2,0,10,0,0,6,0,0,2,6,0,0,2,4,0,0,6,0,0,0,0,0,0,0,0,2,2,4,0,0,0,0,4,2,0,0,2,0,4,0,0,2,14,2,18,0,0,0,0,0,0,0,0,6,2,0,10,0,0,0,0,0,2,4,10,2,0,0,14,0,2,0,2,0,0,0,8,4,0,0,4,0,0,2,20,20,12,0,0,0
4,0,10,4,2,0,0,14,4,2,4,0,24,0,0,18,2,0,2,8,0,0,0,0,0,0,4,0,0,4,0,0,0,0,2,8,0,2,0,0,2,0,4,2,4,0,0,20,0,0,0,0,16,0,16,0,10,2,0,0,4,6,0,0,0,0,2,0,0,0,2,0,0,0,6,2,0,0,6,0,8,0,4,2,0,0,0,10,0,0,4,0,0,0,2,10,12,2,0,0
10,0,2,10,0,0,0,6,0,0,12,0,22,2,0,18,12,0,0,4,0,0,0,2,0,0,0,0,0,8,0,0,0,0,0,10,0,0,0,0,4,0,0,0,2,0,2,12,0,0,0,0,16,0,14,0,6,0,0,0,0,8,0,2,0,0,2,0,0,0,2,0,0,4,6,8,0,0,8,0,12,0,0,2,0,0,0,4,0,2,6,0,2,0,2,2,12,0,0,0
12,0,2,12,0,0,0,2,0,0,12,2,10,0,0,14,12,0,0,0,0,0,0,0,2,0,0,0,0,18,0,0,0,0,2,14,0,0,0,0,0,0,0,0,0,0,0,12,0,2,0,0,4,0,14,0,12,0,0,0,0,14,0,0,0,0,0,0,0,2,0,2,0,2,0,6,0,0,2,0,6,0,0,0,0,0,0,2,0,0,8,0,0,0,0,6,6,0,0,0
10,0,2,20,0,0,2,0,0,0,10,0,12,0,0,8,10,0,0,0,0,0,0,0,0,0,0,0,0,16,0,0,0,0,0,2,0,0,0,0,0,0,0,0,0,0,0,8,0,2,2,0,14,0,12,0,6,0,0,0,0,0,0,2,0,0,0,0,0,0,0,0,0,0,0,4,0,0,0,0,0,0,2,0,0,0,0,10,0,0,8,0,0,0,0,0,6,2,0,0
0,2,2,18,0,0,0,0,0,0,8,2,8,0,0,4,12,2,0,2,0,0,0,0,0,0,0,0,0,12,0,0,2,0,2,0,0,0,0,0,0,0,0,0,0,0,0,4,0,0,0,0,4,0,8,0,10,0,0,0,0,2,0,0,0,0,0,0,0,0,0,0,0,0,0,0,0,0,0,0,2,0,0,0,0,0,0,14,0,0,8,0,0,0,0,0,6,0,0,0
10,0,2,18,0,0,0,2,0,0,12,0,6,0,0,2,18,0,0,0,0,0,0,0,0,0,0,0,2,6,0,0,0,0,0,4,0,0,0,0,0,0,0,0,0,2,0,10,0,2,0,2,10,0,2,0,14,0,0,0,0,2,0,0,0,0,0,0,0,2,0,0,0,0,0,0,0,0,0,0,0,0,0,0,0,0,0,10,0,0,10,0,0,0,0,2,4,0,0,0
8,0,0,6,0,0,0,6,0,0,10,0,6,0,0,4,14,0,0,0,0,0,2,0,0,0,2,0,0,14,0,0,2,0,0,2,0,0,0,4,0,0,0,0,2,0,0,2,2,0,0,0,6,0,6,2,8,2,0,0,2,14,0,0,0,0,0,0,0,0,2,0,0,2,2,0,0,0,4,0,4,0,0,0,0,0,0,10,0,0,4,0,0,2,0,0,6,0,0,0
10,0,6,6,0,0,0,6,0,2,8,0,16,0,0,6,8,0,0,6,0,0,0,0,0,0,0,2,0,2,0,0,0,0,0,6,0,0,0,0,0,0,0,0,2,0,0,6,0,0,0,0,18,0,18,0,8,0,2,0,0,4,0,0,2,0,2,0,0,0,2,0,0,0,8,8,0,0,2,0,14,0,0,0,0,0,2,14,0,0,2,0,0,0,2,2,16,0,0,0
8,0,12,2,0,0,0,2,0,0,6,0,6,0,0,6,0,0,0,12,0,0,0,0,0,0,2,0,0,6,0,0,0,0,0,4,2,2,0,0,0,0,6,0,0,0,0,4,0,0,0,0,8,0,18,0,6,0,0,0,2,12,0,4,2,0,6,2,0,2,0,0,2,0,6,4,0,0,10,0,8,0,0,0,2,0,0,10,0,0,4,0,0,0,8,8,16,2,2,2
8,0,10,2,2,0,6,6,0,0,2,0,6,0,0,4,0,0,10,8,2,0,2,6,0,0,4,0,2,0,0,0,2,0,2,8,0,4,0,0,10,0,30,2,8,0,2,18,2,0,0,0,4,0,14,0,0,0,0,0,4,6,0,6,10,0,12,0,0,0,0,0,0,4,14,6,0,0,10,0,0,0,6,2,4,0,6,6,0,0,10,0,0,2,14,8,4,2,0,0
2,0,4,0,10,6,4,2,0,0,0,0,2,0,0,2,0,2,2,12,4,0,0,8,0,0,14,0,0,0,0,0,2,2,4,0,4,10,2,0,8,0,14,6,10,8,0,0,8,2,0,8,2,2,2,2,0,2,0,0,2,2,0,6,10,0,16,0,0,0,2,0,0,8,6,2,2,0,6,2,0,0,10,0,0,0,8,0,0,2,0,0,2,2,12,30,8,2,0,0
2,0,4,0,2,0,6,4,0,0,0,0,0,0,0,0,0,8,2,6,8,0,0,10,2,0,14,0,0,0,0,0,0,0,4,0,8,10,0,0,14,0,8,10,12,2,0,4,6,8,0,2,4,2,6,0,0,0,4,0,2,0,0,0,22,0,10,0,0,0,4,0,2,10,4,2,14,0,2,4,0,0,4,0,6,0,10,2,2,14,0,0,6,6,4,8,2,6,0,0
0,0,4,0,4,6,4,0,0,0,0,2,0,0,0,2,0,8,4,12,4,0,0,10,0,0,14,0,0,0,0,2,0,4,4,0,16,6,0,10,22,2,10,4,8,20,0,0,16,6,2,6,0,4,2,2,0,0,6,0,12,0,0,10,14,0,18,0,0,0,0,0,0,10,4,0,10,4,2,8,2,0,12,0,4,0,12,0,0,10,0,0,8,14,6,10,0,12,0,2
0,0,4,0,4,16,0,0,0,0,0,0,0,0,0,0,0,4,8,10,16,2,0,10,0,0,8,0,0,0,0,2,0,0,6,0,6,2,0,4,16,0,4,8,10,18,0,0,16,2,0,4,0,2,2,4,0,0,4,0,8,0,0,8,6,0,18,0,0,0,8,0,0,10,0,0,10,0,2,12,0,0,0,2,10,0,18,0,0,2,2,2,16,12,0,14,0,8,0,0
0,2,6,0,8,14,8,0,0,2,0,0,0,0,0,0,0,14,2,6,16,2,0,6,0,2,10,0,2,0,0,0,0,4,4,0,6,10,0,4,6,0,2,4,10,4,0,0,6,10,0,6,0,10,2,0,0,0,2,0,8,0,0,6,6,0,10,0,0,0,6,0,0,8,2,0,10,0,2,8,0,0,4,0,14,0,14,0,0,10,2,2,10,6,2,8,0,6,0,0
0,0,4,0,8,2,10,6,0,0,0,2,0,0,2,0,0,12,10,16,6,2,2,10,0,0,12,2,0,0,0,0,0,2,4,0,4,10,0,8,10,4,2,4,10,10,0,0,18,4,6,2,0,2,0,2,0,0,4,0,4,0,0,4,12,0,8,0,0,0,8,2,0,10,2,0,8,0,0,2,0,0,4,0,2,0,20,0,0,10,0,0,6,16,0,16,0,2,0,4
0,0,2,2,8,4,8,0,2,0,0,2,0,2,0,0,0,6,6,10,4,0,0,4,0,0,2,0,0,0,0,0,0,4,2,0,18,10,2,6,6,2,6,10,10,8,0,2,10,4,2,8,0,10,6,2,0,0,6,0,6,0,0,4,14,0,14,0,0,0,8,0,0,6,4,0,6,4,0,4,0,0,8,0,6,0,14,2,0,10,0,4,10,6,4,12,0,12,0,0
0,0,4,0,2,10,4,0,0,0,0,0,0,0,0,0,0,6,6,4,10,0,0,2,2,0,6,0,0,0,0,2,0,2,0,0,12,14,0,2,12,0,0,4,4,10,0,0,8,10,4,2,0,18,0,2,0,0,0,0,6,0,0,2,8,0,10,2,0,0,12,0,0,8,0,0,12,8,0,6,0,0,2,0,14,0,14,0,4,8,0,4,10,6,2,10,0,8,2,0
0,0,2,2,6,8,2,0,0,0,0,2,0,2,0,0,0,16,8,4,4,0,0,8,0,0,8,0,2,0,0,6,0,14,2,0,6,4,0,4,10,0,0,0,0,2,0,0,8,4,4,14,0,16,0,0,0,2,0,0,0,4,0,2,4,0,10,0,0,0,14,0,0,6,0,0,12,8,0,10,0,6,0,0,14,0,28,0,0,10,0,6,12,22,0,6,0,6,0,2
0,0,0,0,4,4,0,0,0,2,0,0,0,14,0,0,0,0,2,0,2,0,0,4,0,0,2,0,0,0,0,6,0,20,0,0,8,4,0,2,2,0,0,2,4,0,0,0,6,4,14,18,0,6,0,0,0,0,0,2,8,0,0,0,10,2,4,2,0,0,10,0,0,0,0,0,6,8,0,10,0,2,0,0,8,0,2,0,0,8,0,2,10,6,0,0,2,6,2,0
0,0,0,0,0,4,2,0,0,8,0,2,0,4,0,0,0,0,0,0,0,0,2,0,0,0,0,0,0,0,0,4,0,14,0,0,2,0,0,0,4,0,0,2,0,0,0,0,2,4,14,6,0,10,0,0,0,2,0,12,2,0,0,0,4,0,2,0,0,6,0,2,0,0,0,0,0,4,0,6,0,10,0,0,10,0,4,0,0,2,0,8,12,2,0,2,0,2,10,0
0,0,0,0,0,2,0,0,2,14,0,0,0,4,0,0,2,0,0,0,0,0,2,0,0,0,0,0,0,0,0,0,0,16,0,0,2,0,0,0,0,0,0,0,0,0,0,0,0,4,6,6,0,2,0,0,0,6,0,12,0,0,0,0,0,12,0,0,0,8,0,2,0,0,0,0,0,2,0,2,0,6,0,0,0,0,0,0,0,0,0,2,6,0,0,0,0,0,4,0
0,0,0,0,0,0,0,0,0,20,0,0,0,0,0,0,0,0,0,0,0,2,0,2,0,0,0,0,0,0,0,4,0,8,0,2,0,0,0,0,0,0,0,0,2,0,0,0,0,0,0,4,0,2,0,0,0,14,0,10,0,0,0,0,0,10,0,0,0,14,0,0,0,0,0,0,0,0,0,2,0,10,0,0,0,0,0,0,0,0,0,0,0,0,0,0,0,2,2,0
0,0,0,0,2,0,0,0,0,12,0,0,0,0,0,0,0,2,0,0,0,2,0,0,0,0,2,0,0,0,0,2,0,0,0,0,0,0,0,0,0,0,0,0,2,0,0,2,4,0,0,4,0,2,0,0,0,12,0,0,0,0,0,0,0,14,0,0,0,16,0,0,0,0,0,0,2,0,0,0,0,4,0,0,0,0,0,0,0,0,0,0,0,0,0,2,0,0,10,0
0,0,0,0,2,0,0,0,0,6,0,0,0,0,2,0,0,0,0,0,2,0,0,0,0,0,0,0,0,0,0,0,2,6,0,0,0,0,0,0,0,0,0,0,0,0,0,0,0,0,0,0,2,2,0,0,0,14,0,0,0,0,0,0,0,12,0,0,0,12,0,0,0,0,0,0,0,2,0,0,0,4,2,0,0,0,0,0,0,0,0,0,4,0,0,2,0,0,8,0
0,0,0,0,0,0,0,0,0,18,0,2,0,0,0,0,0,0,0,0,0,0,2,0,0,0,0,0,0,0,0,0,0,12,0,0,0,0,2,0,0,0,2,0,0,0,0,0,0,0,0,2,0,0,0,0,0,12,0,2,0,0,0,0,2,14,0,0,0,18,0,0,0,0,0,0,0,0,0,0,0,8,0,2,0,0,0,0,0,0,0,0,0,0,0,0,0,0,6,2
0,0,0,0,0,0,0,0,0,10,0,0,0,0,0,0,0,0,2,0,0,0,0,0,0,0,2,0,0,0,0,0,0,4,0,0,0,0,0,0,0,0,0,0,0,0,0,0,0,0,0,4,4,0,2,0,0,2,0,2,0,0,0,0,0,22,0,0,0,20,2,0,0,2,0,0,0,0,0,0,0,0,2,0,2,0,0,0,0,0,2,2,2,0,0,0,2,0,16,2
0,0,0,0,2,0,2,0,0,18,0,0,0,0,0,0,0,0,0,2,0,0,0,0,0,0,2,0,0,0,0,0,2,10,0,0,0,0,0,0,0,0,0,0,0,0,0,0,0,0,0,2,0,0,0,2,0,16,0,10,2,0,0,0,0,12,2,0,0,10,0,0,0,0,0,0,0,0,0,0,0,2,0,0,0,0,0,0,0,0,0,2,0,0,0,0,0,0,6,0
0,0,0,0,0,0,0,0,0,16,0,0,0,0,0,0,0,0,0,0,0,0,0,0,2,0,0,0,0,0,0,0,0,14,0,2,2,0,0,2,0,0,0,0,0,0,0,0,0,0,6,2,0,0,0,0,0,0,0,4,0,2,0,0,0,10,0,0,2,16,0,0,0,0,0,0,0,2,0,0,0,2,0,0,0,0,0,0,0,2,0,4,0,0,0,0,0,0,10,0
0,0,0,0,0,0,0,0,0,2,0,0,0,6,0,0,0,4,0,0,2,0,0,2,0,0,0,0,0,0,0,4,0,16,0,0,4,0,0,2,0,0,0,0,4,0,0,0,2,0,8,14,0,6,0,0,4,0,0,8,2,0,0,0,0,4,0,0,0,6,0,0,0,4,0,0,0,6,0,2,0,8,0,2,4,2,6,0,2,4,0,4,4,0,0,4,0,0,2,0
0,0,0,0,0,2,0,0,0,2,0,0,0,10,0,2,0,2,4,0,4,0,2,2,0,0,4,0,0,0,0,6,0,6,4,2,6,4,0,2,4,0,0,2,6,0,0,2,0,2,6,8,0,6,0,0,0,2,0,2,2,2,0,0,0,4,4,0,0,0,0,0,0,2,0,0,0,8,0,12,0,6,0,0,6,0,6,0,0,0,0,8,6,4,0,0,0,0,2,0
0,0,0,0,8,4,4,0,0,0,0,0,0,6,0,0,0,6,2,0,6,0,0,0,0,0,6,0,0,0,0,6,0,16,0,2,12,6,0,2,6,0,2,2,10,0,0,0,18,8,10,10,2,6,0,2,0,2,2,4,8,0,0,0,8,0,2,0,0,0,8,0,0,4,0,0,12,6,0,10,0,8,0,0,10,0,6,0,0,8,0,4,14,8,0,0,0,4,2,0
0,0,2,0,14,10,6,0,0,2,0,0,0,0,0,0,0,8,10,8,6,0,0,0,0,0,6,0,0,0,0,4,0,6,2,2,8,8,0,8,14,2,2,6,8,10,0,0,4,4,8,8,2,18,2,6,0,0,0,0,2,0,0,0,10,0,4,0,0,0,16,0,0,4,2,0,12,6,2,10,0,0,6,0,12,0,14,0,0,10,0,8,10,14,0,10,0,10,0,0
0,0,2,0,8,8,8,0,0,2,0,0,0,0,0,0,0,14,8,6,8,0,0,2,2,2,16,0,0,0,0,4,0,4,2,0,12,10,2,4,6,0,2,2,2,16,0,0,12,4,2,8,0,6,2,4,0,2,4,0,18,2,0,6,14,0,10,0,0,0,10,2,0,6,6,0,16,2,0,12,2,0,6,0,22,0,24,0,2,20,0,2,20,8,0,6,0,8,0,2
0,0,6,0,6,14,12,0,0,0,2,2,2,2,0,0,0,22,8,12,22,0,0,8,0,0,12,0,2,0,0,0,0,6,0,0,4,4,2,0,14,2,10,2,6,2,0,0,20,12,6,6,0,2,2,2,0,0,2,0,8,0,0,8,20,0,12,0,0,0,18,0,0,12,4,0,10,2,0,10,0,0,14,0,6,0,24,0,0,14,0,6,10,4,4,12,0,2,0,2
0,0,4,0,12,12,10,2,0,2,0,0,0,0,0,0,2,14,12,6,8,0,0,14,0,0,8,0,0,2,0,0,0,0,4,0,12,4,0,16,10,0,2,6,6,10,0,0,12,10,2,2,0,10,0,2,0,0,0,0,8,0,0,4,12,0,12,0,0,0,4,2,0,14,2,0,10,4,0,8,0,0,8,0,6,0,18,0,0,6,0,6,8,16,4,10,0,10,0,2
0,0,6,0,10,6,4,0,2,0,0,0,0,0,0,0,0,4,6,16,8,0,0,20,0,0,14,0,0,0,0,0,0,4,2,0,8,14,0,2,6,2,4,4,8,10,0,0,16,8,0,2,0,6,4,2,0,0,4,0,0,0,0,2,14,0,12,0,0,0,10,0,0,10,2,0,12,0,2,2,0,0,6,0,14,0,6,0,2,16,0,2,14,20,2,6,2,10,2,2
0,2,2,0,14,6,8,0,0,0,0,0,0,0,0,0,0,22,4,8,10,0,2,4,0,0,8,0,0,0,0,0,0,0,2,0,10,4,0,2,24,2,4,4,18,14,0,2,10,6,4,6,0,6,4,0,0,0,4,0,12,0,0,8,10,0,16,0,0,0,8,0,0,6,2,0,16,2,2,4,0,0,4,0,4,2,10,0,0,6,0,0,12,10,10,18,0,4,0,0
0,0,2,0,0,16,8,0,0,0,0,0,0,0,0,0,0,18,8,2,4,0,0,14,2,0,0,0,0,0,0,0,0,2,22,0,12,6,2,4,16,4,2,12,18,28,0,0,6,2,2,6,0,2,2,12,0,0,2,0,12,0,0,8,14,2,20,2,2,2,6,0,0,14,10,0,6,2,0,12,0,0,4,0,16,0,12,0,0,6,0,0,14,10,2,16,2,16,0,2
0,0,6,0,4,12,2,0,0,0,0,0,0,0,0,0,0,6,16,8,8,0,0,12,2,6,8,0,0,0,0,0,0,0,12,0,2,6,2,4,6,14,2,16,26,34,0,0,4,0,2,2,0,0,0,14,0,0,0,0,8,2,0,4,4,0,10,0,0,0,4,0,0,14,0,2,8,0,0,4,0,0,4,0,14,0,16,2,0,14,0,0,8,6,0,16,2,12,0,2
0,0,4,0,0,12,2,0,0,0,2,0,0,0,0,0,2,6,16,6,2,0,0,10,2,6,0,2,2,0,0,0,0,4,24,0,0,2,8,0,12,8,2,12,10,10,0,0,4,0,2,0,0,4,0,22,0,0,0,0,14,0,0,2,4,0,4,0,2,0,6,0,0,12,2,0,0,0,0,0,0,2,10,0,6,0,18,0,0,6,0,0,6,0,2,6,0,6,2,8
0,0,4,0,0,18,2,0,0,0,0,0,0,2,0,2,0,6,18,2,0,0,0,4,2,4,4,0,0,0,0,0,0,0,20,0,6,2,2,2,2,14,2,12,10,14,0,0,8,0,2,6,2,8,0,24,0,2,0,0,14,0,0,0,6,0,2,0,0,0,2,0,0,20,2,0,2,2,0,0,0,0,0,2,8,0,26,0,0,8,0,0,4,0,4,14,2,8,0,14
0,0,0,0,0,14,4,0,0,0,0,0,0,2,2,0,0,8,12,6,2,0,0,4,8,8,6,0,2,0,0,0,4,0,22,2,4,2,8,2,4,18,0,16,8,18,0,0,6,0,2,2,2,0,0,24,0,2,0,0,12,0,0,2,0,0,12,0,0,0,2,0,4,12,2,0,2,0,0,6,0,0,2,0,4,0,8,0,0,2,0,2,2,2,0,10,0,8,0,10
0,0,12,0,2,12,8,0,0,0,0,0,0,2,0,0,0,6,6,6,2,0,0,10,10,4,2,0,0,0,0,2,0,4,18,0,0,2,8,0,6,16,0,24,16,14,0,0,8,4,0,0,2,4,4,34,0,0,0,0,8,0,0,0,4,0,2,0,0,2,2,0,0,10,2,0,6,0,0,2,0,0,4,0,6,0,24,0,0,10,0,0,4,4,2,6,0,8,0,12
2,0,0,0,2,12,2,0,0,0,0,0,0,0,0,0,0,4,18,6,2,0,0,12,6,6,6,0,0,0,0,0,0,6,20,0,4,0,8,0,2,12,6,12,16,28,0,0,14,2,0,0,0,2,0,24,0,0,0,0,16,0,0,4,10,0,4,0,2,4,6,2,0,18,2,0,4,2,0,2,0,0,2,0,8,0,10,0,0,12,0,0,2,0,2,12,0,12,0,20
0,0,4,0,4,18,6,0,0,0,0,0,0,2,0,2,0,18,8,10,8,0,0,12,0,0,6,0,0,0,0,0,0,4,6,2,4,2,2,2,4,10,2,8,10,20,0,0,6,2,2,4,2,10,2,6,0,0,0,0,2,0,0,2,12,0,14,0,0,0,0,0,0,4,4,0,14,2,0,4,0,0,0,0,16,0,26,0,0,16,0,4,20,4,6,10,0,8,2,4
0,0,4,0,6,18,16,0,0,0,0,0,0,0,0,2,0,22,8,2,12,0,0,4,0,0,6,2,0,0,0,0,0,6,4,0,20,6,2,8,8,2,2,8,12,6,0,0,8,6,2,6,0,2,2,4,0,2,2,0,18,0,0,0,8,0,14,0,0,0,14,0,0,8,4,0,10,4,0,6,0,0,4,0,10,0,12,0,0,18,0,4,6,18,2,12,6,4,0,0
0,0,4,0,10,6,8,0,0,0,0,0,0,0,0,0,2,2,6,12,8,0,0,12,0,0,12,0,0,0,0,0,0,10,14,0,6,10,0,2,6,0,2,12,6,8,2,0,14,8,2,2,0,8,0,0,0,0,2,2,4,0,0,4,10,0,8,0,0,0,12,0,0,12,0,0,4,0,0,4,0,0,6,0,8,0,24,0,0,12,0,0,10,18,4,22,0,12,0,4
0,0,2,0,12,8,8,0,0,0,0,0,0,0,0,0,0,6,8,10,6,0,0,6,0,0,10,0,0,0,0,0,0,4,2,0,18,8,0,4,8,2,4,0,10,14,0,0,22,8,0,10,0,2,4,0,0,2,2,0,6,0,0,2,16,0,4,0,0,0,8,0,0,8,0,0,12,0,0,10,0,0,6,2,12,0,20,0,0,8,0,2,12,4,2,10,0,8,0,4
0,2,10,0,6,2,12,0,0,0,0,2,0,2,0,0,0,16,10,12,0,0,0,10,0,0,6,0,0,0,2,0,0,2,2,0,12,6,0,4,12,0,4,4,22,8,0,0,12,6,2,4,0,2,2,2,0,0,4,0,12,0,2,8,10,0,18,0,0,0,4,0,2,12,2,0,4,0,0,8,0,0,2,2,6,0,16,0,0,16,0,0,12,10,6,24,0,4,0,0
2,0,0,0,8,6,10,2,0,2,0,0,0,0,0,0,0,14,8,10,14,0,0,12,2,0,10,0,0,0,0,0,0,6,4,0,16,8,0,10,20,0,0,0,4,6,2,0,8,2,0,2,0,6,2,2,0,0,2,0,4,0,0,6,10,0,8,0,0,0,10,0,0,10,2,0,8,6,0,18,0,0,2,0,4,0,12,0,4,10,0,2,12,20,8,4,0,22,0,4
0,0,0,0,8,6,6,0,0,0,0,0,0,4,0,0,0,8,6,8,8,0,0,8,0,2,22,0,0,0,0,2,0,6,4,0,16,18,0,8,8,0,6,4,12,6,0,0,10,2,0,10,0,8,2,0,2,0,2,0,10,0,0,6,14,0,12,0,0,0,20,0,0,2,0,0,10,0,0,6,0,0,2,0,14,0,16,0,0,12,0,0,14,18,0,8,0,14,2,0
0,0,0,0,10,6,6,0,0,0,0,0,0,4,0,0,0,16,8,2,2,0,0,0,0,0,4,0,0,0,0,4,0,4,6,0,12,12,0,6,12,2,0,2,10,2,2,0,4,4,14,14,0,16,2,0,0,0,0,2,2,0,0,4,2,2,16,0,0,0,22,0,0,6,0,0,10,8,2,10,0,0,6,0,10,0,12,0,2,6,0,4,16,6,2,4,0,8,0,2
0,0,2,0,6,4,4,0,0,0,0,2,2,4,0,0,4,6,2,4,8,0,0,6,0,0,4,0,0,0,0,4,0,14,0,2,2,8,0,0,2,0,2,2,4,0,0,0,8,2,8,16,0,28,0,0,2,2,0,0,2,0,0,2,4,0,4,0,0,0,4,0,0,0,0,0,8,10,0,6,0,4,0,2,26,0,12,0,0,12,0,12,8,6,0,2,0,8,0,0
0,0,0,0,0,0,0,0,0,0,0,0,0,12,0,0,0,2,0,0,2,0,0,2,0,0,2,0,0,0,0,8,0,18,0,0,8,2,0,0,0,0,0,2,2,0,0,0,0,4,10,16,0,20,0,2,0,2,0,8,4,0,0,0,6,2,0,0,0,0,4,0,0,0,0,0,4,2,0,2,0,14,2,0,8,0,2,0,0,4,0,10,6,2,0,2,0,4,2,2
0,0,0,0,0,0,2,0,0,10,0,0,2,2,0,0,0,0,0,0,2,0,2,0,0,0,2,2,0,0,0,0,0,10,0,0,4,0,0,0,0,0,0,0,0,0,0,0,0,2,12,10,0,8,0,0,0,8,0,6,0,0,0,0,8,4,2,0,0,4,2,0,0,0,0,0,0,2,0,4,0,12,2,2,4,0,4,0,0,0,0,10,12,0,0,0,0,0,6,2
0,0,4,0,0,0,0,0,2,14,0,0,0,2,0,0,0,0,0,0,0,0,0,0,0,0,0,0,0,0,0,2,0,6,0,2,0,2,0,0,0,0,0,2,0,0,0,0,0,2,4,10,0,0,0,0,0,2,0,8,0,0,0,0,2,8,0,0,0,0,0,0,0,0,0,0,0,8,0,2,0,8,0,0,2,0,2,0,0,0,2,0,6,0,0,0,0,0,12,0
0,0,4,0,0,0,0,0,2,20,0,0,0,0,0,0,0,2,0,0,0,0,0,0,0,0,0,0,0,0,0,0,0,10,0,0,0,0,0,0,0,0,0,0,0,0,0,0,0,2,0,0,0,2,0,0,0,2,0,4,0,0,0,0,0,12,2,0,0,4,0,0,0,0,0,0,0,0,0,0,0,12,0,0,0,0,0,0,0,0,0,0,0,0,2,0,0,0,8,2
0,0,2,0,0,0,0,0,0,14,0,0,0,0,0,0,0,2,0,2,0,0,0,0,0,0,0,2,0,0,0,0,0,8,0,2,2,0,0,2,0,0,0,0,0,2,0,0,0,2,4,6,0,0,0,0,0,8,0,4,0,2,0,0,0,12,0,0,0,12,0,0,0,0,0,0,0,2,0,0,0,2,0,0,2,0,0,0,0,0,0,0,0,0,0,0,0,0,10,0
0,0,0,0,0,0,0,0,0,20,0,0,0,0,0,0,0,0,0,0,0,0,0,2,0,0,2,0,0,0,0,0,0,6,0,2,0,0,0,0,0,0,0,0,0,0,0,0,0,0,0,6,0,0,0,0,0,10,0,2,0,2,0,0,0,4,0,0,0,12,0,0,0,0,0,0,0,0,0,0,0,0,0,0,0,0,0,0,0,0,0,0,0,0,0,0,0,0,16,0
0,0,2,0,0,0,0,0,0,10,0,0,0,0,0,0,0,0,0,0,0,2,0,0,0,0,0,0,0,0,0,2,0,4,0,0,2,0,0,2,0,0,0,0,0,0,0,0,0,0,0,4,0,2,0,0,0,18,0,0,0,2,0,0,0,2,0,0,0,20,0,0,2,0,0,0,0,2,0,0,0,6,0,0,0,0,0,0,0,2,0,0,0,0,0,0,0,0,4,0
0,0,0,0,0,0,0,0,0,20,0,0,0,0,0,2,0,0,2,0,0,0,0,0,0,0,0,0,0,0,0,0,0,6,0,0,0,0,0,0,0,0,0,0,0,2,0,0,0,0,0,6,0,0,0,2,0,14,2,2,0,0,2,0,0,2,0,0,0,16,2,0,0,0,0,0,0,0,0,0,0,2,0,0,0,0,0,0,0,0,0,0,2,0,0,0,0,0,16,0
0,0,0,2,0,0,0,0,0,10,0,0,0,0,0,0,0,0,0,0,0,0,0,0,0,0,0,0,0,0,0,0,0,10,0,0,0,0,0,2,0,0,0,0,0,0,0,0,2,0,0,0,0,0,0,0,0,12,0,0,0,0,0,0,0,10,0,0,0,18,0,0,0,0,0,0,0,0,0,0,0,2,0,0,0,0,0,0,0,0,0,0,2,0,0,0,0,0,4,0
0,0,0,0,0,0,0,0,0,26,0,0,0,0,0,0,0,0,0,0,0,0,0,0,0,0,0,0,0,0,0,0,0,4,0,0,2,0,0,2,0,0,0,0,0,0,0,0,0,0,0,2,0,0,0,0,0,18,0,2,0,0,0,0,0,10,0,0,2,14,0,0,0,0,0,0,0,0,0,0,0,4,2,0,0,0,0,0,0,0,0,0,0,2,0,0,0,0,10,0
0,0,0,0,0,0,0,0,0,12,0,0,0,0,0,0,0,2,0,0,0,0,0,0,0,0,0,0,0,0,0,0,0,8,2,0,0,0,0,2,0,0,0,0,0,0,0,0,0,0,0,4,0,0,0,0,2,2,0,6,0,0,0,2,2,8,0,0,0,26,0,0,0,2,0,0,0,0,0,0,2,6,0,0,0,0,0,0,0,0,0,0,2,0,0,0,0,0,12,0
0,0,0,0,0,2,0,0,0,14,0,0,0,0,0,0,0,0,0,0,0,0,0,0,0,0,0,0,0,0,0,0,0,8,0,0,2,0,0,0,0,0,0,0,0,0,0,0,0,0,0,6,0,0,0,0,0,18,0,10,0,2,0,0,0,4,0,0,0,10,2,0,2,0,0,0,0,0,0,0,0,4,0,0,0,0,0,0,0,0,0,2,4,0,2,0,0,0,14,0
0,0,0,0,0,2,2,0,0,18,0,0,0,0,0,0,0,0,0,0,0,2,0,0,0,0,0,0,0,0,0,6,0,12,0,2,2,0,0,0,0,0,0,0,0,0,0,0,0,0,4,8,0,0,0,0,0,12,0,14,2,0,0,0,0,18,0,0,0,8,0,0,0,0,0,0,0,0,0,2,0,6,0,0,4,0,0,0,0,4,0,4,2,0,0,0,0,0,8,0
0,0,0,0,2,2,2,0,0,4,0,2,0,2,0,0,0,0,4,2,0,0,0,2,0,0,4,0,0,0,0,0,0,12,0,0,4,2,0,0,0,0,0,0,0,0,0,0,0,0,4,14,2,4,0,0,0,0,0,8,2,0,0,0,0,8,0,0,0,4,0,0,0,2,0,0,0,0,0,2,0,12,0,0,2,2,2,0,0,0,0,0,2,2,0,0,0,2,10,0
0,0,0,0,4,2,0,0,0,4,0,0,0,2,0,0,0,0,2,0,0,2,0,2,0,0,0,0,0,0,0,4,0,12,0,0,8,0,0,0,2,0,0,0,4,0,0,0,0,4,10,20,0,10,0,2,0,4,0,8,0,0,0,2,0,0,0,0,0,4,2,0,0,2,2,0,0,10,0,4,0,12,0,0,4,0,4,0,0,4,0,8,6,0,0,0,0,4,6,2
0,0,0,2,6,2,4,0,0,0,0,0,0,12,0,0,0,2,6,0,2,0,0,4,0,0,0,0,0,0,0,10,0,8,0,0,0,2,0,2,4,0,2,2,4,0,0,0,0,2,18,20,0,24,0,0,0,0,0,2,8,0,0,0,4,2,6,0,0,0,4,0,0,0,0,2,2,8,0,8,0,6,0,0,12,0,6,0,0,4,0,14,6,4,0,2,0,6,2,0
0,0,4,0,6,6,2,0,0,4,0,2,2,12,0,0,0,2,2,2,2,0,2,0,0,2,2,0,0,0,2,4,0,8,0,0,10,2,0,6,0,0,0,0,2,0,0,0,6,2,12,10,0,20,2,0,0,0,0,0,8,0,0,0,4,2,4,2,0,0,10,0,0,12,0,0,12,6,0,6,0,2,0,0,22,0,14,0,0,8,0,4,10,2,2,6,0,2,0,0
0,0,0,0,2,8,12,2,0,2,2,0,0,4,0,0,0,6,4,4,6,0,0,4,0,0,12,0,0,0,0,0,0,10,0,0,10,10,0,2,14,0,2,6,4,2,0,0,10,8,2,10,0,4,0,0,0,0,0,0,10,2,0,2,8,0,10,0,0,0,12,0,0,4,0,0,12,4,0,10,0,4,4,2,16,0,20,0,2,12,0,6,10,12,0,10,0,8,0,0
0,0,6,2,6,6,8,0,0,0,0,0,0,4,0,0,2,4,0,6,10,0,0,8,0,0,4,0,2,0,0,0,2,0,2,0,12,12,0,2,10,0,2,6,12,18,2,0,10,4,4,8,0,6,2,2,0,0,4,0,4,0,0,4,8,0,12,0,0,2,22,0,0,16,0,0,8,0,0,6,0,2,4,0,10,0,16,0,2,12,0,2,14,14,0,4,2,14,0,0
0,0,0,0,2,2,10,0,0,0,0,2,0,0,0,0,0,20,4,10,6,0,0,12,0,0,4,0,0,0,0,0,0,2,6,2,8,4,2,4,10,2,4,4,4,2,2,0,14,2,2,4,2,2,4,10,0,0,2,0,8,2,0,4,10,0,16,0,0,0,6,0,2,18,2,0,6,0,0,8,0,0,2,0,8,0,16,0,0,8,0,6,6,14,4,10,0,6,0,2
0,2,6,0,12,4,14,0,2,0,4,0,0,0,0,0,0,14,10,10,8,2,0,10,0,0,4,0,0,0,0,0,0,2,6,0,10,8,0,8,16,0,2,6,8,12,0,0,6,10,0,4,0,2,2,0,0,0,6,0,6,0,0,4,12,0,8,0,0,0,10,0,2,14,0,0,16,4,0,8,0,0,6,0,6,0,20,0,4,10,0,10,12,10,0,2,0,6,2,0
0,0,8,0,10,8,4,0,0,0,0,0,0,0,0,4,0,4,8,12,14,0,0,6,0,0,10,0,0,0,0,0,0,2,4,0,4,8,0,0,6,0,6,4,20,16,0,0,8,8,0,6,2,4,2,2,0,2,4,0,4,2,0,2,12,0,16,0,0,0,12,0,0,10,2,0,8,0,0,6,0,0,2,0,6,0,14,0,0,14,2,6,14,10,12,18,0,6,0,4
0,0,6,0,8,8,6,4,2,2,0,0,0,0,0,0,0,8,4,24,8,0,0,10,0,0,8,0,0,0,0,0,0,2,4,0,10,4,2,6,12,2,18,2,2,8,0,0,12,12,2,4,0,6,10,0,2,0,0,0,12,0,0,2,14,0,6,0,0,0,8,2,0,10,8,0,0,0,2,2,0,0,6,0,6,0,10,0,0,8,0,2,4,8,2,12,4,10,0,0
2,0,8,0,6,2,14,2,0,0,0,2,2,0,0,0,0,4,4,26,0,0,0,4,0,0,8,0,2,0,0,2,0,2,0,2,6,6,0,2,16,0,16,2,6,4,0,2,4,8,0,0,12,0,4,0,2,0,0,0,4,0,0,18,22,0,12,2,0,0,2,0,0,10,14,4,0,0,6,2,0,0,8,0,0,0,14,0,0,2,2,0,4,6,22,14,8,6,0,0
18,0,8,4,2,2,0,4,0,0,4,0,16,0,0,4,2,0,2,8,2,0,0,4,0,0,2,0,0,0,0,0,0,0,2,16,0,0,0,2,2,0,14,0,2,0,0,16,0,4,0,4,12,2,4,0,6,0,0,0,2,8,0,4,10,0,4,0,0,0,0,2,0,2,8,8,0,0,16,0,2,0,8,0,0,0,4,4,0,0,0,0,2,0,12,6,10,0,0,0
4,0,12,6,2,2,2,12,0,0,8,0,4,0,0,4,12,0,2,8,0,0,0,2,0,0,2,0,2,6,0,0,0,0,0,2,0,0,0,0,0,0,2,0,0,0,0,22,0,0,0,0,10,0,18,0,8,0,0,0,0,14,0,0,0,0,4,0,0,0,0,0,2,0,6,4,0,0,8,0,4,0,0,0,0,4,0,4,0,0,6,0,0,0,2,4,8,0,0,0
16,0,4,8,0,2,0,6,0,0,8,0,16,0,0,22,4,0,2,6,0,0,0,0,2,0,0,0,0,6,0,0,2,0,2,16,0,0,0,0,0,2,0,0,4,0,0,12,0,0,0,0,22,0,30,0,8,0,0,0,0,14,0,2,0,0,0,0,0,0,0,0,0,0,8,8,0,0,8,0,2,0,0,0,0,0,0,10,0,0,4,0,0,0,6,2,12,2,0,0
16,0,6,8,0,4,0,10,0,0,8,0,10,0,0,4,10,0,4,6,0,0,0,0,0,0,0,0,2,6,0,0,0,0,0,6,0,0,0,0,0,0,0,0,0,0,0,10,0,0,0,0,20,2,18,0,8,0,0,0,2,24,0,0,2,0,4,2,0,0,0,0,0,0,4,6,0,0,14,0,6,0,2,0,0,0,0,12,0,0,10,0,2,2,2,4,12,0,0,0
16,0,8,12,0,0,0,12,0,0,6,0,4,0,0,6,2,0,0,4,0,0,0,0,0,0,4,0,0,14,0,2,0,0,0,8,0,0,0,0,0,0,0,2,2,0,0,8,2,0,0,0,22,0,18,0,14,0,0,0,0,14,0,0,2,0,2,0,0,0,0,0,0,0,2,14,0,0,4,2,24,0,4,0,4,0,2,4,0,0,4,0,0,2,6,4,12,0,0,0
8,0,0,8,0,0,0,8,0,0,8,0,22,0,0,8,4,2,0,8,0,0,0,0,0,0,0,0,0,8,0,0,0,0,2,14,0,0,0,0,0,0,2,0,0,0,0,14,0,2,0,0,16,2,20,0,12,0,0,0,0,12,0,2,4,0,2,0,0,0,2,0,0,0,8,6,2,0,12,0,14,0,0,0,2,2,0,6,0,0,4,0,0,0,4,4,8,0,0,0
6,0,6,4,0,0,0,14,0,0,0,0,12,0,0,12,2,0,4,10,2,0,0,0,0,2,4,0,0,0,0,0,0,0,0,4,2,2,0,0,0,0,4,0,0,0,0,6,0,0,0,0,12,0,20,0,8,2,0,0,0,8,0,8,2,0,4,0,2,0,2,0,0,0,4,6,2,0,12,0,4,0,6,2,0,0,2,4,2,0,2,0,0,0,6,14,8,2,0,0
0,0,16,0,2,0,2,6,0,0,0,0,6,0,0,2,0,4,2,12,2,0,0,10,0,0,8,0,0,0,0,0,0,0,0,4,0,12,0,0,4,0,14,4,6,0,0,4,4,2,0,0,8,0,8,0,0,0,0,0,4,2,0,18,2,0,8,0,0,0,0,0,0,12,12,2,0,0,8,0,0,0,14,0,6,0,8,0,2,0,0,0,4,2,20,24,8,4,0,2
0,0,14,0,10,4,4,4,0,0,0,0,0,0,2,2,0,10,6,10,10,0,0,8,0,2,12,0,0,0,0,0,0,0,0,0,12,8,0,4,10,0,2,8,2,18,0,0,8,8,0,0,6,2,4,0,0,0,0,0,10,0,0,8,12,0,6,0,0,0,4,0,0,14,10,2,6,0,0,0,0,0,8,0,2,0,18,0,0,8,0,0,4,10,6,28,2,8,0,2
0,0,2,0,2,14,10,2,0,0,0,0,0,0,0,0,0,22,4,4,6,0,0,10,0,0,10,2,0,0,0,0,0,4,0,0,6,4,0,8,12,0,2,6,8,6,0,0,12,8,0,4,6,0,4,0,0,0,2,0,6,0,0,6,18,0,6,0,0,0,6,0,2,6,4,0,8,0,0,4,0,2,0,0,8,0,12,0,2,18,0,0,18,16,6,22,0,8,0,2
0,0,4,0,4,4,12,0,0,0,0,2,0,0,0,2,0,10,2,10,6,0,2,8,0,0,16,0,0,0,0,0,0,10,2,0,12,6,0,8,10,2,8,4,6,12,0,2,12,10,0,4,2,0,2,4,0,0,0,0,6,0,0,2,6,0,16,0,0,0,16,0,0,6,2,0,10,0,0,4,0,0,16,0,2,0,20,0,0,4,0,0,10,6,6,16,0,16,0,2
0,0,4,0,6,8,16,0,0,0,0,0,0,0,0,0,0,14,12,10,8,2,2,10,0,0,12,2,0,0,0,0,0,4,4,0,6,8,0,4,12,2,0,6,14,18,0,0,14,16,0,4,4,2,4,6,0,0,8,0,8,0,0,2,12,0,16,0,0,0,4,0,0,12,6,0,14,4,0,2,0,0,2,0,6,0,14,0,2,16,2,2,6,8,2,10,0,6,0,0
0,0,4,0,18,2,2,2,0,0,0,0,2,0,0,0,2,12,4,20,16,0,0,6,2,0,4,0,0,0,0,0,0,2,8,0,8,8,0,4,2,0,6,6,16,4,0,2,10,8,2,8,2,4,0,8,0,0,4,0,8,0,0,4,10,0,20,0,0,0,16,2,0,10,4,0,12,0,0,6,0,0,6,0,16,2,14,0,0,18,0,2,6,8,4,8,0,2,0,4
0,2,2,2,6,12,6,0,2,0,0,0,0,6,2,0,2,6,6,12,8,0,0,4,2,2,12,0,0,0,0,2,0,10,0,0,18,6,0,4,4,0,0,2,14,2,0,0,8,6,4,2,0,8,0,8,2,0,2,2,8,0,0,2,10,0,2,0,0,0,18,0,0,2,0,0,10,6,0,12,0,4,4,0,14,2,22,0,0,20,0,2,6,4,2,10,0,6,0,0
0,0,4,0,4,6,2,0,0,0,0,0,2,6,0,0,0,6,2,2,0,0,2,2,0,0,2,0,2,0,0,4,0,12,2,2,6,4,0,4,0,0,0,0,0,4,0,0,8,6,12,16,0,18,0,2,0,0,0,4,6,0,0,0,4,4,8,0,0,0,2,0,0,2,0,0,4,0,0,4,0,4,0,0,6,2,12,0,4,12,0,8,4,6,2,0,0,10,2,0
0,0,0,2,0,0,0,0,2,2,0,0,0,4,2,0,2,0,6,0,0,0,0,0,0,0,2,0,0,0,0,6,0,16,0,0,0,2,0,0,0,0,0,0,0,0,0,0,8,4,8,8,2,8,0,0,2,2,0,12,2,0,0,0,0,14,0,0,0,4,0,0,0,0,0,0,0,0,0,2,0,14,0,0,6,0,4,0,0,2,0,4,12,2,0,0,0,2,8,0
0,0,0,0,2,0,0,0,4,14,0,0,0,2,0,0,0,0,2,0,0,0,2,0,2,0,0,0,0,0,0,0,0,12,0,0,0,2,0,0,0,0,0,0,0,0,0,0,0,0,0,12,0,6,0,0,0,4,0,8,2,0,0,0,0,14,0,0,2,6,0,0,0,0,0,0,0,0,0,2,0,6,0,0,2,2,2,0,0,0,0,2,2,2,0,0,0,0,4,0
0,0,0,0,0,0,2,0,2,6,0,0,0,4,0,0,0,0,2,0,0,0,0,0,0,2,0,0,0,0,0,2,2,10,2,2,0,0,0,0,0,0,0,0,0,0,0,0,0,0,0,12,2,4,0,0,0,6,0,4,0,0,0,2,0,10,0,0,0,12,0,0,0,0,0,0,0,2,0,0,0,8,0,0,0,0,0,0,0,0,0,4,2,0,0,0,0,2,8,0
0,0,0,0,2,0,0,0,0,8,0,0,0,2,0,0,0,0,0,2,0,0,2,0,0,0,0,0,0,0,0,0,0,4,0,0,0,0,0,2,0,0,0,0,0,0,0,0,0,0,6,14,0,0,0,0,0,6,0,6,0,0,0,0,0,12,2,0,0,14,0,0,0,0,0,2,0,0,0,0,0,8,0,0,0,0,2,0,0,0,0,2,6,0,0,2,0,0,10,0
0,0,0,0,0,2,0,0,0,2,0,0,0,0,0,0,0,0,0,0,0,0,0,2,0,0,0,0,0,0,0,0,0,14,0,0,0,0,0,0,0,0,0,0,0,0,0,0,0,0,4,10,2,0,0,0,0,8,0,4,2,0,0,0,0,16,0,0,0,2,0,0,0,2,0,0,0,6,0,2,0,8,0,2,2,0,0,2,0,2,0,6,4,0,0,0,2,0,8,0
0,0,0,0,0,2,0,0,0,14,0,0,4,0,0,0,0,2,0,2,2,0,0,0,0,0,0,0,0,0,0,0,0,10,0,0,0,0,0,2,0,0,0,2,0,0,0,0,0,4,6,0,0,0,0,0,0,6,0,4,2,0,0,2,0,4,0,2,0,10,0,0,0,0,0,0,0,0,0,4,2,18,0,0,4,0,2,0,0,2,0,0,4,0,0,0,0,0,4,0
0,0,0,0,2,0,0,0,2,14,0,0,0,0,0,0,0,0,0,0,0,0,2,2,0,0,0,0,0,0,0,0,0,10,0,0,0,2,0,0,2,0,0,0,0,0,0,0,0,0,6,10,0,2,2,0,0,4,0,12,0,0,0,0,2,4,0,0,0,10,0,0,2,0,0,0,0,2,0,0,0,16,0,0,0,0,0,0,0,0,0,0,2,2,0,0,0,2,10,0
0,2,0,0,2,4,0,0,0,6,0,0,2,4,0,0,2,2,2,0,0,0,0,0,0,0,4,0,0,0,0,0,0,12,2,0,6,0,0,0,0,0,0,0,2,0,0,2,0,0,10,10,0,12,0,0,2,2,0,2,0,0,2,0,0,6,4,0,0,8,0,0,0,0,0,0,0,8,0,0,0,10,0,0,4,0,0,0,0,2,0,6,12,0,0,2,0,4,4,0
0,0,0,0,0,6,8,0,0,2,0,0,0,10,0,0,0,6,0,0,4,0,0,4,2,0,2,0,0,0,0,10,0,10,0,0,6,2,0,2,0,0,0,0,8,0,2,0,2,4,12,14,0,14,0,0,0,0,0,0,4,2,0,0,2,0,4,0,0,2,4,0,0,4,0,0,8,8,0,8,0,4,2,0,4,0,6,0,2,2,0,8,20,4,0,2,0,8,2,2
2,0,6,0,4,8,4,0,0,0,0,0,2,2,2,0,0,16,0,2,10,0,0,12,0,0,14,0,0,0,0,2,0,4,4,2,10,8,0,4,6,0,0,4,4,8,0,0,10,12,2,8,0,12,4,0,0,0,4,0,6,0,0,4,12,0,10,0,0,0,16,0,2,4,0,0,12,0,0,6,0,0,0,0,12,0,18,0,2,6,0,4,8,16,2,4,0,6,0,0
0,2,0,0,6,4,10,2,0,0,0,0,0,0,0,0,0,10,6,14,12,0,0,8,0,0,20,0,0,0,0,2,2,10,0,0,24,12,0,4,12,0,0,4,8,10,0,0,4,0,0,8,0,0,2,6,0,0,4,0,10,0,0,4,6,2,6,0,0,0,6,0,0,8,4,0,14,2,0,12,0,0,2,0,4,2,18,0,2,8,0,2,10,18,4,10,0,12,2,0
0,0,0,0,6,8,2,0,0,0,0,0,0,0,2,0,2,12,8,2,8,2,0,2,0,0,10,0,2,0,0,0,2,0,2,0,8,6,2,8,12,0,4,10,14,14,4,0,14,6,2,12,2,6,2,0,0,0,8,0,8,0,0,2,12,0,26,0,0,0,6,0,2,8,0,0,4,2,0,8,0,2,6,2,6,2,18,0,4,20,0,2,6,4,4,22,0,4,0,0
0,0,10,0,4,4,2,0,0,0,0,0,0,0,0,0,0,14,6,10,16,0,4,6,0,2,2,2,0,0,0,2,0,0,6,0,6,2,0,6,10,6,6,2,16,22,2,0,18,10,0,16,0,2,2,2,0,0,6,0,10,0,0,4,12,0,4,0,0,0,14,2,0,8,4,0,10,0,0,12,0,0,6,0,8,0,16,2,0,16,0,2,14,4,10,8,0,14,0,0
0,0,2,0,2,2,12,0,0,0,0,0,0,0,0,4,0,10,8,0,14,0,0,4,0,0,10,0,2,0,0,0,0,4,2,0,14,8,0,6,8,2,2,2,2,10,0,0,6,2,2,4,0,2,6,6,0,2,0,0,6,0,0,14,18,0,12,2,0,0,20,2,0,6,2,0,20,0,0,2,0,0,2,0,2,2,22,0,0,14,0,2,12,20,6,14,2,6,0,0
0,0,4,0,10,12,2,0,0,0,0,2,0,0,2,0,0,12,10,8,10,0,0,22,0,0,6,0,0,0,0,0,0,10,4,0,6,6,0,4,8,2,6,2,8,10,0,0,10,2,4,2,0,2,2,2,4,0,4,0,8,0,0,0,4,0,10,0,0,0,6,0,2,8,2,0,8,2,4,8,0,0,12,0,4,0,10,0,2,12,0,0,16,10,2,8,0,10,2,0
0,0,4,0,2,6,0,0,2,0,0,0,0,4,0,0,0,6,4,4,4,2,2,10,0,0,8,0,0,0,0,0,0,12,4,0,10,4,0,2,2,4,0,4,4,4,0,0,8,8,4,0,0,12,0,0,0,0,0,0,8,0,0,0,10,0,12,0,0,0,8,2,4,4,0,0,14,4,0,2,0,4,2,0,14,0,8,2,0,14,0,8,14,4,0,6,0,6,2,2
0,0,0,0,4,6,4,0,0,0,0,0,0,4,0,0,0,2,2,0,0,0,0,0,0,0,2,0,0,0,0,4,0,10,0,0,12,4,0,2,2,0,2,0,6,0,0,0,4,2,8,20,0,12,0,2,0,0,0,2,2,0,0,0,2,0,2,0,0,0,6,0,0,4,0,0,6,8,0,10,0,2,0,0,22,0,6,0,0,12,0,8,6,2,0,2,0,6,0,0
0,2,0,0,2,0,4,0,0,14,0,2,0,6,0,0,0,2,4,0,0,0,0,2,2,0,0,0,0,0,0,14,0,14,0,2,6,0,0,2,0,0,0,0,2,0,0,0,2,2,24,6,0,10,0,0,0,2,0,6,6,0,0,2,4,4,0,0,2,4,0,0,2,2,0,0,2,6,0,10,0,16,0,0,10,0,2,0,0,2,0,6,10,2,2,0,0,4,0,0
0,0,2,0,0,0,2,0,0,8,0,0,0,2,2,0,0,0,0,2,0,4,0,0,0,0,0,0,0,0,0,2,0,14,0,0,2,0,0,0,0,0,0,0,0,0,0,0,2,0,4,10,0,6,0,0,0,6,0,14,0,2,0,0,0,8,0,0,0,6,0,0,0,0,0,0,2,4,0,0,0,8,0,0,0,0,0,0,0,2,0,8,4,2,0,0,0,2,8,0
0,0,0,0,0,0,0,0,0,26,0,0,0,0,0,0,2,0,0,0,0,0,0,2,0,0,0,0,0,0,0,0,0,4,0,0,0,0,0,0,0,0,0,0,0,0,0,0,0,0,0,10,0,0,0,0,0,4,0,6,2,0,0,0,0,16,0,0,0,12,0,2,0,0,0,0,0,0,0,0,0,4,0,0,2,0,0,0,0,0,0,2,2,0,0,0,0,0,12,0
0,0,0,0,0,0,0,0,0,16,2,0,0,0,2,0,0,0,2,2,0,0,0,0,0,0,0,0,0,0,0,0,0,8,0,0,0,0,0,0,0,0,0,0,0,0,0,0,0,0,0,0,2,0,0,0,0,4,0,4,0,0,0,2,0,6,0,0,0,22,0,0,0,2,0,0,0,0,0,2,0,6,0,0,0,0,0,0,0,0,0,0,0,0,0,0,0,0,4,0
0,0,0,0,0,0,0,0,2,24,0,0,0,0,0,0,0,0,0,0,0,0,0,0,0,0,0,0,0,0,2,0,0,4,0,0,0,0,0,2,0,0,0,0,0,0,0,0,2,0,0,2,0,2,0,2,0,16,0,6,0,0,0,0,0,16,0,0,0,16,0,0,2,0,0,0,0,0,0,0,0,4,0,0,0,0,0,0,0,0,0,0,0,0,0,2,0,0,6,0
2,0,0,0,2,2,0,0,0,12,2,0,0,0,0,0,0,0,2,0,0,0,0,0,0,0,0,0,0,0,0,2,0,8,0,0,2,0,0,0,0,0,0,0,0,0,0,0,0,0,0,4,0,0,0,0,0,12,0,0,0,2,0,0,0,8,0,0,0,28,0,0,0,0,0,0,0,0,0,0,0,6,0,0,0,0,0,2,0,0,0,0,0,0,0,0,0,2,14,0
0,0,0,0,0,0,0,0,0,16,0,0,0,0,0,0,0,0,0,0,0,0,0,0,0,2,0,0,0,0,0,0,0,0,0,0,0,2,0,0,0,0,0,0,0,0,0,0,0,0,0,6,0,4,0,0,0,6,0,4,0,0,0,0,0,16,0,0,0,18,2,0,0,0,2,0,0,0,0,0,0,0,0,2,0,0,2,0,0,0,0,0,4,0,0,2,0,0,10,0
0,0,0,0,0,0,0,0,0,18,0,0,0,0,0,0,0,0,0,0,0,0,0,0,0,0,0,0,0,0,0,0,0,6,0,0,0,0,0,4,0,0,0,0,2,0,0,0,2,0,0,8,0,0,4,0,0,8,0,8,0,0,0,0,2,22,0,0,0,16,0,2,0,0,0,0,0,0,0,2,2,6,0,0,2,0,0,0,0,0,0,0,0,0,0,0,0,0,6,2
0,0,0,0,0,0,0,0,0,24,0,0,0,0,0,0,0,2,0,0,0,0,0,0,0,0,0,0,0,0,2,2,0,12,0,0,0,4,0,0,0,0,0,0,0,0,0,0,2,0,6,8,0,2,0,0,0,8,0,12,2,0,0,0,0,2,0,0,0,12,0,0,0,0,2,0,0,2,0,2,0,8,0,0,4,0,0,0,0,2,0,0,8,2,0,0,0,0,4,0
0,0,0,0,4,0,4,0,0,6,0,0,2,6,0,0,0,0,0,0,0,2,0,0,0,0,0,0,0,0,0,8,0,12,0,2,2,2,0,0,4,0,0,2,4,2,0,0,0,10,22,12,0,8,0,0,2,2,0,6,6,0,0,0,2,4,0,0,0,4,6,2,0,0,0,0,2,6,0,4,0,6,0,2,2,0,2,0,0,2,0,10,12,0,0,0,0,0,2,0
0,0,0,0,2,8,4,0,0,0,0,0,0,8,0,0,0,0,0,4,2,0,0,2,0,0,6,0,0,0,0,8,0,16,4,0,4,2,0,8,2,0,0,2,0,0,0,0,2,10,10,4,0,12,2,0,0,0,0,0,0,0,0,0,10,4,2,0,0,0,12,2,0,12,0,0,4,6,0,4,0,10,0,0,10,0,6,2,0,12,0,4,12,6,2,0,0,4,2,0
0,0,2,0,10,10,4,0,0,0,2,0,0,2,0,0,0,12,6,6,0,0,0,2,0,0,4,0,2,0,0,2,0,4,4,0,10,10,0,2,4,0,0,4,10,6,0,2,6,12,8,4,2,14,2,2,0,0,2,2,2,0,0,0,20,0,6,0,2,2,18,0,2,8,0,0,12,8,0,8,0,8,8,0,8,2,20,0,2,8,0,6,8,6,0,0,2,4,4,2
0,0,10,0,8,8,6,0,0,0,0,0,0,0,0,0,0,14,4,10,10,0,0,6,2,0,8,0,0,0,0,6,0,4,4,0,16,0,0,6,12,0,4,6,10,4,0,0,6,0,4,6,0,6,2,2,0,0,0,0,8,0,0,0,8,0,6,0,0,0,16,0,0,10,2,0,4,0,0,2,2,0,4,2,30,0,8,0,0,22,0,0,10,20,2,10,0,10,0,0
0,0,2,0,6,8,6,0,0,0,0,0,0,0,0,0,0,12,10,6,8,0,0,10,0,0,14,0,0,0,0,4,0,2,0,0,10,4,0,8,14,2,2,6,8,8,0,0,20,4,2,6,0,2,4,8,0,0,6,0,14,0,0,2,10,0,8,2,0,0,10,0,0,12,0,0,12,0,0,4,0,0,6,0,8,0,14,0,0,16,0,2,6,10,4,14,0,10,0,6
0,0,4,0,6,2,4,0,0,0,0,0,0,0,0,0,0,16,6,8,4,0,0,4,2,0,12,0,0,0,0,0,0,4,4,0,14,10,0,4,10,4,6,8,10,8,0,0,4,12,4,2,0,10,0,2,0,0,4,0,4,0,0,6,18,0,18,0,0,0,8,0,0,6,0,0,8,0,0,8,0,0,8,0,6,0,22,0,2,12,0,2,0,18,2,10,0,6,0,2
0,0,4,0,4,6,8,0,0,0,0,0,0,2,0,0,0,8,4,4,16,0,0,6,0,0,14,0,0,0,0,0,0,6,2,0,12,8,0,4,10,0,2,2,10,4,2,0,12,4,2,4,2,12,2,0,0,0,0,0,6,0,0,4,16,0,6,0,0,0,8,0,0,8,2,0,20,0,0,4,0,0,4,0,6,0,20,0,2,2,0,2,14,10,2,8,0,8,0,0
0,0,10,0,6,4,10,0,0,0,0,0,0,0,2,0,0,2,12,8,8,0,0,10,2,4,14,0,0,0,0,0,0,0,2,0,14,6,2,4,18,0,8,4,2,12,0,2,10,2,2,6,0,4,10,6,0,0,2,0,8,0,0,2,6,0,18,2,0,2,8,0,0,8,0,0,2,0,0,2,0,0,6,0,8,0,16,0,2,12,0,2,10,8,2,12,0,6,0,2
0,0,8,0,6,4,6,0,0,0,2,0,0,0,2,0,2,2,10,2,10,0,2,12,0,0,14,0,0,0,0,2,0,4,4,2,22,4,0,2,14,2,2,6,6,16,0,0,12,8,2,2,2,10,0,2,0,0,2,0,8,0,0,6,10,2,6,0,4,0,4,0,2,6,0,0,18,4,0,8,0,2,6,0,14,0,18,0,0,6,0,0,18,8,0,8,0,16,0,2
0,0,2,0,8,4,4,0,2,0,0,2,0,4,0,0,0,8,10,2,10,0,0,10,2,2,6,0,0,0,0,2,0,4,0,0,12,6,0,4,12,0,0,2,4,0,0,0,10,4,12,4,4,10,0,0,0,0,2,4,4,0,0,2,4,0,2,0,0,0,4,0,0,8,0,0,14,10,0,4,0,4,2,0,14,0,14,0,0,6,0,4,22,10,0,2,0,8,2,0
0,0,2,0,4,6,2,0,0,0,0,0,0,8,0,0,0,4,2,0,2,0,2,0,0,0,2,0,0,0,0,6,0,20,0,0,6,0,0,0,2,0,0,0,2,0,0,0,6,4,16,14,0,10,0,0,0,0,0,8,4,0,0,0,2,2,2,0,0,0,4,0,0,4,0,0,2,2,0,18,0,6,2,0,8,0,12,0,0,4,0,8,8,2,0,0,0,6,0,2
0,0,0,0,0,0,0,0,2,6,0,0,4,2,0,0,0,0,2,2,0,0,0,2,0,0,0,0,0,0,0,4,0,10,0,0,0,2,0,0,0,0,0,0,0,0,0,0,0,2,6,12,2,6,0,0,0,2,0,8,0,0,0,0,0,4,2,0,0,6,0,0,0,2,0,0,0,2,0,6,0,14,0,2,2,0,0,2,0,4,0,4,0,2,2,0,0,2,0,0
0,0,0,0,0,0,0,0,0,22,0,0,0,0,0,0,0,2,0,0,0,0,2,0,0,0,2,0,0,0,0,0,0,2,0,0,0,0,0,0,0,0,0,0,2,0,0,0,0,0,0,6,0,0,0,0,0,12,0,6,0,0,0,0,0,8,0,2,0,18,0,2,0,0,0,0,0,0,0,0,0,12,0,0,2,2,2,0,0,0,0,2,2,0,0,0,0,2,6,0
0,0,0,0,0,0,0,0,0,22,0,0,2,0,0,0,0,2,0,0,0,0,0,0,0,0,0,0,0,0,0,0,0,2,0,0,0,0,0,0,0,0,0,0,0,0,0,0,0,0,0,6,0,2,0,0,0,14,0,2,0,0,0,0,0,8,0,0,0,14,0,2,0,0,0,0,0,0,0,0,0,4,0,2,2,0,2,0,0,0,0,0,0,0,0,0,0,0,10,0
0,0,0,2,0,0,0,0,0,16,0,0,0,0,0,0,0,0,2,0,0,0,0,0,0,0,0,0,0,0,0,0,0,6,2,0,0,0,0,0,0,0,0,0,0,0,0,0,0,0,0,0,0,2,0,0,0,8,0,6,0,0,0,0,0,6,0,0,0,14,0,0,0,0,0,0,0,0,0,0,4,4,0,0,2,0,0,0,0,2,0,0,0,0,2,0,0,0,4,0
0,0,0,0,0,0,0,0,4,14,0,0,2,0,0,2,2,0,0,0,0,0,0,0,0,0,2,0,0,0,0,2,0,2,0,2,0,0,0,0,0,0,0,0,0,0,0,0,0,0,0,6,0,0,0,0,0,10,0,8,0,0,0,0,0,10,0,0,0,14,0,0,2,0,0,0,0,0,0,0,0,8,0,0,2,0,0,0,0,0,0,2,2,0,2,0,0,0,4,0
0,0,0,0,0,0,0,0,0,24,0,0,0,0,0,0,2,0,0,0,0,0,4,0,0,0,2,0,2,0,0,0,0,4,0,0,0,0,2,0,0,0,0,0,0,0,0,0,0,0,0,8,0,0,2,0,0,20,0,2,0,0,0,0,0,4,0,0,0,12,2,0,0,0,0,0,0,0,0,0,0,4,0,0,0,0,0,0,0,2,0,2,0,0,0,0,0,0,10,0
0,0,2,0,0,0,0,0,0,20,0,0,0,0,0,0,0,0,2,0,0,0,0,0,0,0,0,0,0,0,0,0,0,4,0,0,2,0,0,0,0,0,0,0,2,0,0,0,0,0,0,0,0,0,0,0,0,14,0,4,0,0,0,0,0,10,0,0,0,18,0,0,0,0,0,0,0,0,0,0,0,4,0,0,2,0,0,0,0,0,0,0,4,0,2,0,0,0,2,0
0,0,0,2,0,0,0,0,0,20,0,2,0,0,2,0,0,0,0,0,0,0,0,0,0,0,0,0,0,0,0,0,0,10,0,0,0,0,0,0,0,0,0,0,0,0,0,0,0,0,0,6,0,0,0,0,0,18,0,10,0,2,0,0,2,6,0,0,0,16,0,0,0,0,0,0,0,0,0,2,0,6,0,0,0,0,0,0,0,0,0,0,2,0,0,0,0,0,10,0
0,0,0,0,0,2,0,0,0,14,0,0,0,0,0,0,2,0,0,0,0,0,0,0,0,0,0,0,0,0,0,2,0,6,0,2,0,2,0,0,0,0,0,0,0,0,0,0,0,2,4,10,0,0,0,0,0,12,0,10,0,0,0,0,0,8,2,0,0,2,0,0,0,0,0,0,2,2,0,0,0,8,0,0,0,0,4,4,0,0,0,2,6,0,0,0,0,0,10,0
0,0,0,0,2,2,6,0,0,10,2,2,0,6,0,0,0,2,0,0,0,0,0,0,0,0,0,0,0,0,0,4,0,14,2,0,2,0,0,0,2,0,0,0,0,0,0,0,4,0,12,8,0,16,0,0,0,0,0,8,2,0,0,0,2,8,2,0,0,0,4,0,0,0,0,0,0,10,0,6,0,10,0,0,8,0,4,2,0,0,0,6,14,0,0,0,0,0,4,0
0,0,2,0,4,8,0,0,0,0,0,0,0,8,0,0,0,0,4,2,4,0,0,0,2,0,2,0,0,0,0,6,0,10,0,0,4,6,0,0,4,0,2,4,4,4,2,0,4,6,18,4,0,16,0,0,0,0,0,2,2,0,0,0,10,2,10,0,0,2,8,0,0,8,0,0,8,18,0,8,0,6,0,0,12,0,2,0,0,4,0,10,14,4,0,2,0,4,2,0
0,0,6,0,2,8,8,0,0,0,0,2,0,2,2,0,0,12,12,10,6,0,0,16,0,0,6,0,2,0,0,4,0,6,0,0,14,4,2,2,6,0,0,0,2,12,0,0,8,14,6,8,0,12,2,0,2,0,2,2,4,0,0,2,14,0,8,0,0,0,16,2,0,6,2,0,14,2,0,6,0,4,6,0,12,0,8,0,2,10,0,2,10,4,0,6,0,2,0,0
0,0,8,0,8,4,2,0,0,0,0,2,0,2,0,2,0,12,2,6,8,2,0,10,0,0,6,0,0,0,0,0,0,0,2,0,16,14,0,2,6,0,2,4,6,12,0,0,20,8,0,10,0,6,4,0,2,0,4,0,8,0,0,6,8,0,12,2,0,0,20,0,0,2,2,0,20,2,0,8,0,2,2,0,6,0,20,0,0,6,0,2,14,12,2,6,0,6,0,2
0,0,0,0,16,6,0,0,0,0,0,0,0,0,0,0,0,8,6,8,10,0,0,14,0,0,12,0,0,0,0,0,0,0,6,0,6,8,0,2,26,2,6,8,12,10,0,0,8,8,2,2,2,2,6,4,2,2,4,0,2,2,0,8,12,0,12,0,0,2,14,0,0,4,2,0,8,0,0,4,2,2,2,0,10,2,12,0,4,16,0,0,10,12,0,8,0,8,0,4
0,0,6,0,10,6,2,0,0,0,0,0,0,0,0,0,0,14,6,4,6,2,0,12,2,0,10,0,2,0,0,0,0,4,0,0,4,8,2,6,14,0,8,6,8,22,4,0,6,12,2,4,0,2,0,0,0,0,4,0,4,0,0,10,18,0,18,0,0,0,16,0,0,10,0,0,4,0,0,4,2,0,10,0,2,0,14,0,2,12,0,2,6,14,2,14,0,2,0,0
0,0,4,0,6,8,8,2,2,0,0,0,0,0,2,0,2,8,6,10,6,0,0,6,0,0,0,0,0,0,4,0,0,2,8,2,6,8,0,12,8,0,2,6,8,18,0,0,6,8,0,10,2,4,2,2,2,0,4,0,4,0,0,4,16,0,10,0,0,0,18,0,0,14,0,0,18,0,2,10,0,0,6,0,2,0,12,0,0,8,0,2,12,10,2,6,0,8,0,2
0,0,6,0,2,8,8,2,0,4,0,0,2,0,0,2,0,18,6,6,6,0,0,12,0,2,16,0,0,0,0,2,0,4,6,0,8,8,0,4,14,0,2,8,8,6,2,0,8,4,0,6,2,4,8,2,0,0,2,0,6,0,0,4,4,0,14,2,0,0,12,0,0,8,2,0,14,0,0,2,0,0,6,0,4,0,6,0,2,6,0,0,16,12,4,10,0,8,0,4
0,0,10,0,4,6,4,0,0,0,0,0,2,0,0,0,0,6,10,4,4,0,0,6,0,0,10,0,0,0,0,2,0,0,6,0,12,2,0,4,4,4,4,8,12,16,0,2,10,0,0,0,2,2,0,8,0,0,0,0,20,0,0,6,8,0,8,0,0,0,12,0,0,14,0,0,6,0,0,6,0,0,4,0,8,2,10,0,0,2,2,2,6,22,0,8,2,2,2,0
0,0,2,0,2,12,4,0,2,0,0,0,0,0,0,0,0,8,10,6,4,0,0,14,0,2,2,0,0,0,0,0,2,2,20,2,4,0,2,0,0,4,8,12,10,40,0,0,8,0,0,4,0,2,6,22,0,0,2,0,8,0,0,4,20,0,8,0,2,0,2,0,0,20,6,0,0,2,0,2,0,0,4,0,8,0,20,0,2,10,0,0,8,6,4,14,0,8,0,2
0,0,8,0,0,26,0,0,2,0,0,0,0,0,0,0,0,6,6,4,0,2,0,6,4,10,4,0,0,0,0,0,4,2,26,0,4,2,10,0,6,12,2,14,6,22,0,0,4,0,0,2,0,0,2,24,0,2,0,0,14,0,0,0,4,0,2,0,2,0,0,2,0,6,2,0,4,0,0,8,0,0,0,0,0,0,12,0,0,4,0,0,4,0,0,8,0,2,0,14
0,0,0,0,2,6,0,0,0,0,0,0,0,0,0,0,0,0,12,0,0,0,0,6,18,4,2,0,0,0,0,0,4,0,18,0,2,0,6,0,0,26,0,4,12,0,0,0,6,0,0,0,0,0,0,34,2,2,0,2,12,0,0,0,0,0,2,0,12,0,0,0,0,20,0,0,0,0,0,4,0,0,2,0,2,0,16,0,0,2,0,0,8,0,2,0,0,8,0,10
0,0,0,0,0,8,0,2,0,0,0,0,2,0,0,0,0,4,10,2,0,0,0,4,12,2,0,0,0,0,0,0,16,0,26,0,0,2,2,2,0,10,0,20,8,0,0,0,2,0,2,2,0,0,0,14,0,0,0,0,4,2,0,0,0,0,2,0,6,2,0,0,0,6,0,0,0,0,0,2,0,0,0,2,2,0,2,0,0,2,0,2,0,0,0,0,0,6,0,14
0,0,0,0,0,8,2,0,2,0,0,0,0,0,0,0,2,2,14,0,0,0,0,0,16,2,0,0,0,0,2,0,16,2,8,0,0,2,0,0,0,0,0,8,4,0,0,2,0,0,0,0,0,0,0,12,0,0,0,0,10,0,0,0,0,0,0,0,18,0,0,0,0,4,0,0,0,0,0,0,0,0,0,0,0,0,2,0,0,0,0,0,0,0,0,2,0,4,0,2
0,0,0,0,0,4,0,0,0,0,0,0,0,0,0,2,0,0,4,0,0,0,0,4,14,2,0,0,0,0,0,0,12,0,18,0,0,0,2,2,0,4,0,10,0,0,0,0,0,0,0,2,0,2,0,6,0,0,0,0,6,0,0,0,0,0,0,0,10,0,0,0,0,2,0,0,2,0,0,0,2,0,0,0,0,0,2,2,0,0,0,0,0,0,0,0,0,0,0,4
0,2,0,0,2,0,0,0,0,0,0,0,0,0,0,0,0,0,4,0,0,0,0,6,10,0,0,0,0,0,0,0,14,0,14,0,0,2,0,0,0,2,0,6,2,0,0,0,0,2,2,0,2,0,0,4,0,0,0,0,4,0,2,0,0,0,0,0,10,0,0,0,0,0,0,0,0,0,0,0,0,0,0,0,0,0,2,0,0,0,0,0,0,0,0,0,0,0,2,2
0,0,0,0,0,2,0,2,0,0,0,0,0,0,0,0,0,0,0,0,0,0,0,0,14,2,0,0,0,0,0,0,6,0,12,0,0,2,2,0,0,0,0,4,4,2,0,0,0,0,0,0,0,2,0,4,0,0,0,0,2,0,0,0,0,0,0,0,20,0,0,0,0,0,0,0,0,0,0,0,0,0,0,0,2,0,0,0,0,0,0,0,0,0,0,0,0,0,0,0
0,0,0,0,0,4,0,0,0,2,0,0,0,0,4,2,0,0,8,0,0,0,0,0,8,2,0,0,0,0,2,0,10,0,18,4,0,0,0,0,0,4,0,4,8,0,0,0,0,0,0,0,0,2,2,8,0,0,0,0,4,0,0,0,0,0,0,0,8,0,0,0,0,2,0,0,0,0,0,0,0,0,0,0,0,0,2,0,0,0,0,0,2,2,0,0,0,6,2,0
0,0,0,0,0,0,0,0,0,0,0,0,0,0,0,0,0,0,6,0,0,0,0,0,20,0,0,0,0,2,0,0,12,0,14,2,0,0,0,0,0,2,0,8,0,0,0,0,0,0,0,0,0,0,0,8,0,0,2,0,0,0,0,0,2,0,0,0,10,0,2,0,0,2,0,0,0,2,0,0,0,0,0,0,0,0,0,0,0,0,0,0,0,0,4,0,0,4,0,0
0,0,0,0,0,18,0,0,0,0,0,0,2,0,0,0,0,0,10,2,0,0,0,2,26,4,0,0,0,2,0,0,10,0,12,0,0,0,0,0,2,2,2,14,4,0,0,0,2,0,0,0,0,0,2,16,0,0,0,0,16,0,2,0,0,0,2,0,4,0,0,0,0,10,2,0,0,0,0,0,0,0,0,0,0,0,8,0,0,0,0,0,0,0,0,2,0,0,0,4
2,0,0,0,0,12,0,0,0,0,0,2,0,0,0,2,0,2,8,0,2,0,0,6,18,4,0,0,0,0,0,0,4,2,26,4,0,0,6,0,4,8,0,8,10,6,0,0,2,0,0,4,0,2,0,18,0,2,0,0,8,0,0,0,4,0,0,2,6,0,0,0,0,6,0,0,0,0,0,0,0,0,0,0,0,2,4,0,0,4,0,0,8,0,0,4,0,2,0,10
0,0,4,0,2,18,0,0,0,0,0,0,0,0,0,0,0,6,16,2,2,0,0,8,8,8,0,0,0,0,0,0,0,0,18,0,2,0,10,0,8,10,0,12,10,12,0,0,0,0,0,4,2,4,2,28,0,0,0,2,8,0,0,8,4,0,8,0,2,0,2,0,0,10,2,0,2,0,0,4,0,0,6,0,2,0,10,0,0,4,0,4,4,2,0,0,0,4,0,18
0,0,2,2,0,10,6,0,0,0,0,2,0,0,0,0,2,14,6,6,4,0,0,0,4,8,2,0,0,0,0,0,2,4,28,0,10,2,6,2,8,4,2,10,14,26,0,0,12,4,0,0,0,4,2,24,0,0,4,0,14,0,0,0,12,0,0,0,0,0,8,0,0,20,0,0,4,0,0,2,2,0,2,0,8,0,16,0,2,2,0,0,8,4,2,6,2,10,0,4
0,0,2,0,4,12,4,0,0,0,0,0,0,0,0,2,0,12,6,10,12,0,0,6,2,0,8,0,0,0,0,2,0,6,14,0,12,8,2,2,18,2,6,6,12,28,0,0,8,6,0,2,2,4,0,8,0,0,0,0,4,0,2,4,10,0,20,0,0,0,12,0,0,12,10,0,16,0,2,10,2,0,8,0,0,0,10,0,2,12,0,2,10,8,0,14,0,8,0,6
0,2,10,0,6,8,4,0,0,0,0,2,2,0,0,0,2,12,14,8,4,0,0,6,0,0,16,2,0,0,0,2,0,4,10,0,10,8,0,0,8,2,2,4,4,10,2,2,8,8,2,0,2,12,2,6,0,0,0,0,10,0,2,2,20,0,16,0,0,0,8,0,0,2,4,0,8,4,0,4,0,0,6,0,8,0,18,0,0,16,0,2,8,2,2,14,0,4,0,4
0,0,8,0,10,12,2,0,0,0,0,0,0,0,0,2,0,10,12,12,4,0,0,12,0,0,12,0,0,0,0,0,0,6,6,0,12,10,0,2,10,0,2,6,12,14,0,2,8,8,0,4,0,4,2,2,0,0,6,0,6,0,0,2,4,0,10,0,0,0,10,0,0,2,4,0,8,2,2,4,0,0,4,0,2,0,10,0,0,12,0,4,8,8,2,10,0,10,2,2
0,0,8,0,6,4,12,0,0,0,4,0,0,2,0,2,0,10,18,12,18,0,0,10,0,0,6,0,0,0,0,0,0,8,4,0,10,8,2,8,10,0,6,4,18,10,2,2,6,0,0,6,0,4,4,2,0,0,2,0,16,0,0,4,14,0,14,2,0,0,16,0,0,10,4,0,20,2,0,6,0,0,6,0,2,0,14,0,2,18,0,6,6,10,2,14,2,6,0,0
0,0,6,0,2,8,6,2,2,0,0,0,0,0,0,0,0,12,14,6,0,0,0,2,0,0,8,0,0,0,0,0,0,4,10,2,4,10,0,6,12,2,6,8,4,6,0,0,4,8,2,4,0,6,2,0,0,0,0,0,12,0,0,4,12,0,12,0,0,0,24,0,2,8,4,2,16,0,2,6,2,2,14,0,4,0,10,0,2,8,0,2,6,6,0,10,2,8,0,4
0,0,2,0,18,6,0,0,0,2,2,0,0,0,0,0,0,10,2,10,20,0,0,10,0,0,6,2,0,0,0,0,0,2,2,0,20,8,0,6,20,0,0,2,6,14,0,0,2,16,0,2,2,0,0,0,0,0,2,0,8,0,0,2,18,0,20,0,4,0,0,0,0,4,0,0,14,0,0,4,2,0,10,0,10,0,12,0,4,16,0,0,10,24,8,20,0,4,0,2
0,0,2,0,14,12,0,0,0,0,0,0,0,0,0,0,0,10,6,4,6,0,0,6,0,2,12,0,2,0,0,2,2,4,4,4,10,8,0,10,12,0,6,2,2,0,0,0,12,12,2,10,0,4,2,0,0,2,0,0,0,0,0,0,6,0,10,0,0,0,16,0,0,6,0,0,4,0,0,4,2,0,4,0,4,0,16,0,0,10,2,0,12,16,0,6,0,6,0,0
0,0,4,0,8,4,4,0,0,0,4,0,0,6,2,0,0,10,4,10,6,0,0,8,0,0,8,0,0,0,0,2,0,2,2,0,6,6,0,6,10,2,2,8,6,4,0,0,24,4,10,6,2,14,2,4,0,0,2,0,4,0,0,0,10,2,0,0,4,0,20,0,0,0,2,0,6,4,0,8,0,4,2,0,12,0,14,0,4,4,0,8,14,6,0,4,0,12,2,2
0,0,2,0,6,8,4,0,2,0,0,0,0,6,0,0,0,2,2,2,0,0,0,2,0,0,8,0,0,0,0,4,0,10,2,0,12,2,0,0,2,2,0,4,2,0,0,0,2,2,12,14,0,18,2,0,0,0,0,0,10,0,0,0,4,0,6,0,2,2,6,0,0,8,0,0,2,6,0,8,0,2,0,0,18,0,4,0,2,6,2,6,10,0,0,2,0,6,2,0
0,0,0,0,4,2,0,0,0,0,0,0,2,6,0,0,0,0,0,0,0,0,0,2,0,0,2,2,0,0,0,10,0,14,0,0,4,0,0,0,0,0,0,0,0,0,2,0,6,2,14,8,0,10,0,0,2,0,0,2,0,0,0,0,2,4,2,2,0,4,2,0,0,0,0,0,0,10,0,10,0,2,0,0,16,0,4,2,0,2,0,10,12,2,0,2,0,4,4,0
0,0,4,0,0,0,0,0,4,6,0,0,0,0,0,0,0,0,0,0,2,0,0,2,0,0,0,0,0,0,0,10,0,8,0,0,0,4,0,0,0,0,0,2,2,0,0,0,0,2,10,8,0,4,0,2,0,4,2,8,4,0,0,0,2,18,0,0,0,0,0,0,0,0,2,0,0,0,2,2,0,6,2,0,6,0,2,0,0,0,0,2,8,2,0,0,0,0,6,0
0,0,0,0,0,4,0,0,2,12,0,0,2,2,0,0,0,0,0,0,0,0,0,0,0,0,0,0,2,0,0,0,0,8,0,0,2,2,0,0,0,0,0,0,0,0,0,0,0,0,0,8,0,2,2,0,0,6,0,6,0,0,0,0,0,8,0,0,0,6,0,0,0,2,0,0,0,2,0,4,0,10,0,0,0,0,2,0,0,0,0,4,0,0,0,0,0,2,6,0
0,0,2,0,0,0,0,0,0,20,0,0,0,0,0,0,0,0,0,0,0,0,0,0,0,0,0,0,0,0,0,0,0,10,2,0,0,0,0,0,0,0,0,0,0,0,0,0,0,4,0,0,0,2,0,0,0,8,0,8,0,0,0,0,0,12,0,0,2,16,0,0,0,0,0,0,0,0,0,0,0,6,0,0,0,2,0,0,2,0,0,4,0,0,0,0,0,0,8,0
0,0,0,0,0,0,0,0,0,20,0,2,0,2,2,0,0,0,0,0,0,0,0,0,0,0,0,0,0,0,0,2,0,12,2,0,0,0,0,0,0,0,0,0,0,0,0,0,0,0,4,10,0,4,0,0,0,8,0,12,0,0,2,2,2,8,0,0,0,16,2,2,0,0,0,0,0,0,0,0,2,6,0,0,0,0,2,0,0,2,0,0,0,0,2,0,0,6,10,0
0,0,0,0,0,0,0,0,0,14,0,0,0,2,0,0,0,2,0,0,0,0,0,2,0,0,0,0,0,2,0,0,0,6,0,2,0,0,0,0,0,0,0,0,0,0,0,0,2,0,0,0,0,0,2,0,0,18,0,12,0,0,0,0,0,14,0,0,0,16,0,2,2,0,0,0,2,2,0,0,0,8,0,0,0,0,0,0,0,2,0,2,2,0,0,0,0,0,0,0
0,0,0,0,0,0,0,0,0,12,0,0,0,2,0,2,0,2,0,2,0,2,0,0,0,0,0,2,2,0,0,2,0,6,0,0,0,2,0,0,0,0,0,0,0,0,0,0,2,0,4,12,0,2,0,0,0,2,0,6,0,0,0,0,0,8,2,0,0,26,0,0,0,2,0,0,0,0,2,2,0,8,2,0,0,0,2,0,0,0,0,0,2,2,2,2,0,2,10,0
0,0,2,0,0,0,0,0,0,12,0,0,0,2,2,0,0,0,0,0,2,2,0,0,0,0,0,0,0,0,0,2,0,4,2,0,2,0,0,0,0,0,0,0,0,0,0,0,0,0,0,8,0,0,0,0,0,10,0,6,0,0,0,0,0,8,0,0,0,10,0,0,0,0,0,0,0,0,0,0,0,12,2,0,2,0,0,0,0,6,0,2,2,2,0,0,0,2,8,0
0,2,0,0,2,2,0,0,0,6,0,0,0,4,0,0,0,0,0,0,0,0,2,0,0,0,2,0,0,0,0,0,0,6,0,0,6,0,0,0,2,0,0,0,2,0,0,0,0,0,4,14,0,4,0,0,0,0,0,8,4,2,0,0,2,4,0,0,0,10,0,0,0,0,2,0,0,4,0,0,0,10,2,0,2,0,0,0,0,2,0,2,0,0,0,0,0,0,2,0
0,0,2,0,2,6,0,0,0,4,0,0,0,10,0,0,0,0,0,0,0,0,2,2,0,0,0,0,0,0,0,8,0,10,0,0,4,0,0,0,0,0,2,0,2,0,0,0,0,0,8,4,0,12,0,0,0,2,0,12,2,0,0,0,0,6,2,0,0,6,0,2,0,0,0,0,0,14,0,4,2,14,0,0,2,0,2,0,2,4,2,10,4,2,0,0,0,4,6,0
0,0,0,0,4,2,4,0,0,0,0,0,0,2,0,0,0,2,2,0,0,0,0,8,0,0,4,0,2,0,0,8,0,14,4,0,6,6,0,0,2,0,0,0,2,0,0,0,4,4,24,6,2,26,0,0,0,2,0,2,10,0,0,0,4,0,0,0,0,2,2,2,2,0,0,0,2,4,0,6,0,12,0,0,6,0,4,2,0,2,0,12,12,4,2,0,0,0,0,0
0,0,0,0,2,2,2,0,0,0,0,2,2,4,2,0,2,8,2,0,4,0,0,14,0,0,6,0,0,0,0,8,0,12,4,0,14,2,0,0,8,0,0,2,4,0,0,0,2,4,2,24,0,12,0,2,0,0,0,0,4,0,0,0,4,2,8,0,0,0,6,0,0,4,0,0,14,10,0,8,0,4,0,0,28,0,6,0,0,4,0,10,10,6,0,2,0,10,0,2
0,0,4,2,4,2,8,0,0,0,0,0,0,2,0,0,0,8,2,0,10,0,0,8,0,0,12,0,0,2,0,2,2,12,4,0,8,16,0,2,16,0,0,2,4,8,2,0,6,6,0,10,0,2,0,0,0,0,2,0,12,0,2,0,16,2,8,0,0,0,8,0,0,10,0,0,20,2,0,12,0,0,0,0,16,2,22,0,0,12,0,2,16,8,4,4,2,6,0,0
0,0,4,0,2,12,10,2,0,0,0,0,0,2,2,0,0,6,6,6,12,0,0,6,0,0,6,0,0,0,0,0,0,4,2,0,10,18,0,6,16,4,2,14,6,8,0,0,10,4,2,8,0,2,0,2,0,2,0,0,4,0,0,0,10,0,14,0,0,0,26,0,0,14,0,0,10,4,0,16,0,0,2,0,6,0,18,0,0,18,0,2,10,14,6,14,0,6,0,2
0,0,0,0,10,10,2,2,0,2,0,0,0,0,0,0,0,20,12,6,16,0,0,6,0,0,16,0,0,0,0,0,0,2,0,0,10,14,0,4,10,0,2,4,8,10,0,0,8,4,0,4,2,4,0,0,0,0,2,0,6,0,0,14,14,0,12,0,0,2,14,0,0,10,8,0,10,2,0,0,0,0,8,0,12,0,12,0,0,12,2,4,10,10,4,20,0,4,0,0
0,2,6,0,8,4,14,0,0,0,0,0,0,0,0,0,0,8,6,8,8,0,4,8,0,0,10,0,0,0,0,0,0,6,2,2,16,14,0,4,8,0,2,6,2,10,0,0,14,6,4,6,2,2,2,2,0,0,0,4,8,0,0,6,12,0,8,0,2,0,10,0,0,16,4,0,12,4,0,8,0,4,4,0,10,0,14,0,0,8,0,0,10,12,4,14,0,8,0,0
0,0,12,0,6,4,12,0,0,0,0,0,0,0,0,0,2,6,2,8,6,0,0,8,0,0,12,0,0,0,2,2,0,2,0,0,8,4,0,12,16,0,2,10,8,6,0,0,14,8,0,6,0,4,4,0,0,0,8,0,2,0,0,2,12,0,12,0,0,0,10,0,2,6,2,0,6,0,0,2,0,0,10,0,2,0,8,0,0,8,0,0,2,6,4,26,0,6,0,2
2,0,12,0,10,2,12,2,0,0,0,2,0,0,0,2,0,10,2,14,6,0,0,8,4,0,6,2,0,0,0,0,0,2,2,0,2,12,0,2,4,0,14,6,8,8,2,0,4,2,0,4,4,0,6,2,0,0,2,0,8,0,0,12,20,0,12,0,0,0,6,0,0,4,14,0,4,0,0,4,0,2,8,0,2,0,16,0,0,6,0,2,6,2,2,28,0,2,0,2
0,2,12,0,8,2,4,2,0,0,2,0,2,0,0,2,0,0,4,24,2,2,2,6,0,0,10,0,4,0,2,0,0,0,0,2,4,6,0,6,8,0,12,0,2,2,0,4,12,4,0,2,0,0,8,0,0,0,2,0,0,0,0,6,6,0,20,0,0,0,0,0,0,6,14,4,0,0,6,2,0,0,10,0,0,0,8,2,2,4,0,0,0,2,14,16,8,4,0,0
4,0,14,0,0,0,0,8,0,0,0,0,4,0,2,10,2,2,0,14,0,0,0,4,0,0,2,0,0,0,0,0,0,2,0,6,0,4,0,0,2,0,4,0,0,2,0,10,0,4,0,0,16,0,10,0,2,0,0,0,0,8,0,12,10,0,4,0,0,0,2,0,2,4,10,10,0,0,24,0,10,0,6,0,0,0,2,2,2,0,2,0,2,4,6,12,10,4,0,0
12,0,14,12,0,2,0,12,0,0,10,0,4,0,0,8,10,0,0,14,0,2,0,2,0,0,2,0,0,0,0,0,0,0,2,14,0,4,0,0,0,0,6,2,0,0,0,16,0,2,0,2,14,0,16,0,8,2,0,0,0,14,0,0,0,0,2,0,0,0,2,0,0,4,10,8,0,0,10,0,8,0,2,0,0,0,2,10,0,0,10,0,0,2,8,2,10,0,0,0
14,0,4,14,0,2,0,8,0,0,8,0,4,0,0,6,16,0,0,8,0,0,2,0,2,0,0,0,0,4,0,0,0,0,0,6,0,0,0,0,0,0,0,0,0,0,0,8,0,0,0,0,6,0,18,2,12,0,0,0,0,8,0,0,0,0,2,0,0,0,0,0,0,0,6,6,0,0,2,0,10,0,0,0,0,0,0,20,2,0,8,0,0,0,2,6,14,0,0,0
10,0,2,22,0,2,0,8,0,0,12,0,4,0,0,10,6,0,0,6,0,0,0,2,0,0,2,0,0,4,0,0,0,0,2,10,0,0,0,2,0,0,0,0,0,0,0,8,0,0,0,0,12,0,12,0,10,0,0,0,0,6,0,0,0,0,2,0,0,0,0,0,0,0,2,2,0,0,4,0,10,0,0,0,2,2,0,10,0,0,22,0,0,0,2,2,4,0,0,0
8,0,6,20,0,2,0,12,0,0,10,0,14,0,0,10,12,0,2,4,0,0,0,0,0,0,2,0,0,14,0,0,0,0,0,6,0,0,0,0,0,0,0,0,4,2,0,8,0,0,0,0,16,0,12,2,4,0,0,0,0,8,0,0,2,0,2,0,0,0,0,0,0,2,4,6,0,0,0,0,4,0,0,0,0,0,0,4,0,0,8,0,0,0,0,6,6,0,0,0
8,0,0,26,0,0,0,4,0,0,12,0,10,0,0,14,10,0,0,2,0,0,0,0,0,0,0,0,0,2,0,0,0,0,0,8,0,0,0,2,2,0,0,0,0,0,0,8,0,0,0,2,8,0,16,0,6,0,0,0,0,6,0,2,0,2,0,0,0,0,0,0,0,0,2,6,0,0,2,0,14,0,2,0,2,0,0,8,0,0,8,0,2,2,0,2,8,0,0,0
10,0,0,10,0,0,0,8,0,0,10,0,12,0,0,12,16,0,2,2,0,0,0,2,0,0,0,0,0,4,0,0,0,0,0,6,0,0,0,2,0,0,0,0,0,0,0,10,0,0,0,0,20,2,12,0,16,0,0,0,0,6,0,0,2,0,0,0,0,0,0,0,0,0,4,2,2,0,2,0,4,0,0,0,0,4,0,0,0,0,8,0,0,0,0,2,10,0,0,0
12,0,8,10,0,2,0,10,2,0,6,0,16,0,0,12,12,2,2,10,0,0,0,0,0,0,0,0,0,10,0,0,0,0,2,14,0,0,0,0,0,0,2,0,0,0,0,4,0,0,0,0,8,0,14,0,8,0,0,0,0,10,0,0,0,0,2,0,0,0,0,0,0,0,6,4,0,0,8,0,14,0,0,0,0,0,0,2,0,0,2,0,0,0,2,2,16,0,0,0
26,0,6,4,2,2,2,6,0,2,2,0,6,2,0,14,6,0,2,10,0,0,0,4,0,0,0,2,0,4,0,0,0,0,2,4,2,2,0,2,2,0,8,2,2,0,0,14,0,0,0,0,16,0,20,0,8,0,0,0,0,6,0,0,6,0,2,0,0,0,0,0,0,2,8,8,0,0,10,0,6,0,4,0,0,0,6,10,0,0,4,0,0,0,4,2,18,2,0,0
4,0,2,2,2,2,0,8,0,0,4,0,6,0,0,14,0,2,6,16,0,0,0,0,0,0,2,0,0,0,0,0,0,0,0,4,4,0,0,0,0,0,14,2,6,2,0,12,0,2,0,0,2,0,4,0,0,2,0,0,2,0,0,2,12,0,10,0,0,0,0,0,0,4,6,6,4,2,8,2,4,0,4,0,0,0,4,0,0,2,2,0,0,6,16,8,6,2,0,4
2,0,6,2,0,2,6,4,0,0,2,0,4,0,0,4,0,6,4,12,2,0,0,12,2,2,0,2,0,2,0,0,0,0,2,0,2,2,0,0,8,0,10,2,4,4,0,8,6,2,0,2,2,0,4,0,0,2,2,0,10,0,0,10,8,0,12,0,0,0,2,2,0,16,14,0,0,2,4,2,0,0,2,0,0,0,8,0,2,4,0,0,4,6,14,18,2,8,2,0
0,0,6,0,2,6,8,2,2,2,2,0,0,2,0,0,0,6,2,20,8,0,0,12,2,2,6,0,0,0,0,0,2,2,0,2,8,8,0,2,14,0,6,8,8,14,0,2,6,6,0,2,2,2,2,4,0,0,0,0,10,0,0,4,14,0,12,0,0,0,0,0,0,10,8,0,10,0,2,4,0,0,4,0,6,2,14,0,2,6,0,4,2,6,8,18,0,10,0,0
0,0,14,0,6,2,8,0,0,0,0,0,0,0,2,0,0,4,18,12,16,2,0,4,0,2,24,0,0,0,0,0,0,4,0,6,2,0,0,4,20,0,6,8,14,10,0,2,4,8,0,6,0,0,0,2,0,0,4,2,6,0,0,12,16,0,8,0,0,0,12,0,2,10,0,0,8,0,2,6,0,0,6,0,4,0,20,0,0,16,0,0,10,12,2,8,0,16,0,2
0,0,2,0,8,4,12,4,0,0,0,0,0,0,0,2,0,2,10,16,10,0,0,8,0,0,8,0,0,0,0,4,0,2,12,0,12,18,0,2,6,0,2,6,6,16,0,0,16,6,0,10,2,6,0,0,0,0,4,0,6,0,0,6,14,0,4,2,0,0,6,0,0,12,2,0,12,2,0,8,0,0,8,0,14,0,14,0,0,12,0,4,10,10,6,10,0,8,0,4
0,0,4,0,2,4,16,0,2,0,0,2,0,2,0,0,0,20,4,12,10,0,0,10,0,0,16,0,0,0,2,0,0,4,4,0,12,6,0,6,8,0,4,2,2,14,0,0,8,8,0,10,0,6,4,4,0,0,4,0,12,0,0,8,22,0,16,0,2,0,4,0,2,12,4,0,0,2,2,12,0,0,2,0,2,0,18,2,0,4,0,0,14,22,10,16,0,14,0,2
0,0,4,0,10,10,14,0,0,2,0,0,0,0,0,0,0,12,8,0,4,2,0,14,0,0,8,0,0,0,0,2,0,6,0,0,24,14,0,6,18,4,4,4,10,10,0,0,6,6,0,10,0,6,4,2,0,2,2,0,2,0,0,6,14,0,10,0,0,0,18,0,0,12,0,2,6,0,0,6,0,0,8,0,4,2,26,0,0,18,0,2,8,16,0,6,0,16,0,0
0,0,4,0,4,4,6,0,0,0,0,0,2,4,0,0,2,4,2,4,6,0,0,6,0,0,6,0,0,0,0,0,0,12,0,0,20,12,0,0,6,0,0,0,8,4,0,0,8,4,16,6,0,10,0,6,0,0,0,2,10,2,0,2,10,0,4,0,0,0,6,0,0,4,0,0,12,2,0,10,0,0,0,0,16,0,24,0,0,18,0,4,14,10,0,10,0,8,0,2
0,0,0,0,2,4,4,0,0,0,0,0,0,6,2,0,2,0,0,0,2,0,0,0,0,0,2,0,0,0,0,6,0,10,2,0,6,2,0,0,2,2,0,2,0,0,2,0,0,2,20,18,0,6,0,4,0,0,0,0,2,0,0,0,4,0,6,2,0,0,6,0,0,4,0,0,8,20,2,16,0,8,0,0,6,2,14,0,0,8,0,6,12,2,0,4,0,4,2,0
0,0,0,0,4,0,0,0,0,6,0,0,0,2,0,0,0,0,0,0,2,0,0,2,0,0,6,0,0,2,0,10,0,12,2,0,4,0,0,0,2,0,0,0,2,0,0,0,2,0,8,12,0,6,0,0,2,4,0,8,2,0,0,0,2,8,2,0,0,6,2,0,0,0,0,0,0,6,0,2,0,10,0,0,2,0,0,0,0,2,0,6,10,0,0,0,0,2,6,0
0,0,0,0,0,0,2,0,0,8,0,0,0,0,0,0,0,0,0,0,0,0,0,0,0,0,0,0,0,0,0,0,0,8,0,0,0,2,0,2,0,0,0,0,0,0,0,0,0,0,2,12,0,4,0,0,0,4,0,8,0,0,0,4,2,14,0,0,0,12,0,0,0,0,0,0,0,4,0,2,0,12,0,0,0,0,0,0,0,0,0,2,2,0,0,0,0,0,4,0
0,0,0,0,0,0,0,0,0,6,0,0,0,0,0,0,0,2,0,0,0,0,0,0,0,0,0,2,0,0,0,0,0,8,0,0,0,0,0,0,2,0,0,0,0,0,0,0,0,0,6,4,0,2,0,0,2,8,0,8,0,0,0,2,0,14,0,0,0,18,0,0,0,0,0,0,0,0,2,0,0,10,0,0,2,0,0,0,0,0,0,4,0,0,0,0,0,0,14,0
0,0,0,0,0,4,0,0,0,12,0,2,0,2,0,2,0,0,0,0,0,0,0,0,0,0,0,0,0,0,0,0,0,6,0,0,4,0,0,0,0,0,0,0,0,0,0,0,0,0,4,6,2,2,0,0,0,6,0,4,4,2,0,0,0,12,2,2,0,12,0,0,0,0,0,0,0,2,0,2,2,8,0,2,2,0,0,2,2,0,0,0,0,0,0,0,0,0,10,0
0,0,0,0,2,2,0,0,0,6,0,0,0,0,0,0,0,0,2,0,0,0,0,0,0,0,0,0,0,0,0,0,0,10,0,0,0,0,0,0,0,0,2,0,2,0,0,2,0,0,0,2,0,2,0,2,0,2,0,4,0,0,0,0,2,8,0,0,2,18,0,0,0,0,0,0,0,0,0,0,0,18,0,0,0,0,0,0,0,2,0,2,6,0,0,0,0,2,18,2
0,0,0,2,0,0,0,0,0,6,2,0,0,2,0,2,0,2,2,0,0,2,0,0,0,0,0,0,0,0,0,2,0,8,0,2,4,0,0,0,2,0,0,0,0,0,2,0,0,0,2,8,0,6,0,0,0,4,0,10,2,0,0,0,0,10,0,0,0,10,0,0,0,0,0,0,0,0,0,0,2,8,0,0,0,0,2,0,0,0,0,6,0,0,0,2,0,4,4,0
4,0,0,0,4,4,0,0,0,0,0,0,0,4,0,0,0,0,2,0,0,0,0,2,0,0,0,0,0,0,0,8,0,10,2,0,14,2,0,0,0,0,0,2,2,0,0,0,0,0,16,10,2,18,2,0,0,0,0,6,4,0,0,0,2,4,0,0,0,4,4,0,2,0,0,2,4,2,0,6,0,10,0,0,8,0,8,0,2,4,0,6,14,0,0,2,0,8,4,0
0,2,2,0,2,8,4,0,0,0,0,0,0,12,0,0,0,2,2,2,4,0,0,2,0,0,2,0,0,2,0,8,0,18,0,0,8,2,0,0,4,0,0,2,4,2,0,0,6,14,12,6,0,18,0,0,4,0,0,2,8,0,0,2,4,2,4,0,0,0,8,0,0,2,0,2,4,4,0,4,0,2,0,0,2,0,10,0,0,6,0,6,12,2,0,0,0,6,0,0
0,0,2,0,12,4,8,0,0,2,0,0,0,0,0,0,0,6,6,4,6,2,0,6,2,0,4,0,0,0,0,4,0,6,0,2,8,10,2,4,8,2,4,2,10,14,2,0,8,2,2,8,0,6,4,2,0,0,4,0,2,0,0,2,20,0,6,0,0,0,24,0,0,6,0,0,6,2,0,4,0,0,6,0,18,0,16,0,0,12,0,4,8,10,0,0,0,12,0,2
0,0,6,0,18,20,12,2,0,0,0,2,0,0,0,2,2,10,12,8,4,0,0,4,0,0,14,0,0,0,0,0,0,2,2,0,20,12,0,14,26,0,12,4,4,6,0,0,6,4,2,10,0,6,2,4,0,2,0,0,14,0,0,2,12,0,4,0,0,0,4,0,0,2,2,0,8,2,0,6,0,2,10,0,4,0,24,0,2,12,0,6,10,8,2,12,2,8,0,4
0,0,2,2,10,12,16,0,2,0,0,0,0,0,0,0,0,2,8,6,8,0,0,6,2,0,12,0,0,0,0,0,0,4,0,0,12,6,0,2,12,0,6,8,12,10,2,0,16,4,4,8,2,0,0,2,0,0,2,2,12,2,0,2,14,2,24,2,0,0,8,2,0,6,6,0,6,0,0,6,0,0,6,0,14,0,10,0,4,4,0,2,6,8,4,12,0,10,0,0
0,2,2,2,8,6,10,0,0,0,0,0,0,0,2,0,0,6,6,6,10,0,0,12,2,2,16,0,0,2,0,0,0,2,4,0,10,6,0,2,16,0,2,4,4,8,0,0,4,10,0,2,0,4,2,0,0,0,4,0,10,0,0,10,10,0,4,0,0,0,6,0,2,6,6,0,8,0,2,8,0,0,8,0,8,0,26,2,0,12,0,0,2,6,2,18,2,8,0,0
0,0,4,0,6,4,0,0,0,0,0,2,0,0,0,2,0,10,2,6,4,0,0,6,0,0,8,0,0,0,0,0,0,0,6,0,4,4,2,6,18,4,8,6,2,14,0,0,14,2,0,0,0,14,0,0,0,0,4,0,4,0,0,4,14,0,12,0,0,0,12,0,0,14,6,0,8,2,2,8,0,0,10,0,8,2,12,0,0,24,0,0,8,18,6,16,0,12,0,0
0,0,6,2,0,16,0,4,0,0,0,0,0,0,0,0,0,8,12,16,4,0,0,16,2,4,6,0,0,0,0,2,0,0,10,0,10,8,8,2,6,2,4,18,16,20,0,0,10,2,0,6,2,0,0,18,0,0,0,0,10,0,0,4,12,0,4,2,2,0,6,0,0,14,6,0,6,0,2,2,0,0,2,0,8,0,20,2,0,4,2,2,4,10,6,22,0,16,0,2
0,0,2,4,2,18,0,0,0,0,0,0,2,0,0,0,0,6,8,6,0,0,0,10,12,22,6,0,0,0,2,0,0,0,22,0,4,0,12,0,2,8,0,18,12,8,0,0,8,0,0,0,2,0,2,34,0,0,0,0,12,0,0,0,10,0,6,2,4,0,0,2,0,10,0,0,0,2,0,4,0,0,2,0,2,2,20,0,0,6,0,0,0,2,0,4,0,6,0,14
0,2,2,0,2,16,2,0,0,0,0,0,0,0,0,0,0,2,14,4,0,2,2,14,10,12,2,0,0,0,0,0,2,0,14,0,0,2,8,0,4,16,0,14,8,8,0,0,6,0,0,6,0,2,4,18,0,0,0,0,12,2,0,0,4,0,10,0,2,0,0,0,2,6,0,0,0,0,0,0,2,0,0,2,6,0,8,0,0,2,0,0,2,2,0,8,0,12,0,2
0,0,2,0,0,16,2,0,0,0,0,0,0,0,0,2,0,4,10,10,0,0,0,4,6,6,0,0,0,0,0,0,2,0,26,2,2,0,8,2,4,16,0,14,8,16,0,0,12,0,0,0,2,2,0,28,0,2,0,0,6,0,0,0,2,0,6,0,2,0,4,0,0,14,2,0,0,0,0,6,0,0,4,0,2,0,18,0,0,2,0,0,2,0,0,8,0,10,0,10
0,0,4,0,0,8,2,0,0,0,0,0,2,0,0,0,0,6,8,6,2,0,0,0,2,6,8,0,0,4,0,0,4,2,24,0,4,4,8,0,2,4,2,18,24,12,0,0,2,4,0,0,0,14,2,24,0,0,0,0,8,0,0,0,8,0,8,0,0,0,0,0,0,12,0,0,0,0,0,2,0,0,6,0,4,0,16,2,0,4,0,0,2,0,2,6,0,10,0,4
0,0,4,0,4,12,8,2,0,2,2,0,0,0,2,2,0,6,10,4,6,0,0,14,4,6,8,0,0,0,0,0,0,4,8,0,8,0,2,2,10,14,0,8,20,20,0,0,6,0,0,6,0,6,0,14,0,0,0,2,14,0,0,2,6,2,20,0,2,0,10,0,0,12,2,0,12,2,0,12,0,0,8,2,6,2,14,0,0,8,0,2,6,10,0,6,0,2,0,2
2,0,6,0,12,8,8,0,0,0,0,2,0,0,0,0,0,4,10,14,2,0,0,6,2,0,6,2,4,0,0,0,0,6,2,2,10,0,0,4,24,0,4,14,10,4,0,0,6,6,0,6,0,2,0,6,0,0,0,0,6,2,0,6,6,0,12,0,0,0,8,0,0,8,4,0,20,2,0,8,0,0,2,0,2,0,18,0,0,10,0,2,12,6,6,14,0,8,0,4
0,0,8,0,4,8,4,2,0,0,0,2,0,0,0,0,2,6,14,6,6,0,0,12,0,2,10,0,0,2,0,0,0,6,0,0,12,2,0,0,18,4,10,4,14,10,0,0,14,8,0,8,0,2,0,2,0,0,2,0,10,0,0,6,8,0,6,0,2,0,6,0,0,8,2,0,14,2,0,4,0,0,4,0,10,0,22,0,4,18,0,2,24,6,2,10,0,10,0,0
0,0,8,0,14,6,8,0,0,0,0,0,0,2,0,0,2,6,8,10,12,0,0,6,0,0,10,2,0,0,0,0,0,4,4,0,14,6,0,6,2,0,2,6,14,10,0,0,4,8,4,2,0,6,0,2,0,0,0,0,8,0,0,2,18,0,8,2,0,0,32,0,0,4,0,0,12,4,0,6,0,0,6,0,4,0,16,0,2,14,0,4,12,16,4,10,0,14,0,0
0,0,0,0,8,4,6,0,0,0,0,0,0,2,0,0,0,8,12,4,4,0,0,6,0,0,4,0,2,0,0,4,0,6,0,0,8,12,0,4,6,0,2,0,6,6,0,0,2,2,14,16,0,8,0,6,0,0,2,2,2,0,0,2,8,2,4,0,0,0,12,0,2,10,0,0,24,6,0,14,0,4,0,0,14,0,16,0,4,22,0,2,18,12,0,8,0,10,0,0
0,0,2,0,6,2,2,0,0,2,0,0,0,10,0,0,0,0,0,0,4,0,0,8,0,0,0,0,0,0,0,6,2,20,0,0,10,2,0,0,2,0,0,2,6,0,0,0,4,2,12,8,2,10,0,2,0,0,2,2,0,0,0,0,6,2,2,0,0,0,0,0,0,6,0,0,4,6,0,6,0,16,0,0,4,0,12,0,0,8,0,18,4,2,2,4,0,8,2,0
0,0,0,0,4,2,0,0,2,2,0,0,0,0,0,0,0,2,2,0,0,0,0,0,0,0,0,0,0,0,0,4,0,12,0,0,0,0,0,0,2,0,0,0,0,0,0,0,0,4,4,14,0,6,0,0,0,0,2,8,2,0,0,0,4,4,2,2,0,8,0,0,0,0,0,0,0,6,0,0,0,6,0,0,0,2,0,0,0,2,0,8,2,0,0,0,0,0,8,0
0,0,0,0,0,0,0,0,0,6,0,0,0,0,0,0,0,0,0,0,0,2,0,0,0,0,0,0,0,0,0,0,0,2,0,0,0,0,0,0,0,0,0,0,0,0,0,0,0,2,4,8,0,2,2,0,0,10,0,12,0,0,0,0,0,6,0,0,0,20,0,0,0,0,0,0,0,0,0,0,0,4,0,0,0,0,0,0,0,2,0,2,4,0,0,0,0,0,6,0
0,0,0,0,0,0,0,0,0,24,0,0,0,0,0,0,4,0,2,0,0,0,0,0,0,0,0,0,0,0,0,0,0,10,0,0,0,2,0,0,0,0,0,0,0,0,0,0,0,0,0,0,0,0,0,0,0,16,0,4,0,0,0,0,0,18,0,0,0,14,0,0,0,0,0,2,0,0,0,0,0,4,0,0,0,0,0,0,0,0,0,0,0,0,0,0,0,0,8,0
0,0,0,0,0,2,0,0,0,14,0,0,0,0,0,0,0,0,2,0,2,0,0,0,0,0,0,0,2,0,0,0,0,2,0,0,2,0,0,0,0,0,0,0,0,0,0,0,0,0,0,2,0,0,0,0,0,14,0,0,0,0,0,0,0,4,0,0,0,14,0,0,0,0,0,0,0,0,0,0,0,4,0,0,0,0,0,0,0,0,0,0,0,0,2,0,0,0,2,0
0,0,0,0,0,0,0,0,0,12,2,0,0,0,0,0,0,2,0,0,0,0,0,0,0,0,0,0,0,0,0,0,0,2,0,0,0,0,0,0,0,0,0,0,0,0,0,0,0,0,0,2,0,0,0,0,0,28,0,4,0,0,0,0,0,10,0,0,0,14,0,2,2,0,0,0,0,0,0,0,0,2,0,0,0,0,0,0,0,0,0,0,0,0,0,2,0,0,18,0
0,0,0,0,0,0,2,0,2,8,0,0,0,0,0,0,0,0,0,0,0,0,0,0,0,0,0,0,0,0,0,0,0,6,0,0,0,0,0,2,0,0,0,0,2,0,0,0,0,2,0,8,0,0,0,2,2,4,0,6,0,2,0,0,2,6,0,0,0,20,0,0,0,0,0,0,0,2,0,2,0,6,0,0,0,0,0,0,0,0,0,0,0,0,0,0,0,0,6,0
0,2,2,2,0,2,0,0,0,4,0,0,0,0,0,0,0,0,0,0,0,0,0,0,0,0,0,0,0,2,0,2,0,10,0,0,4,2,0,0,0,0,0,2,2,0,0,0,0,0,2,10,0,6,2,0,0,6,0,4,0,0,0,2,0,16,0,0,0,16,0,0,0,0,0,0,0,4,0,2,0,8,0,0,2,0,2,0,0,2,0,8,4,0,0,2,2,0,6,0
0,2,0,0,4,4,2,2,0,4,0,0,0,6,0,0,0,2,2,2,0,0,2,4,2,0,2,0,2,0,0,10,0,14,4,0,6,0,0,2,2,0,0,0,4,0,0,0,2,2,40,8,0,14,2,0,0,2,0,2,0,0,0,0,2,0,2,0,0,4,0,0,0,4,0,0,2,4,0,6,0,10,2,0,4,0,4,0,2,4,0,16,8,0,0,2,0,2,0,0
0,2,2,0,0,8,2,0,2,0,0,0,0,6,0,0,0,14,8,0,4,0,0,6,2,0,4,0,0,0,4,4,0,10,2,0,12,6,0,2,6,0,0,0,6,4,0,2,16,4,2,14,0,14,0,0,0,0,0,0,12,0,0,6,18,0,10,0,0,0,10,0,0,4,0,0,4,0,0,10,0,2,0,0,18,0,4,0,2,12,2,4,14,6,0,4,0,4,0,0
0,0,10,0,6,4,2,2,0,2,0,0,0,0,0,0,0,22,8,10,6,0,0,2,0,0,4,0,0,0,0,0,0,10,2,0,10,10,4,4,10,4,4,4,10,2,0,0,16,2,2,12,0,4,2,0,2,0,0,0,10,0,0,6,10,0,14,0,0,0,18,0,0,4,0,0,8,4,2,2,0,2,0,0,12,0,8,0,0,12,0,2,16,2,0,8,0,6,0,0
0,0,10,0,6,4,10,0,0,0,0,0,0,0,0,0,2,10,2,6,12,0,0,8,0,2,6,0,0,0,0,0,0,6,0,0,2,14,2,6,12,2,6,8,10,6,0,0,2,8,0,8,2,4,0,4,0,2,4,0,2,0,0,4,8,2,6,0,0,0,16,0,0,6,4,0,4,4,0,0,2,0,6,0,0,0,10,0,2,14,2,0,12,20,4,18,0,6,0,0
0,0,0,0,14,6,12,2,0,0,0,2,0,0,0,0,0,12,6,4,12,0,0,6,0,0,4,0,2,2,0,4,0,0,2,0,12,14,0,2,10,4,2,2,18,8,0,0,10,6,2,12,0,6,4,4,0,0,4,0,14,0,0,6,8,0,6,0,0,0,14,0,0,4,0,0,8,2,2,8,0,0,12,0,4,0,16,0,0,14,0,2,12,8,8,6,0,10,0,0
2,0,8,0,6,10,10,0,0,0,2,0,0,0,0,0,0,18,4,8,8,0,0,4,0,0,4,2,0,0,0,2,0,12,6,0,10,6,0,4,10,0,0,8,6,6,0,0,6,6,0,8,2,8,2,0,0,0,4,0,2,0,0,6,16,0,14,0,0,0,12,0,0,12,2,0,8,2,0,2,0,0,6,0,10,0,4,0,2,12,0,0,12,10,0,8,0,16,0,2
0,0,4,0,2,12,6,0,0,0,0,0,0,6,0,2,0,6,8,2,6,0,0,4,2,0,8,0,0,2,0,4,0,4,2,0,14,6,0,2,14,0,10,2,4,4,2,0,6,10,4,8,0,12,0,0,2,0,0,0,4,4,0,0,8,0,8,0,0,0,18,0,0,8,0,0,16,2,0,10,0,2,2,0,10,0,12,0,0,16,0,4,16,8,0,2,0,8,0,0
0,0,0,0,4,6,0,0,0,0,0,0,0,6,0,0,0,14,2,0,2,0,0,4,0,0,0,0,0,0,0,6,0,8,2,0,14,0,0,0,8,0,0,0,0,2,0,0,10,2,10,10,0,10,0,4,0,0,0,4,4,0,0,0,0,0,0,0,0,0,12,2,0,4,0,0,4,8,0,4,0,2,2,0,6,0,12,0,0,6,0,8,10,6,2,2,0,6,2,2
0,0,0,0,4,2,0,0,0,8,0,0,0,8,2,0,2,0,0,0,0,0,0,2,0,0,2,0,0,0,0,4,0,12,0,0,2,0,0,2,0,0,0,0,0,0,0,0,2,2,12,16,0,10,0,0,0,0,2,4,0,0,0,0,0,4,0,0,0,2,2,0,0,0,0,0,2,2,0,4,0,12,0,0,2,0,4,0,0,2,0,12,0,0,0,0,0,0,2,0
0,0,0,0,0,0,0,0,0,14,0,0,0,2,0,0,0,0,0,2,0,2,0,2,0,0,2,0,0,0,0,4,0,20,0,0,2,0,0,0,0,0,0,0,4,0,0,0,0,0,6,14,0,2,0,0,0,10,0,4,4,0,0,0,0,6,0,0,0,4,0,0,0,0,0,0,0,2,0,2,2,4,0,0,2,0,0,0,0,0,0,0,6,0,0,0,0,2,6,0
0,0,0,0,0,0,0,0,0,20,0,0,0,2,0,0,0,0,0,0,0,0,0,0,0,0,0,0,0,0,0,0,0,4,0,0,0,0,0,0,0,0,0,0,0,0,0,0,0,0,0,6,0,0,0,2,0,22,0,10,0,0,2,0,0,2,0,0,0,16,0,0,0,0,2,0,0,4,0,0,0,10,0,0,0,0,0,0,0,0,0,0,4,0,0,0,0,0,10,0
0,0,0,0,0,0,0,0,0,20,0,0,2,0,2,0,0,0,2,0,0,0,0,0,0,0,2,0,0,0,0,2,0,6,0,0,0,0,0,0,0,0,0,0,0,0,0,0,0,0,0,4,0,0,0,0,0,6,0,2,2,0,0,0,0,6,0,2,2,16,0,0,0,0,0,0,0,2,0,2,0,6,0,0,0,0,0,0,0,0,0,2,4,0,0,0,0,0,4,0
0,0,0,0,0,0,0,0,0,10,0,0,0,2,0,0,0,0,0,0,0,0,0,0,0,0,0,0,0,0,0,0,0,6,0,0,0,2,0,0,2,0,0,0,0,0,0,2,2,0,0,4,2,0,0,0,0,4,0,8,0,2,0,0,0,20,0,0,2,12,0,2,0,0,0,0,0,2,0,0,0,4,2,0,2,0,2,0,0,0,0,0,0,0,0,0,0,0,2,0
0,0,0,0,0,0,0,0,0,14,0,0,0,0,0,0,0,0,0,0,0,0,0,0,0,0,0,0,0,0,0,0,0,6,2,0,0,0,0,0,0,0,0,2,0,0,0,0,0,2,4,6,2,2,4,2,0,16,0,8,0,0,0,0,0,0,2,0,0,12,0,0,0,2,0,0,0,0,0,0,0,4,0,0,2,0,0,0,0,0,0,0,0,0,0,0,2,0,12,2
0,0,0,0,0,0,0,0,0,22,0,0,0,0,2,0,2,0,0,2,0,0,0,0,0,0,2,0,0,0,0,0,0,6,0,0,0,0,0,0,0,0,2,0,2,0,0,0,0,0,0,8,2,0,0,0,0,18,0,6,0,0,0,0,0,8,0,0,0,6,0,0,0,2,0,0,0,0,0,0,0,14,0,0,0,0,2,2,0,2,0,0,4,2,0,0,0,0,6,0
0,0,0,0,0,2,0,0,0,4,0,0,0,2,2,0,0,0,2,0,0,0,0,0,0,0,0,0,0,0,0,2,0,6,0,2,6,0,0,0,0,0,0,0,0,0,0,0,0,0,2,8,0,4,0,0,0,2,0,6,0,0,0,0,0,8,0,0,0,16,0,0,2,0,0,0,0,0,0,2,0,16,0,0,2,0,0,0,2,0,0,4,4,0,0,2,0,2,16,0
0,0,0,0,0,0,0,0,0,10,0,0,2,0,0,0,0,2,0,0,0,2,2,2,0,0,0,2,0,0,2,4,0,6,2,0,6,2,0,0,0,0,0,0,2,0,2,0,2,2,10,16,0,10,0,0,2,0,0,10,0,0,0,0,4,4,0,0,0,8,0,0,0,0,0,0,0,12,0,2,0,14,0,0,0,2,10,0,0,6,0,8,6,0,0,2,0,0,0,0
0,0,0,0,0,0,0,0,0,2,0,0,0,8,0,0,0,0,2,2,2,0,0,2,0,0,8,0,0,0,0,10,0,8,2,2,16,2,0,0,2,0,2,2,0,2,0,0,0,2,14,16,0,18,0,0,2,0,0,2,0,0,0,2,2,4,0,0,0,0,8,0,0,4,0,0,0,8,0,8,0,12,0,0,14,0,2,0,0,6,0,14,4,2,0,0,0,6,2,2
0,0,6,0,10,2,4,2,2,0,0,0,0,6,0,0,0,8,2,0,4,0,0,6,0,0,6,0,2,0,0,4,0,6,0,0,10,2,2,6,10,0,0,4,2,6,0,0,8,4,6,14,0,2,0,2,0,0,0,2,18,0,0,0,14,0,4,0,0,2,18,0,0,10,0,0,18,8,0,14,0,2,0,0,10,0,10,2,0,6,0,4,18,6,0,2,0,8,0,2
0,0,6,0,8,8,4,0,0,0,0,6,0,4,0,0,2,4,6,4,4,0,0,6,2,2,12,0,0,2,0,4,0,8,4,0,10,4,0,0,12,0,0,4,14,6,2,0,10,2,6,16,0,8,0,0,0,0,0,0,14,0,0,2,16,0,10,0,0,0,14,0,0,2,4,0,20,6,0,10,0,0,6,0,8,0,12,0,6,12,0,8,10,24,2,10,0,8,0,0
0,0,2,0,6,6,12,0,2,0,0,0,2,2,0,0,0,6,8,6,12,0,0,10,2,0,10,0,0,0,0,2,0,0,2,2,4,16,0,4,8,0,2,4,6,18,0,0,10,6,2,10,0,4,0,4,0,2,2,0,2,0,0,6,8,0,8,0,0,0,6,0,0,6,0,0,10,2,0,2,0,0,6,0,2,0,16,2,2,6,0,0,16,14,0,12,0,8,0,4
0,0,0,0,10,2,10,0,0,2,0,0,0,0,0,0,0,22,6,6,14,0,0,6,0,2,6,0,0,0,0,0,0,0,2,2,6,6,0,4,16,0,6,8,2,24,2,0,12,10,0,6,0,2,8,0,0,0,0,0,12,0,2,2,14,0,16,2,0,0,8,0,0,4,2,0,8,2,2,4,0,2,4,0,4,0,18,2,4,6,0,0,14,16,2,10,0,6,0,2
0,0,6,0,0,6,4,2,0,0,0,0,0,4,0,0,0,6,6,12,12,0,0,2,0,0,4,0,0,0,0,2,0,4,0,0,14,12,0,2,10,0,4,4,18,6,0,0,12,6,0,4,0,2,4,4,0,2,2,0,2,0,0,2,12,0,2,0,0,0,10,0,0,8,0,0,8,0,0,2,2,0,2,0,6,0,14,0,2,4,0,2,10,10,8,4,0,6,0,8
2,0,6,0,4,6,8,0,0,0,0,0,0,0,0,0,0,6,2,8,8,2,2,8,0,2,12,0,0,0,0,2,0,4,4,0,8,6,0,2,18,2,4,8,0,8,0,0,12,4,2,6,0,4,2,0,0,0,4,0,10,0,0,4,14,0,14,0,0,0,10,0,0,12,2,0,10,0,0,4,0,0,6,0,6,0,14,0,2,12,0,0,12,8,2,6,0,0,0,6
0,0,6,0,4,2,12,0,0,0,0,0,0,0,0,0,0,20,8,10,10,0,0,24,0,0,16,0,0,0,0,2,0,2,6,0,8,6,0,4,12,0,12,0,8,12,2,2,6,8,0,6,2,6,6,4,0,0,2,0,8,0,0,6,18,0,12,0,0,0,10,0,0,12,4,0,2,2,2,6,0,0,2,0,8,0,12,0,0,4,2,0,8,4,2,18,4,6,0,4
0,0,2,0,4,4,14,0,0,0,0,2,0,0,0,0,2,14,10,14,12,0,0,8,0,0,20,0,0,0,0,0,0,0,2,2,6,4,0,4,12,0,4,12,12,12,0,0,6,2,0,2,4,0,0,0,0,0,0,0,10,0,0,12,10,0,18,0,0,0,6,2,0,6,10,0,8,2,2,6,0,0,12,0,2,0,10,0,2,4,2,0,6,6,14,10,2,4,2,2
2,0,16,0,2,4,12,4,0,0,2,0,0,0,0,0,0,0,10,10,0,0,2,8,0,2,8,0,0,0,0,0,0,0,2,0,4,4,0,2,6,0,14,8,12,2,0,8,8,4,0,2,2,0,12,0,0,0,0,0,4,0,0,6,18,0,18,0,0,2,0,0,0,2,18,8,2,0,4,2,0,0,10,0,2,0,10,4,0,0,0,0,6,0,16,14,16,2,0,0
6,0,8,0,2,2,0,6,0,0,2,0,6,0,0,4,0,0,2,30,0,2,0,4,0,0,4,0,0,2,0,0,0,0,4,6,0,2,0,0,4,0,8,6,2,0,0,12,2,0,0,4,10,2,14,0,0,0,0,0,2,2,0,4,0,0,8,0,2,0,0,0,0,4,12,0,0,0,12,0,4,0,4,0,0,0,4,2,0,0,0,0,0,2,14,8,14,0,0,0
12,0,0,2,2,2,0,10,0,0,6,2,12,0,0,12,4,0,2,8,0,0,0,2,0,0,0,0,0,4,0,0,0,0,0,8,0,0,0,0,2,0,6,2,4,0,0,24,0,0,0,0,16,0,14,2,4,0,0,0,0,6,0,0,0,0,4,0,0,0,0,0,0,4,20,8,0,0,12,0,6,0,0,0,0,0,2,6,0,0,6,0,0,0,4,8,16,4,0,0
10,0,6,4,0,0,2,2,0,0,6,0,10,0,0,12,8,0,0,12,0,0,0,0,0,0,2,0,2,8,0,0,0,0,2,22,0,2,0,0,0,0,0,0,0,0,0,20,0,0,0,0,12,2,16,0,8,0,0,0,0,22,0,2,2,0,4,0,0,0,0,0,0,0,8,6,0,0,2,0,8,0,2,0,2,0,0,2,0,2,6,0,2,2,0,2,12,0,0,0
10,0,0,18,2,0,0,12,0,0,8,0,12,0,0,8,14,0,0,2,0,0,2,0,0,0,2,0,0,14,0,0,2,0,0,8,2,0,0,0,0,0,0,0,0,0,0,8,0,0,0,0,8,0,16,0,8,0,0,0,0,14,0,2,2,0,2,0,0,0,0,0,0,2,4,8,0,0,4,0,8,0,0,0,0,0,2,2,0,0,10,0,0,0,0,4,12,0,0,0
10,0,4,10,0,0,0,2,0,0,8,0,24,0,0,14,12,0,2,6,0,0,0,2,0,0,0,0,0,4,0,0,0,0,0,10,0,0,0,0,2,0,4,2,2,0,0,14,0,0,0,0,22,0,14,0,14,0,0,0,0,14,0,2,0,0,0,0,0,0,0,0,0,0,6,6,0,0,0,0,18,0,0,0,2,0,0,4,0,0,12,0,0,0,2,4,18,0,0,0
16,0,4,18,0,0,2,14,0,0,4,0,16,0,0,10,0,0,0,10,0,0,0,0,0,0,0,0,0,4,0,0,0,0,2,12,0,0,0,0,2,0,10,0,0,0,0,10,0,0,0,0,6,0,14,0,6,0,0,0,0,6,0,2,0,0,2,0,0,0,0,0,0,2,6,8,0,0,4,0,10,2,2,2,0,0,0,10,0,0,12,0,0,0,2,0,8,0,0,0
10,0,4,6,2,0,0,16,0,2,14,0,10,0,0,10,2,0,0,4,2,0,0,0,0,0,0,0,0,6,0,0,0,2,0,16,0,0,0,0,0,0,0,0,0,0,0,10,0,2,0,0,20,0,14,0,6,0,0,0,0,4,0,0,0,0,0,0,0,0,0,0,0,0,10,14,0,0,18,0,16,2,2,0,0,2,2,8,0,0,10,0,2,0,2,6,10,2,0,0
12,0,2,12,0,0,0,10,0,0,20,0,14,0,0,12,10,0,2,4,0,0,2,0,0,0,0,0,0,2,0,0,0,0,2,14,0,2,0,0,0,0,4,0,0,2,0,12,0,4,2,0,8,0,14,0,18,4,0,0,0,8,0,0,0,0,2,0,0,0,0,0,0,2,14,12,0,0,8,0,6,0,6,0,0,0,0,6,0,0,8,0,0,0,4,2,16,0,0,0
14,0,8,6,0,0,2,4,0,0,4,0,14,0,0,14,6,0,2,8,0,0,0,0,0,0,0,0,0,0,0,0,2,0,0,6,0,0,0,0,4,0,6,0,0,0,0,18,2,2,0,0,14,0,22,0,2,2,0,0,0,20,0,0,0,0,0,0,0,0,0,0,0,0,6,8,2,0,12,0,10,0,2,0,0,0,0,8,0,0,4,0,0,0,2,4,14,0,0,0
10,0,12,4,2,2,2,8,0,0,6,0,10,0,0,8,2,0,2,26,0,2,0,2,0,0,4,0,0,6,0,0,0,0,0,4,0,4,0,2,2,0,12,0,8,0,0,14,4,0,2,0,12,0,18,0,4,2,0,0,0,6,0,6,6,0,4,0,0,2,0,0,0,4,4,8,0,0,12,0,2,0,4,0,0,0,0,2,2,0,8,0,0,0,6,4,12,2,0,2
6,0,6,0,4,4,2,4,0,2,2,0,10,0,0,6,2,0,4,10,0,0,0,4,0,0,6,0,0,4,0,0,0,0,2,4,0,4,0,0,12,0,8,0,2,2,0,8,10,4,0,2,8,0,12,0,0,0,0,0,6,2,2,6,10,0,6,0,0,2,0,0,0,10,16,6,0,0,8,4,0,0,6,0,0,0,6,0,2,4,2,0,0,4,16,12,12,2,0,2
2,0,12,0,4,6,14,0,0,0,0,4,6,2,0,4,0,8,6,16,2,0,0,2,0,0,6,0,0,2,0,0,0,2,4,2,4,4,0,2,6,0,10,6,14,2,0,6,8,2,0,0,10,0,6,2,0,0,2,0,4,0,0,8,18,2,10,0,0,0,0,0,2,4,12,0,2,0,10,0,0,0,4,0,4,0,10,0,2,10,2,0,8,6,18,24,2,6,0,2
0,0,6,0,2,8,8,2,0,0,0,2,0,0,0,4,0,6,6,16,2,0,0,8,2,0,16,0,0,0,0,0,0,0,2,2,4,12,0,2,6,0,10,4,8,14,2,0,4,14,2,8,4,2,8,2,0,0,2,0,6,0,0,12,6,0,22,0,0,0,6,0,0,16,4,0,6,2,2,0,0,0,2,0,4,0,10,0,0,10,2,0,4,20,6,10,2,8,0,2
0,0,2,0,6,18,8,0,0,0,0,0,2,0,0,0,0,6,14,8,8,0,0,10,0,0,6,2,0,0,0,0,0,0,0,0,10,14,0,2,6,0,6,2,4,12,0,2,12,4,6,4,2,4,2,6,0,2,4,0,6,0,0,2,14,0,10,2,2,0,8,0,0,6,0,0,10,2,0,12,0,0,10,0,6,0,12,2,0,14,0,2,10,4,2,14,2,4,0,4
0,0,2,0,4,6,6,2,2,0,0,2,0,0,0,0,0,8,4,6,8,0,2,12,0,0,2,0,0,0,2,2,2,4,0,2,10,4,0,10,14,4,4,0,8,10,0,0,20,8,2,4,2,2,2,4,0,0,6,0,10,0,0,10,8,0,8,0,0,0,4,0,0,4,2,2,6,4,2,2,0,0,2,0,10,0,24,2,0,10,0,2,8,12,14,20,0,8,0,0
0,0,6,0,8,4,6,0,0,2,0,2,0,2,0,0,0,12,4,14,0,2,0,10,0,2,18,0,0,0,0,2,0,2,2,0,8,6,2,2,18,2,4,12,10,20,0,0,14,6,0,4,2,2,4,2,0,0,2,0,8,0,0,2,12,0,10,0,0,0,10,0,0,16,0,0,8,0,2,0,0,0,10,0,10,0,6,0,0,12,0,0,8,10,4,12,2,14,0,2
0,0,2,0,4,8,8,0,0,0,0,2,0,0,0,2,0,12,6,6,8,0,0,8,0,0,8,0,0,0,0,0,0,0,2,0,16,2,0,0,4,0,8,2,8,14,0,2,6,4,0,8,0,4,4,4,0,2,6,0,6,0,0,4,14,0,14,0,0,0,4,0,0,14,2,0,8,2,0,4,0,0,8,0,14,0,24,2,0,8,0,0,4,20,8,12,0,2,0,0
2,0,4,0,6,10,8,2,0,2,0,2,2,0,2,2,0,8,8,14,10,0,0,8,2,2,12,0,0,0,0,0,0,0,6,2,10,12,0,2,10,2,12,4,12,16,0,8,6,10,0,2,4,0,8,8,2,0,0,2,10,0,0,2,12,0,12,0,0,0,2,0,0,8,10,2,0,2,0,2,0,0,10,0,6,0,16,0,0,4,0,2,14,2,20,14,2,8,0,0
0,0,8,0,2,2,8,6,0,0,0,2,6,0,0,8,0,2,4,22,0,0,0,6,0,0,2,0,0,0,0,0,0,0,0,0,2,0,0,0,6,0,16,4,12,0,0,12,2,4,0,0,2,0,14,0,2,0,0,0,4,2,0,8,10,0,20,0,0,0,0,0,0,12,16,4,0,0,2,0,2,0,4,0,0,0,10,2,0,4,0,0,4,2,18,14,14,14,0,2
4,0,4,0,2,2,2,0,0,0,0,0,8,0,2,12,2,0,4,16,0,0,0,4,0,0,6,0,0,4,0,0,0,0,6,4,2,4,0,2,4,0,10,2,4,0,0,10,0,2,0,0,12,0,16,0,2,0,0,0,4,6,0,6,0,0,6,2,0,0,0,0,0,4,20,8,0,0,10,0,0,0,8,0,0,0,2,4,0,0,2,0,2,0,12,12,8,4,0,0
10,0,8,0,4,0,0,4,0,0,0,0,8,0,0,8,2,0,2,4,0,0,0,2,2,0,4,0,0,2,0,0,0,0,4,4,0,0,0,2,2,0,22,0,2,0,0,20,0,4,0,0,16,0,8,0,2,0,0,0,2,2,0,0,6,0,6,0,0,0,0,0,0,0,14,4,0,0,14,0,6,0,4,2,0,0,4,6,0,0,2,0,0,0,16,10,12,4,0,0
0,0,4,0,0,0,4,14,0,0,6,0,6,0,0,12,0,0,0,16,0,0,0,4,0,0,0,0,0,8,0,0,0,0,2,14,0,2,0,0,4,0,6,0,2,0,0,14,0,0,0,0,8,0,22,0,2,0,0,0,2,4,0,0,2,0,4,0,0,0,0,0,0,2,8,6,0,0,14,0,6,0,6,0,0,0,2,0,0,0,6,0,0,0,12,8,28,0,0,0
6,0,0,2,0,0,0,4,0,0,0,0,10,0,0,12,4,0,10,14,0,0,0,8,0,0,4,0,0,0,0,2,0,2,2,2,0,0,0,0,6,0,12,0,0,0,0,16,0,2,0,0,20,0,18,0,2,0,2,2,0,6,0,4,6,0,12,0,0,0,2,0,0,2,26,10,0,0,8,0,2,0,6,0,0,2,4,6,0,0,2,0,0,0,18,16,8,0,0,0
4,0,6,0,2,6,10,6,0,2,0,4,2,0,0,4,0,2,8,24,0,0,0,2,0,0,12,0,0,0,0,0,0,0,0,2,2,2,0,0,14,0,14,2,4,6,0,10,2,2,2,6,0,0,6,0,2,0,0,0,4,4,0,12,10,0,12,0,0,0,2,0,0,10,12,4,0,0,10,2,0,0,10,0,0,0,6,2,2,4,2,0,2,6,18,8,6,2,2,0
0,0,6,0,6,4,12,0,0,0,0,2,0,0,0,4,0,2,6,12,8,0,0,4,0,0,14,0,2,0,0,0,0,8,2,2,8,8,0,6,20,0,8,0,12,6,0,2,10,8,0,4,2,2,4,0,2,0,10,0,8,0,0,2,12,0,16,0,0,0,8,0,0,12,2,0,8,0,2,2,0,0,8,0,2,0,10,0,2,6,0,0,0,10,14,8,2,6,0,2
0,0,6,2,10,10,6,0,0,0,0,2,0,0,0,0,2,10,8,12,10,0,0,12,0,0,8,0,0,0,2,2,0,2,14,0,6,4,2,4,18,0,6,2,10,8,0,2,20,6,0,4,6,4,2,6,0,0,2,0,20,0,0,6,14,0,4,0,2,0,8,0,0,8,2,0,6,0,0,4,0,0,4,0,6,0,10,0,0,2,0,0,6,10,2,8,0,16,0,0
0,0,6,0,4,2,10,0,0,0,0,0,0,0,0,0,0,8,4,10,6,2,0,0,0,0,14,0,0,0,0,0,0,4,4,0,12,6,0,4,18,0,2,2,8,14,0,0,2,4,0,6,0,10,0,0,0,0,2,0,10,0,0,8,16,0,14,0,0,0,18,0,0,14,6,0,16,0,2,2,0,0,6,0,6,0,10,0,0,16,0,0,8,18,6,8,4,12,4,2
0,0,8,0,8,4,0,0,0,0,0,0,0,2,0,0,0,14,14,12,4,2,0,6,0,0,8,0,0,0,2,0,2,2,2,0,8,6,0,6,12,0,4,4,12,8,0,2,6,6,2,6,0,0,4,2,0,0,2,0,2,2,0,8,20,2,26,0,0,0,4,0,0,10,4,0,14,0,0,2,0,0,2,0,6,0,22,0,0,18,0,2,2,16,4,10,0,8,0,0
0,0,2,0,8,6,6,0,0,0,0,2,0,0,0,0,2,12,2,8,4,0,0,6,0,0,14,0,0,0,0,0,0,2,2,0,10,6,0,12,6,2,2,0,6,8,0,2,8,10,2,2,0,0,0,0,0,0,2,0,14,0,0,2,14,0,12,4,0,0,10,0,2,4,0,0,10,0,0,10,0,0,8,0,4,0,12,0,4,8,2,0,16,20,2,18,0,10,4,6
0,0,0,0,8,14,6,0,0,0,0,2,0,0,0,0,0,8,10,6,6,2,0,6,0,0,10,0,0,0,0,2,0,0,0,0,10,8,2,0,10,2,2,6,6,10,0,0,6,6,2,4,0,12,2,4,0,0,0,0,6,0,0,4,6,0,16,0,2,0,16,0,2,6,2,0,18,2,0,6,0,2,4,0,12,0,12,0,0,12,0,4,10,16,4,6,0,4,0,4
0,0,6,2,6,2,2,0,0,0,0,2,0,6,0,0,0,14,2,6,4,0,0,4,0,0,6,0,0,0,0,2,0,6,0,0,8,6,0,6,14,0,0,6,10,2,0,0,16,8,16,14,0,6,0,0,2,2,4,0,2,0,0,2,16,0,4,0,2,0,22,0,0,6,0,0,16,6,0,6,0,0,2,2,18,0,14,0,0,12,0,4,12,4,0,8,0,6,0,0
0,0,0,0,4,2,4,0,2,0,0,0,0,14,0,0,0,4,8,2,0,0,0,2,0,0,2,0,0,0,0,10,0,6,0,0,8,0,0,0,2,0,0,2,4,4,0,2,4,2,18,10,0,10,0,2,0,2,0,2,2,0,0,0,6,6,2,0,2,0,12,0,2,6,0,0,6,12,0,2,0,2,0,0,8,0,14,0,2,6,0,6,12,6,0,4,0,0,2,0
0,0,0,0,2,2,0,0,0,8,0,0,0,16,0,0,0,2,0,0,2,0,0,2,0,0,0,0,0,0,0,2,0,8,0,0,0,6,0,0,2,2,2,0,2,2,0,0,4,0,6,8,0,8,0,0,0,0,0,6,0,0,0,0,2,4,2,0,0,2,0,0,0,0,0,0,2,8,0,2,2,4,0,0,6,2,4,0,2,2,0,6,6,0,0,0,0,4,0,0
0,0,0,0,0,2,2,0,0,12,0,0,2,6,0,0,0,2,0,0,0,0,0,0,0,0,0,0,0,0,0,4,0,4,0,0,4,0,0,4,0,0,0,2,0,0,0,0,2,0,6,8,0,2,0,0,0,2,0,8,0,0,0,0,0,8,0,0,0,6,2,0,0,0,0,0,2,2,0,10,0,20,2,0,0,0,2,0,0,2,0,8,0,0,2,0,0,0,4,0
0,0,0,0,0,0,0,0,0,18,0,0,0,2,0,0,0,2,0,0,0,0,0,0,0,0,0,0,0,2,0,2,0,10,0,0,0,0,0,0,0,0,2,0,0,0,0,0,0,0,0,6,0,0,0,0,0,12,0,10,0,0,0,0,0,16,0,0,0,8,2,2,0,0,0,0,0,2,0,0,0,8,0,0,2,0,0,0,0,2,0,2,0,2,0,0,0,2,12,0
0,0,0,0,0,0,0,0,0,16,4,0,0,0,0,0,2,0,0,0,0,0,0,0,0,0,0,0,0,0,0,0,0,4,0,0,0,0,0,2,0,0,0,0,0,0,0,0,0,0,0,0,2,2,0,0,0,4,0,4,2,0,0,0,0,6,0,0,0,2,0,0,0,0,0,0,0,0,0,2,0,10,0,0,2,0,0,0,0,0,0,2,2,0,0,0,0,0,12,0
0,0,2,0,0,0,0,0,0,12,0,0,2,0,0,0,0,0,2,0,0,0,0,0,0,0,2,0,0,0,0,0,0,4,0,0,0,0,0,0,0,0,0,2,0,0,0,0,0,0,0,4,0,2,0,0,0,20,0,0,0,0,0,0,0,10,0,0,0,8,0,0,0,0,0,0,0,0,0,2,0,2,2,0,0,0,0,2,0,0,0,0,0,0,0,0,0,0,6,0
0,0,4,0,0,2,2,0,0,8,0,0,0,0,4,0,0,0,0,0,0,2,0,0,0,0,2,0,0,0,0,0,0,6,0,0,0,0,0,0,0,0,0,0,0,0,0,0,0,0,0,2,0,0,4,0,0,20,0,2,0,0,0,0,0,16,0,0,0,6,0,0,0,0,0,0,0,0,0,0,0,0,0,0,2,0,0,0,0,0,0,0,0,0,2,0,0,0,4,0
0,0,0,0,2,0,0,0,0,20,0,0,2,0,0,0,0,0,2,0,0,0,0,0,0,0,0,0,0,0,0,0,0,8,0,0,0,0,0,0,0,0,0,0,0,0,0,0,0,0,2,6,0,0,0,0,0,12,0,2,0,0,0,0,0,4,0,0,0,14,0,0,0,2,0,0,0,0,2,0,0,8,0,0,4,0,0,0,0,0,0,0,0,0,0,0,0,4,10,0
0,0,0,2,0,0,0,0,0,8,0,2,0,0,0,0,0,0,0,0,0,0,0,0,0,0,0,0,0,0,0,0,0,2,0,2,0,0,0,0,0,0,0,0,0,0,0,0,2,2,0,6,2,0,0,0,0,12,2,2,0,0,2,0,0,8,0,0,0,22,0,0,0,0,0,0,0,0,0,2,2,6,0,0,0,0,0,2,2,0,0,0,2,4,0,0,0,0,10,0
0,0,0,0,0,0,0,0,0,20,0,0,0,0,0,0,0,2,0,2,0,0,0,0,0,0,2,0,0,0,0,0,0,6,0,0,2,0,0,2,0,0,0,0,0,0,0,0,0,0,0,6,0,0,0,0,0,6,0,2,0,0,0,0,0,8,0,2,2,2,0,0,0,0,0,0,0,0,0,0,0,2,0,0,0,0,0,0,0,0,0,0,0,0,2,0,0,0,18,0
0,0,0,0,0,2,0,0,0,16,0,0,0,2,0,0,0,0,2,0,0,0,0,0,0,0,0,2,0,0,0,0,0,2,0,0,0,0,0,0,0,0,0,0,0,0,0,0,0,0,0,0,0,0,0,2,0,6,0,4,2,0,0,0,0,8,0,0,0,16,0,0,0,2,0,0,0,2,0,0,0,6,0,0,0,0,0,0,0,0,0,2,0,0,0,0,0,0,0,0
0,0,0,0,0,0,0,0,0,12,0,0,0,2,0,0,0,0,0,2,0,2,0,0,0,0,0,0,0,0,0,0,0,6,0,0,4,0,0,0,0,0,0,0,2,0,0,0,0,0,0,4,0,0,0,0,0,6,0,6,0,2,0,0,0,6,0,0,0,6,0,0,0,2,0,0,0,0,0,2,0,0,0,0,0,2,0,0,0,2,0,2,6,0,0,0,0,0,12,0
0,0,0,0,0,2,0,0,0,10,0,0,0,6,0,0,0,0,2,0,0,0,0,0,0,0,0,0,0,0,0,6,0,10,0,2,4,0,0,0,2,0,0,2,0,0,0,0,2,4,4,12,0,2,0,0,2,0,0,2,0,0,0,0,0,10,0,0,0,4,0,0,0,0,0,0,0,8,0,4,0,12,0,0,6,0,2,0,0,2,0,2,6,0,2,0,0,2,4,0
0,0,2,0,2,4,2,0,0,6,0,0,0,6,2,0,0,0,2,2,0,0,0,2,0,0,2,0,0,0,0,8,0,14,0,0,0,0,0,0,2,0,0,0,4,0,0,0,4,0,12,12,0,14,0,0,2,2,0,2,2,0,0,0,2,10,0,0,0,0,0,0,0,0,0,0,2,8,0,6,2,10,0,0,4,0,4,0,0,4,0,12,14,0,0,0,0,2,4,0
0,0,0,0,4,2,2,0,0,2,0,2,0,12,0,0,0,2,4,0,2,0,0,4,0,0,4,0,0,0,0,12,0,22,0,0,10,2,0,2,0,2,0,2,0,0,0,0,6,0,18,24,0,12,0,2,0,2,0,2,4,0,0,0,8,0,2,0,0,0,4,2,0,2,0,0,2,4,0,8,0,6,0,0,10,2,8,2,2,12,0,2,16,2,0,0,0,2,0,0
0,0,2,0,8,2,4,0,0,2,0,2,0,2,0,0,0,2,4,2,2,0,0,10,0,0,6,0,0,0,0,0,0,4,0,0,10,6,0,2,8,0,0,0,2,2,0,0,8,8,8,8,0,4,0,2,0,0,0,0,6,0,0,0,2,2,4,0,0,0,22,0,0,8,0,2,18,6,0,2,0,2,2,0,18,0,14,0,0,14,0,6,16,14,2,6,0,4,0,0
0,0,2,0,6,2,2,0,0,0,0,0,0,0,0,0,2,10,2,0,12,0,0,4,0,0,14,0,0,0,0,0,0,0,2,0,10,14,0,4,12,2,2,4,8,4,0,0,4,2,2,12,0,22,2,2,0,0,2,0,0,0,0,0,10,0,6,0,0,0,24,0,0,6,0,0,12,0,0,8,0,4,6,0,12,2,8,0,2,16,0,6,10,4,2,8,0,2,0,2
0,0,6,0,4,6,6,0,0,0,0,0,0,0,0,0,0,18,2,12,8,0,0,16,0,0,6,0,0,0,0,2,0,6,4,0,12,8,0,4,14,2,2,6,10,6,0,0,12,2,2,6,0,6,0,4,0,0,2,0,6,0,0,4,2,0,10,2,0,2,16,0,0,4,0,0,12,0,0,8,0,0,6,0,0,0,16,0,0,12,0,0,4,6,8,12,0,10,0,4
0,0,4,0,0,6,10,0,0,0,0,0,0,0,0,0,0,14,6,12,8,2,0,4,0,0,8,0,2,0,0,0,0,0,4,0,6,12,0,10,14,0,0,2,6,14,0,0,2,2,6,8,2,6,2,4,0,0,2,0,14,0,0,6,8,0,6,0,0,0,4,0,0,8,2,0,14,0,0,8,0,0,14,0,10,2,16,0,2,16,2,0,8,10,2,8,2,14,0,0
0,0,6,0,8,6,14,0,0,0,0,0,0,0,0,0,0,10,10,18,16,0,0,8,0,0,12,0,0,0,0,0,0,4,4,0,2,8,0,6,10,0,10,6,4,10,0,0,18,6,4,8,4,4,2,2,0,0,0,0,12,0,0,0,28,0,14,2,0,0,8,0,0,10,2,0,16,2,0,2,0,0,10,0,8,2,12,0,4,10,0,2,10,6,4,14,0,20,0,2
0,0,8,4,2,8,6,0,0,0,0,0,0,2,4,0,2,12,4,10,8,0,0,10,0,0,10,0,2,0,2,0,0,6,2,0,8,10,0,2,12,2,6,2,8,14,0,0,4,6,0,0,0,4,0,4,0,0,4,2,10,0,0,4,12,0,12,0,0,4,12,0,0,4,6,0,6,2,0,2,2,0,6,0,20,0,10,0,0,14,0,0,6,14,6,12,0,4,0,4
0,0,14,0,8,10,12,0,0,0,0,2,2,0,0,0,2,8,8,6,18,0,0,4,0,4,2,0,0,0,0,0,0,0,6,0,14,12,2,4,8,2,2,8,12,14,0,0,8,6,0,6,2,4,4,4,0,2,2,2,2,0,0,0,8,0,12,0,0,0,4,0,0,12,0,0,10,0,0,10,0,0,2,0,10,0,10,0,0,8,0,0,6,12,2,2,0,10,0,4
0,0,4,2,6,14,6,0,0,0,0,0,0,2,0,0,0,18,14,4,2,2,0,10,0,4,2,0,0,0,0,4,0,4,18,0,4,4,2,0,10,6,2,8,10,14,0,0,4,2,4,12,2,8,0,12,2,0,0,2,20,0,0,8,14,2,16,2,0,0,4,0,2,6,0,2,12,2,0,4,2,0,2,0,10,0,16,0,2,14,0,0,8,10,2,14,2,2,0,6
0,0,2,0,0,12,0,0,0,0,0,0,0,2,0,0,0,12,6,6,2,0,2,8,8,10,6,0,0,2,0,0,0,0,14,0,8,0,4,0,2,12,0,12,10,10,0,0,2,0,0,8,0,0,2,24,0,0,0,0,12,0,0,0,8,0,2,0,0,0,0,0,0,20,0,0,0,0,0,6,0,0,0,0,0,2,18,0,0,8,0,0,8,0,0,2,0,2,0,14
0,0,0,0,0,4,0,0,0,0,0,0,0,0,0,0,0,0,8,4,0,0,0,6,26,4,0,0,0,0,0,0,12,0,30,2,0,0,2,2,0,10,0,14,20,4,0,0,2,2,0,0,0,0,2,20,0,0,0,2,2,0,0,2,2,0,2,2,4,0,2,0,0,6,0,0,0,0,0,0,2,0,0,0,0,0,10,0,0,0,0,0,0,0,2,2,0,4,0,4
0,0,0,0,0,4,0,0,0,0,0,0,0,0,0,0,0,0,4,0,0,0,0,0,18,0,0,0,0,0,0,0,16,0,18,0,0,0,2,0,0,6,0,4,2,0,0,0,0,0,0,0,0,0,0,2,0,0,0,0,6,0,0,0,0,0,0,0,8,2,2,0,0,2,0,0,0,0,0,0,0,0,2,0,0,0,4,0,0,0,0,0,0,0,0,0,0,0,0,0
0,2,0,0,0,2,0,0,0,0,0,0,0,0,0,2,2,2,6,0,0,0,0,0,14,0,0,0,0,0,0,0,10,0,8,0,0,0,0,0,0,0,0,4,0,0,0,0,0,0,0,2,2,0,0,0,0,0,0,0,2,0,0,0,0,0,0,0,18,0,0,0,0,2,0,0,0,2,0,0,0,0,0,0,0,0,0,0,0,0,0,0,0,0,0,2,0,0,0,0
0,0,0,2,0,0,0,0,0,0,0,2,0,0,0,0,0,2,6,0,0,0,2,2,10,0,0,0,0,0,0,2,10,0,18,0,0,0,0,2,0,2,0,6,0,0,0,0,0,0,0,0,0,0,0,2,0,0,0,0,4,0,2,0,0,0,0,0,10,0,0,0,0,0,0,2,0,2,0,0,0,2,0,0,2,0,0,0,0,0,0,0,0,2,0,0,0,0,0,0
0,0,2,0,0,8,0,0,0,0,0,0,0,0,0,0,0,0,2,0,0,0,0,0,10,0,0,2,2,0,0,0,14,0,32,0,2,0,0,0,0,0,0,6,8,0,0,0,0,0,0,0,0,0,0,2,0,0,0,0,2,0,0,0,2,0,0,0,18,0,2,0,0,2,0,0,0,0,0,0,0,0,0,0,0,0,0,0,0,0,0,0,0,0,0,0,0,0,0,0
0,0,0,0,0,4,2,0,0,0,0,0,0,0,0,2,0,0,4,0,0,0,0,0,18,4,0,0,0,0,0,0,12,0,28,2,2,0,4,0,0,4,0,10,4,0,0,0,2,0,0,0,0,0,2,10,0,0,0,0,8,0,0,0,0,0,0,0,12,0,0,0,0,6,2,0,2,0,0,0,0,0,0,0,0,0,4,0,0,0,0,0,2,0,0,0,0,0,0,4
0,0,0,0,0,12,0,0,0,2,0,0,0,0,2,4,0,0,8,4,0,0,0,6,10,12,0,0,0,0,0,0,2,0,24,0,0,0,16,0,2,16,0,14,8,6,0,0,2,2,0,2,2,4,0,26,0,2,0,4,14,0,0,2,2,0,4,0,2,2,0,0,0,2,0,2,0,0,0,2,0,0,4,0,6,0,6,0,0,0,0,0,2,2,0,6,0,0,0,18
0,0,6,0,0,14,8,0,0,0,0,0,0,0,2,2,2,10,12,14,2,0,0,4,4,6,0,0,0,0,0,0,2,2,10,0,6,0,8,0,10,16,6,2,14,14,0,2,2,0,0,2,0,0,0,24,0,0,0,4,20,0,0,4,6,0,8,0,2,0,4,0,0,4,0,0,2,0,0,4,0,0,8,0,0,0,10,0,0,8,0,0,6,2,8,6,0,12,0,8
0,0,6,0,2,6,4,0,0,2,0,0,0,0,0,2,2,8,8,10,4,0,0,20,0,4,6,0,0,2,0,0,0,4,14,0,16,4,0,0,8,4,6,4,10,22,0,2,10,8,0,0,0,8,10,2,0,0,4,0,16,0,0,0,12,0,4,0,0,0,18,2,0,10,0,0,6,0,0,6,0,0,8,0,12,0,18,0,0,6,0,0,2,14,2,26,0,16,0,2
0,0,10,0,4,10,10,0,2,0,0,0,0,0,0,0,0,12,0,4,6,0,0,2,0,2,6,0,0,0,0,0,0,0,0,0,4,10,2,4,16,0,4,6,8,14,0,0,10,2,0,6,2,4,4,0,0,0,2,0,6,0,0,2,2,0,8,0,0,2,4,0,0,10,0,0,8,2,0,10,2,0,4,0,6,0,14,0,4,10,0,0,6,10,6,10,2,4,2,2
0,0,2,0,8,2,10,2,0,0,0,0,0,0,2,0,0,8,8,8,8,2,0,6,0,2,8,2,0,0,0,2,0,0,0,0,12,18,6,4,10,0,4,2,12,14,2,0,10,8,2,2,2,2,4,2,4,0,2,0,6,0,2,8,10,0,16,0,0,0,8,0,0,12,2,0,10,4,0,6,0,0,8,0,2,0,12,0,2,6,0,2,8,10,2,12,0,6,0,0
0,0,4,0,4,10,14,0,0,0,0,2,2,0,0,2,0,18,4,10,8,0,2,8,0,0,6,0,0,0,2,4,0,6,0,0,2,2,0,6,10,0,6,6,2,6,0,0,16,2,0,12,0,0,4,2,0,4,2,0,6,0,0,2,14,0,10,0,0,0,10,2,0,10,2,0,10,0,0,6,0,0,6,0,6,0,16,0,0,6,0,0,8,18,4,6,0,4,0,2
0,0,4,0,4,0,8,0,0,0,0,0,0,0,0,0,0,28,6,10,10,0,0,16,0,0,18,2,0,0,0,2,0,2,2,0,14,4,0,6,10,2,6,2,16,8,0,0,24,8,4,10,2,4,0,4,0,0,2,0,6,0,0,0,14,0,0,0,0,0,4,0,2,4,2,0,4,2,2,10,0,0,10,0,6,0,14,0,2,14,0,4,10,8,8,18,0,10,0,2
0,0,4,2,2,0,10,0,0,0,2,0,0,2,0,0,0,22,4,4,8,0,0,14,0,0,6,0,0,0,0,0,0,4,2,0,6,6,0,8,8,0,2,2,10,8,0,0,14,6,2,14,2,12,0,0,0,0,4,0,6,0,0,12,14,0,4,0,0,0,22,0,2,10,4,0,14,0,0,6,0,0,8,0,16,0,20,0,0,10,0,6,6,16,0,6,0,12,0,0
0,0,6,0,6,10,6,0,0,0,0,0,0,0,0,0,0,4,4,8,12,2,0,6,0,0,4,0,0,0,0,4,0,6,0,0,12,6,0,6,2,0,0,6,2,8,0,0,10,2,2,6,0,6,0,0,0,0,2,0,2,0,0,0,14,0,12,0,0,0,20,0,0,6,0,0,10,4,0,6,0,2,8,0,14,0,4,0,2,16,0,6,6,8,0,14,0,4,0,2
0,0,0,0,8,4,2,0,0,2,0,2,0,10,0,2,0,8,2,0,10,0,0,6,0,2,10,0,0,0,0,6,0,8,2,0,2,2,2,8,4,0,0,2,2,2,0,0,0,8,8,10,0,10,0,0,2,0,6,0,4,0,0,0,12,2,4,0,0,0,6,0,0,6,0,0,6,4,0,10,0,0,0,0,18,0,8,0,0,12,0,2,6,12,0,4,0,6,0,0
0,0,0,0,4,4,2,0,0,0,0,0,0,6,0,0,0,2,0,0,0,0,0,2,2,0,2,0,0,0,0,10,0,10,0,0,10,6,0,0,2,2,0,2,8,2,0,2,4,4,10,12,0,12,0,0,0,0,2,2,10,2,0,2,4,0,2,0,0,0,6,0,0,2,0,0,6,10,0,8,2,4,0,0,2,0,8,0,2,16,0,2,10,2,0,2,0,4,0,0
0,0,0,0,0,2,2,2,2,6,0,0,0,4,0,0,2,0,0,0,0,0,0,4,0,0,0,2,0,0,2,6,0,10,0,0,4,0,0,2,0,0,0,0,2,0,0,0,0,2,6,4,0,8,0,2,2,2,0,4,4,0,0,0,4,2,2,0,0,2,2,0,0,2,0,0,2,10,0,12,0,18,0,0,4,0,8,0,0,6,0,14,18,0,0,0,0,2,2,0
0,0,0,0,0,2,2,0,0,6,0,0,0,4,0,0,0,0,0,0,2,0,0,0,0,0,0,0,0,0,0,6,0,8,2,0,2,0,0,0,2,0,0,2,4,0,0,0,2,2,16,2,0,4,0,0,0,0,0,12,2,0,0,0,0,12,2,0,0,8,0,0,0,0,0,0,0,10,0,2,0,6,0,0,4,0,4,0,0,0,0,4,8,2,0,0,0,2,4,2
0,0,0,0,0,0,0,0,0,14,0,0,0,0,0,0,0,0,0,0,0,2,0,0,0,0,2,0,0,0,0,0,2,6,0,0,2,2,0,0,0,0,0,0,0,0,0,0,0,0,8,6,0,0,0,0,0,8,0,10,0,0,0,0,2,10,0,0,0,8,2,0,0,0,0,0,0,8,0,2,0,4,0,2,2,0,0,2,0,0,0,8,8,0,0,0,0,0,10,0
0,0,2,0,0,0,0,0,0,10,0,0,0,0,0,0,0,0,0,0,0,0,0,0,0,0,0,0,0,0,0,2,0,10,0,0,0,0,0,0,0,2,0,0,0,0,0,0,0,0,0,4,2,0,0,0,0,12,0,4,0,0,0,0,0,12,0,2,0,32,0,0,0,0,0,0,0,2,0,0,0,8,0,0,0,0,2,0,0,2,0,0,0,0,4,2,0,0,14,0
0,0,0,0,0,0,0,0,0,20,0,0,0,0,0,0,0,0,2,0,0,2,0,0,0,0,0,2,0,0,0,0,0,6,0,0,0,0,0,0,0,0,0,0,0,0,0,0,4,0,0,10,0,0,0,0,0,16,0,0,0,0,0,0,0,22,0,0,0,14,0,2,0,2,0,0,0,0,0,0,0,2,0,0,0,0,0,0,0,0,0,0,2,0,0,0,0,0,6,0
0,0,0,0,2,0,0,0,0,10,0,0,2,0,0,0,0,0,0,0,0,0,2,0,0,0,0,0,0,0,0,0,0,6,0,0,0,0,0,2,0,0,2,0,0,0,0,0,0,0,0,8,0,0,0,2,0,12,0,6,0,0,0,0,0,4,0,0,0,14,0,0,0,0,0,0,0,0,2,0,2,4,0,0,0,0,0,0,0,0,0,0,0,0,2,0,0,0,8,0
0,0,0,0,0,0,0,0,0,12,0,0,0,0,0,0,0,0,0,0,0,0,2,0,0,0,0,0,0,0,0,0,0,2,0,0,2,0,2,0,0,0,0,0,2,0,0,0,2,0,0,2,0,0,0,4,0,6,0,4,0,0,0,0,0,12,0,0,0,22,0,0,0,0,0,0,0,0,0,0,0,4,0,0,0,0,0,0,0,0,0,0,2,0,0,2,0,0,18,0
0,0,0,0,0,0,0,0,0,10,0,0,0,0,0,0,0,0,0,0,0,2,0,0,0,0,0,0,0,2,0,0,0,6,0,0,0,0,0,2,0,0,0,0,4,0,0,0,0,0,0,8,0,0,0,0,0,10,0,4,0,0,0,0,0,20,0,0,0,16,0,0,0,0,0,0,0,0,2,0,0,4,0,0,0,0,0,0,0,0,0,0,0,0,0,0,0,0,6,2
0,0,0,0,2,0,0,0,0,12,0,0,0,0,0,0,0,0,0,0,0,0,0,0,0,0,0,0,0,0,0,0,2,6,0,0,0,0,0,0,0,0,2,0,0,0,0,0,2,0,0,2,2,0,0,0,0,14,0,6,2,2,0,0,0,8,0,0,0,12,0,0,0,0,0,0,0,0,0,0,0,6,0,0,0,0,0,2,0,0,0,0,0,0,0,0,0,0,6,0
0,0,2,0,0,0,0,0,0,14,0,0,0,0,0,0,0,0,4,0,0,0,0,0,0,0,0,0,0,0,0,0,0,12,0,0,0,2,0,0,0,0,0,0,0,0,0,0,0,2,0,6,0,0,2,4,0,8,0,6,0,0,0,0,0,14,0,0,0,12,0,0,0,0,0,0,0,2,0,0,0,6,0,0,0,2,0,0,0,0,0,2,4,0,2,0,0,0,2,0
0,0,0,0,0,0,0,0,0,10,0,0,2,0,0,0,0,0,0,2,0,0,0,0,0,0,0,0,0,0,0,0,0,14,0,0,0,0,0,0,0,0,0,0,2,0,0,0,0,0,4,8,4,4,2,0,0,2,0,6,0,0,2,0,0,10,0,0,0,10,0,0,0,0,0,0,0,4,0,0,2,14,0,0,2,0,0,0,0,2,0,6,2,0,0,0,0,0,6,0
0,0,0,0,0,0,0,0,0,8,0,0,0,2,0,0,0,0,0,0,0,2,0,0,0,2,0,0,0,0,0,2,0,12,0,0,0,0,0,0,2,0,0,0,2,0,0,0,0,0,4,6,2,6,0,2,0,2,0,12,0,0,0,0,0,6,0,0,0,4,0,0,0,0,0,0,0,0,0,8,0,18,0,0,0,0,2,0,0,0,0,8,6,0,0,0,0,2,6,0
0,0,0,0,2,2,0,0,2,6,0,0,0,16,0,0,0,0,2,0,4,0,2,0,0,0,4,0,0,0,0,8,0,16,2,0,0,0,0,2,4,0,0,2,0,4,0,0,2,2,22,8,0,16,0,0,0,4,0,4,4,0,0,0,0,8,0,0,0,6,0,0,0,0,0,0,0,6,0,8,0,6,0,2,8,0,8,0,0,6,0,4,10,2,0,0,0,6,4,0
0,0,4,0,2,0,2,0,0,0,2,0,0,6,0,0,0,4,2,8,0,0,0,0,0,0,2,0,2,0,0,4,0,10,0,0,8,4,0,0,0,0,0,4,6,2,0,0,6,0,12,22,0,18,0,0,2,2,0,2,2,0,0,0,4,0,0,2,0,0,4,0,0,0,0,0,4,10,0,4,0,2,0,0,6,0,6,0,2,8,0,10,8,8,0,0,0,4,0,0
0,2,0,0,12,0,2,0,0,0,0,0,0,8,0,0,0,0,2,2,2,0,0,2,0,0,4,0,2,0,0,8,0,10,2,0,16,4,0,0,4,0,0,2,4,4,0,0,2,14,16,2,0,14,0,2,0,0,0,4,12,0,0,0,12,2,4,0,0,0,8,0,0,6,0,0,4,2,0,12,0,6,0,0,12,0,14,0,0,24,0,4,12,6,0,2,0,12,0,0
0,0,6,0,6,6,8,2,0,0,0,2,0,2,0,0,0,20,4,2,4,2,0,10,0,0,6,0,0,0,0,2,0,8,2,2,12,12,0,0,4,2,0,2,2,2,0,0,6,16,8,12,0,6,0,2,0,2,0,0,6,0,0,4,6,0,8,0,0,0,16,0,2,6,4,0,12,6,0,12,0,6,6,2,14,0,14,0,2,10,0,6,12,2,0,6,0,6,2,0
0,0,4,0,8,6,6,0,0,0,0,0,0,0,0,0,0,16,2,4,20,0,2,14,2,2,8,0,0,0,0,2,0,4,4,0,8,2,0,8,10,0,4,4,14,8,0,0,10,10,0,12,0,6,2,4,0,0,0,2,6,2,0,0,4,0,6,0,2,0,14,0,0,10,2,0,6,0,0,2,0,2,4,2,4,0,6,0,0,14,0,4,16,12,6,4,0,12,0,4
0,0,4,0,12,2,8,0,0,2,0,0,2,0,0,0,2,6,8,4,10,0,0,10,0,0,8,0,0,0,0,0,0,2,4,0,10,6,2,4,10,0,4,6,8,8,4,0,6,2,0,2,0,0,4,6,0,0,4,0,4,0,0,6,10,0,16,0,0,0,6,0,0,4,2,0,6,0,0,2,0,0,6,2,6,0,16,0,0,14,0,0,16,12,0,22,2,4,0,2
0,0,2,2,16,6,0,0,0,0,0,0,2,0,0,0,0,4,4,12,8,4,0,10,0,0,20,0,0,2,0,2,0,2,10,0,14,6,0,4,16,0,4,6,18,16,0,0,6,6,2,4,0,0,0,0,0,0,2,0,8,2,0,2,10,0,16,0,0,0,18,2,0,8,0,0,10,0,0,10,0,2,8,0,4,0,14,0,2,20,0,2,6,6,4,14,2,8,2,0
0,0,2,0,14,8,4,0,0,0,0,0,2,0,2,0,0,6,10,12,12,0,0,6,0,2,8,0,0,0,0,0,0,2,4,0,10,10,2,0,12,2,2,2,4,6,0,0,10,8,0,4,2,6,10,4,0,0,6,0,6,0,0,6,22,0,12,0,0,0,4,0,0,14,2,0,6,2,0,6,0,0,4,0,10,0,10,0,0,6,0,2,10,18,2,10,0,6,0,0
2,0,2,0,8,8,10,0,0,0,0,0,2,0,0,0,0,2,4,6,10,0,0,4,0,2,12,0,0,0,2,0,0,6,2,0,10,16,0,2,12,0,4,12,8,12,2,0,6,2,0,0,2,0,0,4,2,0,0,0,10,0,0,0,14,0,12,0,0,0,4,0,0,4,4,0,6,4,0,0,0,2,10,0,10,0,22,0,0,10,0,4,6,12,0,10,0,8,0,4
0,0,4,0,10,4,8,0,0,2,0,0,0,0,0,0,0,6,8,10,8,0,0,12,2,0,8,0,0,0,0,2,0,8,4,0,10,4,0,2,14,2,0,8,4,12,2,0,16,6,0,6,0,12,0,4,0,0,2,0,6,0,0,0,18,0,4,0,0,0,6,2,0,20,2,0,18,2,0,4,2,0,2,0,8,0,18,0,0,8,2,0,12,4,0,14,0,2,0,0
0,2,4,0,8,4,2,0,0,0,2,0,0,4,2,0,0,8,4,6,10,0,0,2,0,0,16,0,0,0,0,2,0,10,0,2,6,10,2,2,10,0,0,0,10,8,0,0,16,8,6,10,0,14,2,0,0,0,2,0,8,0,0,0,10,4,8,0,2,0,14,0,2,0,0,0,16,6,0,8,0,2,2,0,20,0,8,0,0,12,0,4,8,6,0,2,0,6,0,2
0,0,4,0,0,2,2,0,0,0,0,0,2,4,0,0,0,8,10,2,4,2,0,2,0,0,10,0,0,0,0,6,0,18,2,0,12,8,0,4,2,2,0,0,4,2,0,0,4,16,14,6,0,16,2,0,2,2,0,0,10,0,0,4,10,0,10,0,0,0,10,0,0,4,0,0,8,4,0,4,0,2,0,0,16,0,10,0,0,6,2,6,8,4,0,2,0,6,0,2
0,0,0,0,2,0,0,0,0,2,0,0,0,12,0,0,0,4,2,0,0,2,0,4,0,0,2,0,0,0,0,6,0,8,2,0,8,2,0,0,2,0,2,0,4,0,0,0,4,4,22,10,2,12,2,0,0,4,0,0,4,0,0,2,4,2,4,0,0,2,6,0,0,0,0,0,8,6,0,8,0,6,0,0,6,0,8,0,0,6,0,6,14,4,0,0,0,2,4,0
0,0,0,0,2,0,0,0,0,4,0,0,0,10,0,0,0,0,0,0,2,0,0,0,0,0,0,0,0,0,0,6,0,14,0,0,8,4,0,0,2,0,0,0,2,2,0,0,2,4,12,10,2,4,0,2,0,2,0,12,0,0,0,0,2,2,0,0,0,2,0,0,0,0,0,0,0,8,0,2,0,8,0,0,4,0,4,0,0,4,0,12,8,0,0,0,0,0,2,0
2,0,0,0,2,0,0,0,0,6,0,0,2,2,2,0,0,0,0,0,0,0,0,0,0,0,0,0,0,0,0,0,0,10,0,0,2,2,0,2,4,0,0,0,2,0,0,0,0,0,6,10,0,2,0,0,0,0,0,0,0,0,0,0,2,8,0,2,0,8,0,0,0,0,0,0,0,2,0,0,0,14,0,0,2,0,4,0,0,0,0,2,4,0,0,0,0,0,6,0
0,0,0,0,0,0,0,0,0,10,0,2,2,0,0,0,2,0,0,2,0,0,0,0,0,0,0,0,0,0,0,4,0,16,0,0,4,0,0,0,2,0,0,0,2,0,0,0,0,0,0,6,0,2,0,0,0,4,0,10,0,0,0,0,2,16,0,0,0,16,0,0,0,2,0,0,0,6,0,2,0,8,0,0,0,0,2,0,0,0,0,6,4,0,0,0,0,0,6,0
0,0,0,0,0,6,0,0,0,10,0,2,0,0,0,0,0,0,0,0,0,0,0,2,0,0,0,0,0,0,0,2,0,16,0,0,2,0,0,0,0,0,0,2,0,0,0,0,0,0,0,10,0,6,0,0,0,8,0,8,0,0,0,0,0,4,0,2,0,12,0,0,0,0,0,0,0,6,0,0,2,4,0,0,2,0,0,0,0,2,0,6,4,0,0,0,0,2,12,0
0,0,0,0,0,0,0,0,0,8,0,0,0,0,0,0,0,0,0,2,0,0,0,0,0,0,0,0,0,0,0,2,0,2,2,0,2,0,0,0,0,0,2,0,0,0,0,0,0,0,2,4,0,4,2,0,2,2,0,8,0,0,0,2,0,12,0,0,0,2,0,0,0,0,0,2,0,4,0,0,0,8,0,0,2,0,2,0,0,2,0,0,4,0,0,0,0,2,12,0
0,0,0,2,2,0,0,0,0,14,0,2,0,2,2,0,0,0,2,0,0,0,0,0,0,0,0,0,0,0,0,0,0,8,0,0,2,0,0,0,0,0,0,0,2,0,2,0,0,0,4,10,0,0,0,0,0,0,0,6,4,0,0,0,0,6,0,0,0,6,0,0,0,0,0,2,0,4,0,2,0,8,0,2,0,0,0,0,0,2,0,6,2,0,0,0,0,0,4,0
0,0,0,0,0,0,0,0,0,8,0,0,2,0,0,0,0,0,0,0,0,0,0,0,0,0,0,0,0,0,0,2,0,12,0,0,2,0,0,0,0,0,0,0,2,0,0,0,0,0,4,8,0,4,0,0,0,6,0,18,2,0,0,0,0,4,0,0,0,6,0,0,0,0,0,0,0,4,0,0,0,8,0,0,0,0,4,0,2,2,0,0,4,0,0,0,0,0,0,0
0,0,0,0,0,0,0,0,0,16,2,0,0,2,0,0,0,0,0,0,0,0,0,0,0,0,2,0,0,0,0,0,0,8,0,0,10,4,0,2,0,0,0,0,2,0,0,0,0,2,4,12,2,4,0,0,0,4,0,10,0,0,0,0,0,14,2,2,0,2,0,2,0,0,0,0,0,2,0,2,0,16,0,0,2,0,2,0,0,0,0,2,4,0,0,2,0,0,4,0
0,0,0,0,0,2,0,0,0,10,0,2,0,2,0,0,0,0,0,0,0,0,4,2,0,0,0,0,0,0,0,2,2,12,0,0,2,0,0,0,0,0,0,0,0,0,0,0,2,0,4,10,0,6,0,0,0,2,0,6,2,0,0,0,0,14,0,0,0,12,2,2,0,0,0,0,0,4,2,4,0,16,0,0,0,0,2,0,0,0,0,4,4,0,0,0,2,2,6,2
0,0,0,0,0,2,2,0,0,6,0,0,0,4,0,0,0,0,2,0,2,0,0,0,0,0,0,0,0,0,0,2,0,16,0,0,0,4,0,0,0,0,0,0,0,0,0,0,4,0,10,2,0,8,0,0,0,2,0,8,4,0,0,0,2,6,0,0,0,4,0,0,0,0,0,0,0,0,0,2,0,16,0,0,0,0,4,0,0,2,0,6,4,2,2,0,0,0,4,0
0,0,0,0,2,4,0,0,0,4,0,0,2,4,0,0,2,0,2,0,0,0,0,4,0,0,6,0,0,0,0,2,0,14,0,0,2,4,0,2,6,0,0,0,6,0,0,0,0,2,14,4,0,30,0,2,0,0,0,6,4,0,0,0,0,0,0,0,0,4,2,0,0,2,0,0,0,12,0,6,0,8,2,2,4,2,6,0,0,6,0,12,4,2,0,2,0,0,4,0
0,0,4,0,6,4,4,0,2,0,0,0,0,8,0,0,0,6,10,6,0,0,0,2,2,0,8,0,0,0,0,6,2,4,4,2,12,4,0,0,4,0,0,4,4,0,2,0,2,2,12,6,0,14,0,2,0,0,0,0,2,2,0,0,4,0,8,0,0,0,18,2,0,6,0,0,10,6,0,16,0,8,0,0,16,0,10,0,2,10,0,8,10,2,0,4,0,6,0,0
0,0,2,0,10,6,6,0,0,0,0,0,0,0,0,0,2,14,2,6,8,0,0,4,0,0,10,0,0,0,0,4,0,12,4,0,6,12,0,6,2,0,0,4,4,0,0,0,8,8,10,4,2,6,0,0,0,2,0,0,6,0,0,2,14,0,12,0,0,0,8,0,2,14,0,0,18,4,0,6,2,0,0,0,14,0,18,2,2,8,0,8,6,8,0,4,0,4,0,0
2,0,4,0,4,10,8,0,0,0,0,0,0,2,0,0,0,12,4,10,8,0,0,6,0,2,4,0,0,0,0,8,0,8,6,0,10,8,0,0,20,2,2,6,10,4,0,0,6,2,0,10,0,4,0,2,0,0,0,0,6,0,0,0,8,0,12,2,0,2,10,0,0,12,4,0,16,2,0,8,0,0,4,0,12,0,4,0,0,6,0,2,6,14,2,4,0,2,0,2
0,0,6,0,14,4,16,0,0,0,0,0,0,2,0,0,0,6,18,0,14,0,0,10,0,0,26,0,0,0,0,2,0,6,2,0,14,4,0,6,4,2,4,2,6,12,0,0,4,8,6,6,0,6,2,0,0,0,4,2,8,0,0,6,10,0,14,0,0,0,8,0,0,8,2,0,12,2,0,8,0,0,6,0,10,0,10,0,0,12,0,2,14,10,2,8,0,8,0,0
0,0,2,0,4,8,4,0,0,0,0,2,2,0,0,2,0,8,2,10,6,0,0,6,0,0,18,0,2,0,0,0,0,4,0,0,10,8,0,12,6,0,0,12,8,4,0,0,10,8,0,4,0,2,4,0,0,0,4,0,12,0,0,8,12,0,10,2,0,0,6,0,0,4,4,0,16,2,0,4,0,0,8,2,14,0,16,0,2,6,0,0,10,14,0,14,0,2,0,0
0,0,2,0,8,12,6,0,0,0,0,0,0,0,0,0,0,6,6,2,16,0,0,14,0,0,6,0,0,0,0,0,0,2,2,2,6,6,0,8,6,0,6,2,6,18,0,2,4,12,0,4,0,8,0,6,2,0,0,0,6,0,0,4,12,0,6,0,0,0,14,0,2,4,2,0,14,0,2,6,0,2,10,0,4,0,16,0,4,20,0,0,8,18,2,10,2,2,2,0
0,0,2,0,10,2,18,0,0,2,0,0,0,0,4,0,0,8,8,6,8,0,0,12,2,2,12,2,0,0,0,2,0,4,0,0,16,8,0,0,18,0,2,0,2,10,0,0,12,2,0,8,0,0,0,2,2,0,8,0,14,0,0,8,18,0,12,0,0,0,4,0,0,8,4,0,4,4,0,4,0,0,6,2,8,0,16,0,2,10,0,2,12,10,4,4,0,6,0,4
0,0,2,0,14,6,6,0,0,0,0,0,0,2,0,0,0,22,8,10,12,0,0,2,0,0,4,0,0,0,0,2,2,8,6,4,14,6,0,0,10,0,2,6,4,14,2,0,8,6,0,2,0,6,2,4,0,0,4,0,0,0,0,6,8,0,22,0,0,0,12,0,0,6,2,0,6,0,0,6,0,0,10,0,6,0,8,0,0,14,2,0,10,8,0,18,0,14,0,2
0,0,12,0,4,6,6,2,2,0,0,0,2,0,0,4,4,8,2,6,10,0,0,4,0,2,6,0,0,0,0,0,0,2,6,0,4,8,0,2,10,2,12,2,6,12,0,0,6,6,0,6,0,4,2,2,0,0,0,0,4,0,0,8,6,0,4,0,0,0,2,0,0,2,8,0,4,0,2,8,0,0,4,0,6,0,14,2,0,14,0,0,16,8,12,18,0,10,0,2
8,0,8,0,8,2,6,6,0,2,2,2,2,0,0,4,0,0,4,14,0,0,0,6,0,0,10,2,0,0,0,0,0,2,2,2,2,4,0,4,8,0,12,0,4,2,0,4,8,6,0,0,6,0,4,0,0,0,2,0,8,2,0,14,6,0,16,0,0,0,0,0,0,4,18,4,0,0,0,0,2,0,8,0,2,0,6,0,0,0,0,2,2,4,18,22,4,8,0,0
12,0,10,4,2,0,0,2,0,0,4,0,10,0,0,12,0,2,2,24,0,0,0,4,0,0,0,0,0,6,0,4,0,0,2,24,0,2,0,0,4,0,6,0,2,0,0,14,0,0,0,0,6,0,10,0,4,0,6,0,2,2,0,2,4,0,2,0,0,0,0,0,0,0,16,16,0,0,8,0,4,0,2,0,0,0,0,10,0,0,0,0,2,4,4,10,12,0,0,0
8,0,2,2,0,0,2,4,2,0,20,2,10,0,0,4,8,2,0,6,0,0,0,6,0,0,0,0,2,8,0,0,0,0,0,8,2,0,0,0,0,0,2,0,2,0,0,10,0,0,0,0,6,0,16,2,8,0,0,0,0,10,0,0,0,0,0,2,0,0,0,0,0,0,6,12,0,2,14,0,12,0,6,0,2,0,2,6,0,0,6,0,0,0,0,6,12,2,0,0
4,0,0,12,0,2,0,6,0,0,8,0,6,0,0,12,18,0,0,4,0,0,2,0,0,0,0,0,0,16,0,2,2,0,0,12,0,0,2,0,0,0,2,0,0,0,0,10,0,0,0,0,14,0,8,0,10,0,0,0,0,4,0,2,0,0,0,0,0,0,0,0,0,0,0,6,0,0,2,0,8,0,2,2,0,0,0,14,0,0,4,0,2,0,0,4,2,2,0,0
8,0,0,18,0,0,0,2,0,0,20,0,6,0,0,12,6,0,0,4,0,0,0,0,0,0,0,2,0,4,0,0,2,0,0,10,0,0,0,0,0,0,4,0,0,0,0,4,0,0,0,0,14,0,8,0,10,0,0,0,0,8,0,0,2,0,2,0,0,0,2,0,0,0,4,0,0,0,2,0,2,0,0,0,0,0,2,4,0,0,2,0,0,0,2,0,6,0,0,0
4,0,0,18,0,2,0,4,0,0,18,0,4,0,0,8,18,0,0,4,0,0,0,0,0,0,0,0,0,8,0,0,0,0,0,10,0,0,0,0,0,0,2,0,0,0,0,2,0,0,0,0,10,0,4,0,8,0,0,0,0,6,0,0,0,0,0,0,0,0,0,0,0,0,2,0,0,0,0,0,4,0,0,0,0,0,0,8,0,0,2,0,0,0,0,4,8,0,0,0
2,0,2,18,0,0,0,6,0,0,6,0,4,0,0,16,10,0,0,2,0,0,0,0,2,0,0,0,0,12,0,0,0,0,0,8,2,0,0,0,0,0,0,0,0,0,0,4,0,0,2,0,4,0,12,0,4,0,0,2,0,2,0,0,0,0,0,0,0,2,0,2,0,0,0,2,0,0,2,2,2,0,0,0,0,0,0,12,0,0,10,2,0,0,0,0,12,0,0,0
4,0,2,20,0,0,0,12,2,0,8,0,8,0,0,8,12,0,0,2,0,0,0,0,2,0,0,0,0,6,0,0,0,0,0,2,2,2,0,2,0,0,0,0,0,0,0,10,0,2,0,0,10,0,6,2,8,0,0,0,0,0,0,0,0,0,2,0,0,0,0,0,0,0,2,0,0,0,2,0,4,0,0,0,0,0,0,14,2,0,6,0,2,0,2,0,8,2,0,0
6,0,2,16,0,0,2,2,0,2,10,0,6,0,0,2,12,0,0,2,0,2,0,0,0,0,0,0,0,6,0,0,0,0,0,10,0,2,0,2,0,0,0,0,0,0,0,2,0,0,2,0,6,0,10,2,10,0,0,0,0,2,0,0,0,0,2,0,0,0,0,2,0,2,0,0,0,0,0,0,6,0,0,0,0,0,2,10,0,0,16,0,0,0,0,2,10,0,0,0
2,0,4,26,0,0,0,6,0,0,22,0,10,0,0,10,6,0,0,4,0,0,0,0,0,0,0,0,0,12,0,2,0,0,0,4,0,0,0,0,0,0,0,2,0,0,0,6,2,2,0,0,22,0,12,0,6,0,0,0,0,14,0,0,0,0,0,0,0,0,0,0,0,0,0,2,0,2,2,0,6,0,0,2,2,0,0,12,0,0,8,0,0,0,2,2,6,2,0,0
14,0,12,0,0,0,2,4,0,0,4,4,8,0,0,12,8,2,2,18,0,0,0,0,0,0,0,0,0,2,0,0,0,0,0,12,0,0,0,0,0,0,6,2,0,0,0,18,2,2,0,0,16,0,16,2,10,0,0,0,0,4,0,0,0,0,2,0,0,0,0,0,0,2,6,2,0,0,12,0,20,0,4,0,0,0,0,6,0,0,6,0,0,0,6,2,18,2,0,0
8,0,8,2,0,6,2,2,0,0,2,0,12,0,0,4,2,0,0,12,0,0,0,2,0,0,4,0,0,2,0,0,0,0,0,4,0,4,0,0,10,0,14,2,4,4,0,14,0,0,0,0,10,0,8,0,0,2,0,0,0,4,0,2,4,0,0,2,0,0,0,0,2,0,20,4,0,0,4,0,2,0,0,0,2,0,2,0,0,0,6,0,6,2,12,6,12,0,0,2
0,0,10,0,4,4,8,4,0,0,0,0,2,0,0,4,0,10,14,18,6,0,0,14,0,0,10,0,0,0,0,0,0,0,0,0,2,0,0,0,18,0,8,2,8,10,0,2,4,6,0,0,10,0,14,2,0,2,2,0,6,2,0,8,8,0,12,0,0,0,0,0,0,4,6,2,0,0,8,0,0,0,4,0,0,0,18,4,4,4,0,0,6,10,26,24,2,8,0,0
0,0,6,0,8,2,4,0,0,0,2,0,0,0,0,2,2,14,8,12,4,0,0,10,0,2,12,0,0,0,0,2,0,6,10,0,16,4,0,8,14,0,4,2,6,18,0,2,6,8,0,2,0,0,2,2,2,0,6,0,6,0,0,6,10,0,12,0,0,0,6,0,0,8,2,0,8,2,0,8,0,0,2,0,6,0,12,0,2,10,0,0,6,4,2,12,4,10,0,0
0,0,4,0,8,0,6,0,0,0,0,0,0,0,0,0,0,14,6,10,18,0,2,16,0,4,16,0,0,0,0,0,0,0,4,0,10,8,0,4,10,0,2,0,8,12,0,0,8,8,0,6,0,0,8,0,0,0,0,0,10,0,0,6,16,0,14,0,0,2,6,0,0,10,2,0,8,0,0,8,0,0,6,0,10,0,18,0,2,8,0,0,14,10,6,8,0,14,0,0
0,0,6,0,2,8,10,2,4,0,0,0,0,0,2,0,0,4,8,12,2,2,0,6,0,4,10,0,0,0,0,0,0,0,2,0,4,4,2,10,24,0,4,10,2,10,0,0,12,0,0,4,0,0,2,2,0,0,6,0,6,0,0,10,10,2,16,2,0,0,8,0,0,8,2,0,8,0,0,6,0,0,6,0,10,0,22,2,2,12,0,0,6,16,0,16,0,4,0,2
0,2,16,0,12,2,16,0,0,0,0,0,0,0,2,0,0,6,6,2,10,0,0,6,0,0,12,0,0,0,0,2,0,4,2,0,14,14,0,4,10,2,4,2,10,14,0,0,14,12,0,6,0,2,0,2,0,0,6,0,4,0,0,8,4,0,12,2,0,0,18,0,0,10,0,0,10,4,2,10,0,0,2,0,6,0,18,0,0,10,0,2,2,12,2,26,0,4,0,0
0,0,2,0,14,8,4,0,0,0,0,0,0,0,0,0,0,10,8,2,8,0,2,12,4,0,12,2,0,0,0,0,0,2,4,0,10,6,0,2,6,2,4,0,8,18,0,0,12,16,0,8,0,2,4,0,0,0,2,0,4,2,0,6,8,0,8,0,0,2,18,0,2,6,4,0,6,2,0,0,0,0,6,0,10,0,4,0,0,14,0,0,4,10,6,14,0,10,0,2
0,0,14,0,4,4,8,0,0,0,0,2,2,0,0,2,2,10,6,18,6,0,0,10,0,0,8,0,0,0,0,0,0,4,2,0,4,14,0,6,10,2,8,0,10,6,0,2,16,6,0,6,2,0,4,2,0,0,4,0,4,2,0,12,12,0,4,0,0,0,8,0,0,14,6,0,4,0,2,2,0,0,8,0,6,0,14,2,2,6,2,0,8,14,10,14,0,0,0,0
0,0,6,0,2,4,4,4,0,0,0,2,0,0,0,2,0,0,14,18,2,0,0,4,0,0,6,0,0,0,0,2,0,4,6,4,6,10,0,4,6,0,12,0,0,6,0,0,10,2,0,2,6,0,10,4,2,0,2,0,8,0,0,12,8,0,6,0,0,0,2,0,0,10,18,4,0,0,8,0,0,0,12,2,0,0,8,0,0,4,2,0,6,8,0,18,2,8,0,2
6,0,16,0,2,2,10,8,0,0,2,0,2,0,0,8,2,6,6,30,0,2,0,2,0,0,6,2,0,0,0,0,2,0,0,4,2,10,0,0,0,0,16,0,4,6,0,12,6,4,0,0,6,0,10,0,6,0,4,0,2,0,0,4,10,0,6,0,0,0,0,2,0,10,14,4,0,0,14,2,0,0,12,0,0,0,10,0,0,2,0,0,0,4,12,20,6,12,0,0
2,0,4,2,0,4,4,4,0,0,0,0,2,0,0,14,0,2,2,20,0,0,0,2,0,0,4,0,0,4,0,0,0,0,0,8,2,10,0,0,4,0,14,2,2,0,0,8,0,0,0,0,2,0,20,2,2,0,2,0,2,8,0,8,2,0,2,0,0,0,0,0,0,0,20,8,0,0,18,0,2,0,8,0,0,0,6,6,0,0,2,0,0,0,8,18,14,4,0,0
10,0,6,6,0,0,2,12,0,0,0,0,16,0,0,4,6,0,0,20,0,0,0,4,0,0,0,0,0,6,0,0,0,2,4,10,0,6,0,0,0,0,8,0,0,0,0,14,0,0,0,0,20,0,18,0,6,0,0,0,0,14,0,6,4,0,6,2,0,0,0,0,0,2,16,6,0,0,12,0,6,0,0,0,0,0,0,4,0,0,2,2,0,0,12,6,18,0,0,0
12,2,2,4,0,0,2,12,0,2,6,0,16,0,0,14,10,2,0,6,0,2,0,0,0,0,0,0,0,6,0,0,0,0,0,14,0,0,0,0,2,0,0,0,0,0,0,10,4,0,0,0,20,0,16,0,12,0,0,0,0,12,0,2,0,0,2,0,0,0,0,0,0,0,8,10,0,0,6,0,2,0,2,0,2,0,2,2,0,0,6,0,0,0,0,8,20,0,0,0
12,0,2,16,0,2,0,6,0,0,10,0,10,0,0,18,6,0,0,0,0,0,0,0,0,0,2,0,0,8,0,0,0,0,0,6,0,0,0,0,2,0,0,0,0,0,0,16,0,0,0,0,16,0,8,0,10,0,0,0,0,16,0,0,4,2,4,2,0,0,0,0,0,0,4,4,0,0,4,0,8,0,0,0,0,2,0,14,0,0,6,0,0,0,0,2,4,0,0,0
4,0,6,16,0,2,0,6,0,0,14,0,10,0,2,2,20,0,0,6,0,0,2,0,2,2,4,0,2,6,0,0,0,0,0,6,2,0,0,0,0,0,0,0,0,0,0,2,0,0,0,0,12,0,16,0,10,0,0,0,0,6,0,0,0,0,0,0,0,0,0,0,0,0,0,2,0,0,0,0,2,0,0,0,0,0,0,10,0,0,6,0,0,2,0,0,4,0,0,0
4,0,2,18,0,0,0,2,0,0,12,0,14,0,0,12,12,0,0,0,0,0,0,0,0,0,0,0,0,6,0,0,0,0,0,4,0,2,0,0,0,0,2,0,0,0,0,2,0,0,0,0,8,0,8,2,6,0,0,0,0,6,0,0,0,0,0,0,2,2,0,2,0,0,0,0,0,0,0,0,4,0,0,0,0,0,0,12,0,2,4,0,0,0,0,0,6,0,0,0
6,0,2,14,4,2,0,2,2,0,6,0,6,0,0,6,18,2,0,2,0,2,2,0,0,0,0,0,0,6,0,0,0,0,2,6,0,0,0,0,0,0,0,0,0,0,0,6,2,0,0,0,16,0,10,0,10,0,0,0,2,2,0,0,0,0,0,0,0,0,0,0,0,0,4,0,0,0,0,0,0,0,2,0,0,0,0,4,0,2,12,0,0,0,0,2,2,0,0,0
8,0,0,12,2,0,0,4,2,0,12,0,10,0,0,2,4,0,2,2,0,0,0,0,0,0,0,0,0,10,0,0,0,0,0,2,0,0,0,2,0,0,0,0,0,2,0,8,0,0,0,0,14,0,18,0,10,0,0,0,0,6,0,0,2,0,0,0,0,0,0,0,0,2,2,4,0,0,2,0,10,0,2,0,0,0,0,12,0,0,18,0,2,0,0,0,6,0,0,0
14,0,2,12,2,0,0,2,0,0,10,0,8,2,0,10,2,2,0,2,0,0,0,0,0,0,0,0,0,18,0,0,0,0,0,0,0,0,0,0,2,0,2,0,0,0,0,10,0,0,0,0,8,0,0,0,2,0,0,0,0,6,0,0,0,0,0,0,0,2,0,0,0,0,0,2,0,0,0,0,4,0,0,0,0,0,0,2,0,2,14,0,0,0,0,0,4,0,0,0
6,0,4,10,2,2,0,2,2,0,4,0,8,0,0,12,6,0,0,2,0,0,2,0,0,0,4,2,0,6,0,0,0,0,0,8,0,0,0,0,0,0,0,0,2,2,0,2,0,0,0,0,12,2,10,0,12,0,0,0,0,14,0,0,0,0,0,0,0,0,0,0,0,0,0,2,0,0,2,0,10,0,0,0,2,0,0,6,0,0,8,0,0,0,0,4,8,0,0,2
12,2,2,20,0,0,0,12,0,0,6,0,12,0,0,12,8,0,4,6,0,0,0,0,0,0,2,0,0,6,0,2,0,0,0,6,0,0,0,0,0,0,2,0,0,0,0,12,0,0,0,0,10,4,8,0,8,0,0,0,0,6,0,0,0,0,2,0,0,0,0,2,0,0,4,10,0,0,10,0,6,0,0,0,0,0,2,6,2,0,6,0,0,0,0,0,8,0,0,0
18,0,4,14,0,0,0,4,0,0,6,0,8,0,0,12,6,4,0,8,0,0,0,0,0,0,0,0,0,2,0,0,0,2,0,16,0,2,0,0,2,0,4,0,0,0,0,14,0,0,0,2,10,0,18,2,18,0,0,0,0,2,0,2,0,0,0,0,0,0,0,0,0,0,8,4,0,0,0,0,6,0,0,0,0,0,0,8,0,0,8,0,2,0,0,6,20,0,0,0
12,0,4,8,4,2,2,6,0,2,2,0,16,0,0,6,2,0,2,10,0,0,2,0,0,0,2,0,0,2,0,0,0,0,0,8,0,0,0,0,0,0,10,0,6,0,0,18,2,0,0,0,10,0,12,0,6,2,0,0,2,8,0,4,0,0,8,0,0,0,0,0,0,2,10,4,0,0,16,0,10,0,0,0,0,0,2,8,0,0,10,0,0,0,2,10,28,0,2,0
6,0,2,2,4,2,6,8,0,2,2,0,4,0,0,4,4,0,6,10,0,0,0,0,0,0,0,0,0,4,0,0,0,0,0,0,2,0,0,2,4,0,12,4,6,0,0,22,2,0,0,0,14,2,10,0,2,0,0,0,4,0,0,2,4,2,12,0,6,0,0,0,0,4,12,10,0,0,4,2,2,0,2,2,0,0,4,8,2,0,8,0,2,0,16,10,12,2,0,4
6,0,16,0,0,6,8,18,0,0,0,0,4,0,0,8,4,0,4,24,0,0,0,6,0,0,8,0,0,2,0,0,0,0,0,2,0,2,0,0,4,0,16,4,6,2,0,8,4,2,0,0,6,0,16,2,2,0,0,0,2,0,2,8,4,0,6,0,0,0,0,0,0,8,14,8,0,0,14,0,0,0,6,2,0,0,12,2,0,2,0,2,0,6,18,24,14,2,0,0
2,0,10,0,2,8,4,4,0,0,2,0,2,0,0,0,2,4,4,22,0,0,2,6,0,0,6,0,0,0,0,0,0,0,8,0,2,10,0,0,12,0,6,0,18,6,0,4,12,2,2,2,2,0,8,0,0,2,0,0,6,2,0,6,16,0,6,0,0,0,0,0,2,10,12,0,2,0,6,0,0,0,12,0,2,0,14,2,0,8,0,0,0,4,12,14,6,8,0,0
0,0,12,0,6,6,8,0,0,0,0,0,0,0,0,2,0,10,8,10,8,0,0,12,2,0,12,0,0,0,0,0,0,2,2,0,2,8,0,4,8,2,4,6,8,12,0,2,10,4,0,2,4,2,4,4,0,0,4,0,12,0,0,14,14,0,10,0,0,0,2,0,0,8,6,2,2,0,0,2,0,0,18,0,4,0,10,0,0,8,0,0,4,10,10,18,0,6,0,0
0,0,10,0,8,2,10,2,0,0,0,0,0,0,0,2,0,8,14,18,16,2,2,6,0,0,24,0,0,0,0,0,0,2,10,0,6,10,0,0,14,0,6,10,8,12,2,0,14,10,0,6,2,2,2,4,0,0,2,2,4,0,0,12,8,0,16,0,0,0,12,2,2,0,6,0,8,0,2,6,0,0,4,2,2,0,28,0,4,4,0,2,4,8,4,6,0,12,0,2
0,0,10,0,2,12,8,0,0,0,0,0,2,0,0,0,0,18,8,12,12,0,0,8,0,2,4,0,0,0,0,0,0,6,4,0,10,4,0,8,8,0,2,8,4,12,0,2,10,6,0,2,2,4,2,4,0,2,0,0,6,0,0,6,14,0,16,0,0,0,14,0,0,6,0,0,4,0,0,2,0,0,10,0,2,0,12,2,0,10,0,0,12,2,2,6,2,12,0,0
0,0,4,0,10,6,8,4,2,0,0,2,0,2,0,2,0,12,8,6,8,2,0,8,2,2,10,0,0,0,0,0,0,2,2,0,10,12,0,2,8,2,4,10,14,14,2,0,10,6,0,8,0,4,2,2,2,0,2,0,8,0,0,12,12,0,10,0,0,0,6,0,0,2,6,0,10,0,0,6,0,0,6,0,2,0,16,0,2,14,0,4,8,4,0,10,0,10,0,0
0,0,4,0,8,8,20,0,0,0,0,0,2,2,0,0,0,8,2,8,8,2,0,8,0,0,10,0,2,0,0,0,0,4,4,0,12,4,0,8,12,4,4,4,6,6,0,0,4,4,2,4,2,4,4,0,0,0,4,0,8,0,0,6,10,0,12,0,0,0,4,0,0,12,6,0,12,0,0,12,0,0,2,0,6,0,26,0,0,14,0,0,10,18,0,8,0,4,0,2
0,0,2,0,8,6,14,0,0,0,0,0,0,0,0,2,0,10,6,8,8,0,0,6,0,0,18,0,0,0,0,4,0,6,6,0,14,8,0,0,10,0,2,4,6,4,2,0,8,10,0,8,0,8,0,2,0,0,2,0,14,0,0,4,6,0,6,0,0,0,8,0,2,8,4,0,20,0,0,14,0,0,6,0,12,0,10,0,0,16,0,2,6,10,0,10,0,4,0,0
0,0,2,0,10,10,4,0,0,0,0,0,0,2,0,0,0,6,8,4,14,0,0,12,0,0,8,0,0,0,0,2,0,10,4,2,24,4,0,14,16,0,0,0,2,6,0,0,6,10,0,2,0,12,2,0,0,0,4,0,6,0,0,0,16,0,10,2,2,0,10,2,0,8,0,0,14,6,0,2,2,0,0,4,14,0,12,0,0,18,0,8,20,20,0,6,0,10,2,2
0,0,0,0,6,6,6,0,0,0,0,2,0,8,0,0,0,8,0,2,2,0,0,0,0,0,10,0,0,2,0,6,0,12,0,0,6,0,2,4,6,0,2,2,6,0,0,0,6,8,10,8,0,0,0,2,0,0,2,0,6,0,0,4,10,0,12,2,0,0,12,0,0,2,0,0,8,8,0,10,0,2,0,0,18,0,18,0,0,6,0,4,14,4,0,12,0,6,0,4
0,0,2,0,2,0,0,0,2,2,2,0,0,0,0,0,2,0,4,2,4,2,0,2,0,0,0,0,0,0,0,2,0,8,0,2,12,0,0,0,0,0,0,4,0,0,0,0,2,2,12,10,2,20,0,0,0,0,4,2,0,0,0,0,2,2,2,0,0,0,4,2,0,2,0,0,4,4,0,4,0,12,0,2,8,0,8,0,0,4,0,4,16,2,0,4,0,8,0,0
0,0,0,0,6,4,4,0,0,0,0,0,0,10,0,0,0,0,2,0,0,0,0,0,0,0,2,0,0,0,0,6,0,16,0,0,4,2,0,2,2,0,0,2,2,0,0,0,4,2,10,12,0,8,0,0,0,2,0,8,0,0,0,0,0,4,0,2,0,0,0,0,0,2,0,0,0,12,0,4,0,8,0,0,10,0,4,0,0,4,0,8,14,4,0,2,0,0,6,2
0,0,0,0,0,2,2,0,0,4,0,2,0,2,0,0,0,0,2,0,0,0,0,0,0,0,0,0,0,0,0,8,0,10,0,0,2,0,0,0,0,0,2,0,0,0,0,0,0,0,6,12,2,4,0,0,0,6,0,8,0,0,0,0,0,4,0,0,0,4,0,0,0,0,0,0,0,12,0,0,0,8,0,0,0,0,4,0,0,4,0,2,8,2,0,0,0,4,8,0
0,0,4,0,0,2,0,0,0,8,0,0,0,0,0,0,0,0,2,0,0,0,0,0,0,0,0,0,0,0,0,4,0,10,0,0,2,0,0,0,0,0,0,0,0,0,0,0,0,0,8,12,0,8,0,0,0,2,0,6,2,0,0,0,0,10,0,0,0,10,0,0,0,0,0,0,0,0,0,0,0,12,0,0,0,0,4,0,0,4,0,2,0,2,0,0,0,2,4,0
0,0,0,0,0,2,0,0,0,8,0,0,0,0,0,0,0,0,0,0,0,2,0,0,0,0,2,0,0,0,0,0,0,8,0,2,2,0,0,0,0,0,0,0,2,0,0,0,0,0,6,14,0,4,0,0,0,2,0,10,0,0,0,0,0,6,0,0,0,8,0,0,0,0,0,0,0,0,0,2,0,4,0,0,0,0,0,0,0,2,0,8,4,0,0,0,0,2,12,0
0,0,2,0,0,0,0,0,0,10,0,2,0,0,0,0,2,0,0,0,0,0,0,2,0,0,2,0,0,0,0,6,0,2,0,0,0,0,0,0,0,0,0,0,4,0,0,0,0,0,6,12,0,0,0,0,0,10,0,4,0,0,0,0,0,14,0,0,0,10,0,0,0,0,0,0,0,2,0,0,0,4,0,0,4,0,0,0,0,0,0,2,4,0,0,0,0,0,6,0
0,0,0,0,0,2,0,0,0,18,0,0,0,2,0,0,2,0,0,0,0,2,0,0,0,0,0,0,0,0,0,2,0,16,0,0,4,0,0,2,0,0,2,0,0,0,0,0,0,0,2,4,0,2,0,0,0,2,0,10,0,0,0,0,0,10,0,0,0,10,0,0,0,0,0,0,0,2,0,4,0,8,0,0,0,0,0,0,0,0,0,0,4,0,0,0,0,2,16,0
0,0,0,0,0,0,0,0,2,12,0,2,2,2,0,0,0,0,0,0,0,0,0,0,2,0,0,0,0,0,0,0,0,6,0,0,2,0,0,2,0,0,0,0,0,0,0,0,0,0,0,2,0,4,0,0,0,2,0,8,0,2,0,0,0,10,0,0,0,8,0,0,0,0,0,0,0,2,0,2,0,6,0,0,0,0,0,2,0,0,0,0,0,0,0,0,0,2,4,0
0,0,0,0,2,0,0,0,0,4,0,0,0,2,0,0,0,0,2,0,0,0,0,0,0,0,0,0,0,0,0,0,0,16,0,0,0,0,0,0,0,0,0,2,0,2,0,0,2,0,4,10,2,12,0,0,0,4,0,2,0,0,0,0,0,12,0,0,0,10,0,0,0,0,0,0,0,8,0,2,0,12,0,0,4,0,0,0,0,0,0,6,2,0,0,2,0,2,2,0
0,0,0,0,4,2,0,0,0,10,0,0,0,6,0,0,2,4,0,0,0,2,2,0,0,0,0,0,0,0,0,6,0,8,0,0,6,0,0,0,0,0,0,0,0,0,0,0,4,0,8,10,0,6,0,2,0,6,0,10,6,0,0,0,0,2,2,0,0,6,0,0,0,0,0,0,0,10,0,4,0,10,0,2,2,0,0,0,2,0,0,4,8,0,0,0,0,2,0,0
0,0,2,0,6,0,2,0,0,10,0,0,0,10,2,0,0,0,2,0,0,2,4,2,0,0,2,0,0,0,0,6,0,6,0,0,2,2,0,2,4,0,0,4,2,0,0,0,2,0,10,8,2,6,0,0,0,2,0,4,4,0,0,0,4,2,0,0,0,4,0,0,0,0,0,0,2,14,0,16,2,16,0,0,10,0,4,0,2,4,0,16,8,2,0,0,0,8,2,0
0,0,0,0,8,4,2,0,0,2,0,0,0,8,0,0,0,4,6,0,0,0,0,2,0,0,4,0,0,0,0,10,0,16,2,0,12,2,0,0,4,0,0,4,0,2,0,0,2,0,8,14,0,18,0,0,0,2,0,0,2,0,0,0,4,0,2,0,2,0,8,0,0,2,0,0,8,8,0,12,0,0,0,0,14,0,14,0,0,4,0,14,6,2,2,8,0,2,4,2
0,0,0,0,6,10,2,0,0,0,0,0,0,8,0,0,0,2,2,4,12,0,0,4,0,0,14,0,0,0,0,6,0,10,4,2,16,4,0,2,4,0,2,10,8,2,0,0,6,4,4,10,0,10,0,0,0,0,0,0,8,0,0,0,12,2,6,0,0,0,12,2,0,4,0,0,14,2,0,8,0,4,4,2,18,0,18,0,0,8,0,6,8,10,0,10,0,12,0,0
0,0,6,0,6,8,10,0,0,0,0,0,0,0,0,0,0,10,6,4,6,0,0,22,0,0,20,0,0,2,0,0,0,4,4,0,18,16,0,6,8,0,2,0,2,6,2,0,18,2,2,10,0,8,2,4,0,0,0,0,4,0,0,2,12,0,12,0,0,0,16,0,0,10,0,0,20,2,0,10,2,2,0,0,6,0,20,0,0,10,0,2,8,14,0,12,0,14,0,2
0,2,4,0,10,10,8,0,0,0,0,0,0,2,0,0,0,4,2,6,6,0,0,4,0,0,16,0,0,0,0,2,0,6,8,0,14,14,0,6,12,2,2,12,6,2,0,0,2,8,0,8,0,6,4,0,0,0,2,0,2,0,0,4,8,0,20,2,0,0,10,0,2,8,0,2,12,0,0,2,2,0,6,2,8,0,16,0,0,8,0,2,10,10,2,12,0,12,0,4
0,0,2,0,4,6,6,0,0,2,0,0,0,0,0,2,0,18,8,10,10,0,0,8,2,0,14,0,0,0,0,0,2,4,4,0,16,16,0,6,14,0,12,2,8,8,0,0,4,8,0,0,2,2,4,0,0,0,8,0,12,0,0,4,12,0,4,0,0,0,8,0,2,0,0,0,8,2,0,6,0,2,2,0,2,0,12,0,0,12,0,0,2,10,2,6,0,4,0,2
0,0,2,0,8,8,6,0,0,0,0,0,0,0,0,0,0,6,4,8,4,0,0,12,0,0,20,0,0,0,2,0,0,0,6,0,6,4,2,8,16,0,0,4,8,6,0,0,10,6,0,8,0,2,4,2,0,0,6,0,8,0,0,4,14,0,10,0,0,0,8,0,0,10,0,0,6,2,0,10,0,0,8,2,2,0,14,0,2,10,0,0,12,10,2,16,0,10,0,0
0,0,6,2,2,12,2,4,0,0,2,0,0,2,2,0,2,10,6,12,12,0,0,0,0,2,8,0,0,0,0,0,0,0,4,0,4,12,0,2,12,2,12,6,6,10,0,2,4,6,0,4,0,2,4,8,0,0,4,0,0,0,0,8,8,0,14,0,0,0,14,0,0,4,6,0,0,0,0,2,0,2,4,0,10,0,10,0,0,12,0,0,12,8,12,14,0,14,0,2
0,0,6,0,4,0,10,4,0,0,2,0,0,0,0,2,0,4,6,18,2,0,0,14,0,0,6,0,2,0,0,0,0,4,6,4,2,4,0,4,4,0,10,4,12,2,0,4,12,0,0,2,12,0,8,4,0,0,0,0,2,0,0,18,18,0,10,0,0,0,2,0,0,10,14,4,6,0,12,6,0,0,12,0,0,0,10,0,0,6,0,2,6,4,18,24,6,4,0,0
6,0,2,2,0,4,6,10,0,0,2,0,10,0,0,12,0,0,4,18,0,0,0,6,2,0,4,0,0,0,0,0,0,0,4,14,6,6,0,2,2,0,8,2,4,0,0,10,0,0,0,0,12,0,12,0,2,0,0,0,2,4,0,12,6,0,8,0,4,0,0,0,0,4,4,8,0,2,20,0,2,0,16,0,0,0,8,2,0,0,8,2,0,0,26,10,10,2,0,0
10,0,2,2,0,0,4,4,0,0,0,0,12,0,0,18,2,2,0,14,0,0,2,2,0,0,0,2,0,4,0,0,0,2,0,10,0,4,0,0,0,0,6,0,4,0,0,14,2,2,0,0,8,0,4,0,2,0,0,0,2,12,0,0,0,0,8,0,0,0,0,0,0,6,8,16,0,0,6,0,4,0,2,0,0,0,2,6,0,0,10,0,0,0,10,2,6,2,0,0
16,0,10,6,0,4,0,4,0,0,10,0,12,0,2,14,4,2,2,12,0,0,0,0,0,0,0,0,0,6,0,0,0,0,2,8,0,0,0,0,0,0,4,0,2,0,0,6,0,2,0,0,20,0,16,0,8,0,0,0,0,22,0,0,4,0,0,0,0,0,0,0,0,2,20,10,0,0,14,2,6,0,2,0,0,0,4,2,0,0,4,0,0,0,4,2,10,0,0,0
22,0,4,4,4,2,4,4,0,0,4,0,12,0,0,14,2,0,2,8,0,4,0,2,0,0,4,0,0,2,0,0,0,0,0,4,0,2,0,2,0,0,0,0,0,0,0,20,2,0,2,0,10,0,24,0,2,0,0,0,0,4,0,0,0,2,8,0,0,0,0,0,0,2,6,8,2,0,8,0,18,0,0,0,0,0,4,4,0,0,16,0,0,0,6,0,22,2,0,0
4,0,6,0,2,2,2,6,0,0,0,0,10,0,0,10,4,0,2,8,0,0,0,0,0,2,0,0,2,0,0,0,0,0,2,8,2,4,0,0,2,0,4,2,0,0,0,0,2,4,0,0,16,0,12,0,6,0,0,0,0,6,0,12,6,0,6,0,0,0,2,0,0,4,16,6,0,0,18,0,0,0,6,0,0,0,2,2,2,0,4,0,0,0,24,12,16,4,0,0
0,0,10,0,0,8,6,2,0,2,0,0,2,0,2,0,0,6,6,12,0,0,0,6,0,0,4,0,2,0,0,0,0,0,2,2,6,4,0,6,12,2,10,4,8,6,0,6,6,8,0,4,4,0,6,0,0,2,4,2,6,0,0,8,4,0,8,0,0,0,0,0,0,4,8,2,0,0,6,0,0,0,6,0,2,0,4,0,0,2,2,0,4,4,12,16,2,0,2,0
0,2,10,0,2,0,6,6,0,0,0,2,0,0,4,2,0,4,2,16,10,2,0,12,0,2,18,0,2,2,0,0,0,2,0,0,14,10,0,6,6,0,14,4,2,8,0,0,6,4,0,2,4,2,2,2,2,2,2,0,4,0,0,10,12,0,10,0,0,2,2,0,0,6,4,0,6,0,2,2,0,0,12,0,2,0,6,2,0,14,0,0,6,14,8,16,0,10,0,0
4,0,2,0,16,6,2,4,2,0,0,0,0,0,0,0,0,6,12,8,8,0,0,4,0,0,16,0,0,0,0,0,0,6,4,0,12,2,0,6,14,0,0,2,8,12,0,0,10,4,2,4,0,4,6,2,2,0,8,0,6,0,0,10,8,0,6,0,0,0,8,0,2,6,2,0,12,4,2,6,0,0,6,0,4,2,8,2,0,6,0,0,6,24,8,12,2,10,0,0
0,0,4,0,10,12,8,0,0,2,0,2,0,2,0,0,0,16,6,14,6,0,0,8,2,0,16,0,0,0,0,0,0,2,4,0,8,12,0,0,8,0,0,4,2,6,0,0,16,6,0,6,2,4,2,4,0,0,0,0,4,0,2,0,12,0,12,0,0,0,10,0,0,12,0,0,18,2,0,6,0,0,10,0,12,0,20,0,0,4,0,0,24,12,4,20,0,6,0,0
0,0,10,0,6,2,8,0,0,2,2,0,0,0,2,0,0,18,4,16,10,0,2,8,0,0,10,0,0,0,2,2,0,4,0,0,18,12,0,4,6,2,4,2,8,12,2,0,12,0,2,6,2,4,6,4,0,0,0,0,10,0,2,16,4,0,8,0,0,0,18,0,2,12,4,0,10,2,2,4,0,0,6,0,6,0,20,0,4,12,0,2,12,2,0,12,2,10,0,0
0,2,4,0,8,4,8,0,2,0,0,0,0,0,2,4,0,14,0,12,10,0,0,4,0,0,10,0,2,0,0,0,0,6,0,4,8,16,0,10,6,0,2,2,4,8,0,0,10,4,0,10,0,0,4,4,0,2,6,0,8,2,0,4,24,0,8,0,2,0,14,0,0,12,6,2,4,2,0,2,0,0,0,0,12,2,16,0,2,14,0,4,18,18,0,16,2,8,2,0
0,0,6,0,12,12,14,0,0,0,0,0,0,0,2,0,0,2,4,2,12,2,0,4,0,0,10,0,6,0,0,0,0,2,2,4,10,16,0,38,16,0,4,0,6,0,6,0,2,8,0,6,2,4,2,0,0,0,8,0,8,0,0,4,34,0,14,0,0,2,10,0,2,6,4,0,2,0,0,2,0,2,0,0,8,0,4,0,6,6,0,0,14,8,2,28,0,6,0,0
0,0,0,0,16,2,6,4,0,0,0,0,0,0,4,0,0,2,0,0,0,2,2,0,0,0,10,0,12,0,0,0,0,0,0,0,4,14,0,30,0,0,0,0,0,0,6,0,2,4,0,4,2,2,0,0,0,0,0,0,2,0,0,4,12,0,8,0,0,2,4,0,2,4,0,2,0,0,0,2,0,0,4,4,0,0,4,0,4,2,2,0,8,4,0,16,0,0,0,0
0,4,4,0,2,2,10,0,6,0,2,6,0,0,16,0,0,0,2,0,0,14,0,2,0,0,6,0,10,2,0,2,0,0,0,0,0,10,0,20,2,0,4,0,0,0,10,0,0,4,0,2,0,0,4,0,0,0,6,0,0,0,0,2,12,0,6,6,0,0,0,0,0,0,0,0,0,2,0,0,0,0,2,6,0,2,4,0,6,2,0,0,4,6,0,4,2,2,0,0
0,6,0,2,6,0,4,0,4,2,2,8,0,0,22,0,0,0,0,0,0,16,4,0,0,0,6,4,26,0,4,0,0,0,0,0,4,4,0,16,0,0,0,0,0,0,26,0,0,6,0,0,2,2,2,0,0,2,0,2,0,0,6,0,14,0,8,30,0,0,0,6,12,2,2,0,0,0,0,0,0,0,2,8,0,4,0,0,8,0,0,0,2,0,0,2,0,0,0,0
0,4,0,2,2,0,0,0,4,4,0,4,0,0,4,0,0,0,0,2,0,14,12,0,0,0,0,0,26,0,2,2,0,0,0,0,0,4,0,2,2,0,0,0,0,0,6,0,2,8,0,0,0,0,0,2,2,0,0,0,0,0,6,0,8,2,2,26,0,0,0,12,10,0,0,0,0,0,0,0,2,0,0,8,0,10,0,0,10,0,0,0,0,0,0,0,2,0,0,0
0,8,0,0,4,0,0,0,8,0,0,6,0,2,10,0,0,0,0,0,0,24,10,0,0,0,2,0,18,0,10,0,0,4,0,0,0,2,0,4,0,0,0,0,0,0,10,0,4,8,2,0,0,0,0,0,0,0,0,0,0,2,12,0,4,0,0,24,0,0,0,4,20,0,0,0,0,0,0,0,2,0,0,16,0,10,0,0,4,0,0,0,0,0,0,2,0,0,0,0
0,8,4,0,0,0,0,0,22,0,0,12,0,0,4,0,0,0,0,0,0,10,10,2,2,0,0,6,24,0,8,0,0,2,2,0,0,4,0,0,0,0,0,0,0,2,10,0,2,6,0,0,0,0,0,0,0,0,0,0,0,0,24,2,2,0,0,28,0,2,0,8,4,0,0,0,0,0,0,0,0,0,0,6,0,10,2,0,6,0,0,0,0,0,0,2,0,0,0,0
0,6,0,0,0,0,0,0,20,2,0,10,0,0,12,2,0,0,0,0,0,12,12,0,0,0,0,18,18,0,6,0,0,0,0,2,2,0,0,2,0,0,0,0,0,0,6,0,0,4,0,0,0,0,0,0,0,0,0,0,0,0,22,0,6,0,2,20,0,0,2,6,18,0,0,0,0,0,2,0,2,0,0,10,0,14,0,0,6,0,0,0,0,0,0,0,0,2,0,0
0,14,0,0,4,2,0,0,14,0,0,6,0,0,4,0,0,0,0,2,0,6,10,0,0,0,0,4,26,2,14,0,0,0,0,0,0,4,0,6,0,0,0,0,0,0,12,0,0,0,0,2,0,0,0,0,0,0,0,0,0,0,18,0,2,0,0,32,0,0,2,16,8,2,0,0,2,0,0,0,0,0,0,12,0,16,0,2,2,0,0,0,0,2,0,6,0,0,0,0
0,6,0,0,4,6,2,0,20,0,0,14,0,0,10,0,0,0,2,4,0,14,2,0,0,0,4,4,26,0,6,0,0,2,0,0,0,4,0,2,0,0,0,0,0,0,10,2,2,2,0,0,2,0,0,0,0,0,0,0,0,0,4,0,16,0,2,28,0,0,0,8,12,0,0,0,0,0,0,0,0,0,0,2,0,8,2,0,20,0,0,0,2,6,0,2,0,0,0,0
0,2,4,0,8,2,4,0,4,0,0,0,0,0,22,0,0,0,0,0,0,4,2,0,4,0,0,6,18,0,2,0,0,0,0,0,0,6,0,8,0,0,0,0,0,0,14,0,2,8,0,2,0,2,0,0,0,0,0,0,2,0,2,0,22,0,6,10,0,4,0,2,4,2,0,0,0,0,0,2,0,0,2,10,0,6,0,0,4,0,0,0,0,2,0,4,0,0,0,0
0,0,4,0,2,2,8,2,0,0,0,6,0,0,8,0,0,2,4,4,0,4,2,0,2,0,2,0,6,0,2,0,0,0,0,2,2,4,0,36,8,0,0,0,0,0,6,0,2,6,2,0,0,2,4,0,0,0,10,0,2,0,0,2,24,0,12,4,0,4,2,0,2,4,0,0,0,2,0,0,0,0,0,2,0,6,2,0,0,0,0,0,8,8,2,8,0,2,0,0
0,0,0,0,18,2,4,0,0,0,0,6,2,2,2,0,0,8,0,8,4,0,0,4,0,0,14,0,0,0,0,2,0,2,0,2,8,10,0,24,4,0,2,4,2,0,6,0,4,12,0,0,0,6,6,0,0,0,8,0,0,0,0,2,14,2,10,2,2,2,4,0,0,6,2,0,6,0,0,4,2,2,0,0,12,0,2,0,12,2,2,2,0,10,0,22,0,4,0,0
0,2,4,0,6,6,8,0,0,0,0,0,2,0,2,0,2,22,2,8,6,2,0,2,0,2,6,0,2,0,2,2,2,4,2,2,12,2,0,22,16,0,0,2,6,6,0,0,10,16,2,4,2,2,6,2,0,0,6,0,10,0,0,14,18,0,8,2,0,0,12,0,0,2,4,0,8,0,0,4,0,0,8,0,10,2,6,0,4,12,0,4,18,12,6,16,2,2,0,0
0,0,4,0,10,10,2,0,0,0,0,0,0,0,0,0,0,16,4,12,14,0,0,10,0,0,8,0,2,0,0,0,2,0,0,2,12,8,0,2,14,0,6,4,16,8,2,0,10,10,0,2,2,8,2,4,0,0,8,0,10,0,0,6,10,0,4,2,0,0,22,0,0,10,4,0,8,0,0,0,0,2,6,0,6,0,12,0,2,8,0,4,6,8,2,10,0,6,2,2
0,0,10,0,4,6,12,0,0,0,0,0,0,0,2,0,0,6,8,12,10,0,0,8,0,0,14,2,0,0,0,0,0,4,0,0,14,8,0,4,12,0,0,6,10,10,0,0,20,4,2,8,0,10,2,4,0,0,4,0,10,0,0,10,10,0,20,0,0,0,14,2,2,4,0,0,14,4,0,6,2,0,4,0,6,0,16,0,0,4,0,0,4,16,2,10,4,12,0,0
0,0,4,0,10,8,4,2,0,2,0,0,0,0,0,2,0,18,6,12,10,0,0,8,2,4,10,0,0,0,0,0,0,2,4,0,0,12,2,0,22,4,4,4,4,0,0,0,18,8,0,2,0,4,4,0,2,0,2,0,8,0,0,8,16,0,8,0,0,0,6,0,0,6,6,0,16,2,0,2,0,0,6,0,10,0,16,0,2,14,0,0,8,2,4,14,0,8,0,0
2,0,6,0,6,4,8,0,0,0,0,0,0,0,0,0,0,10,6,14,10,0,0,4,2,0,8,0,0,0,0,0,0,0,0,0,16,10,0,6,18,2,4,4,4,18,0,0,8,4,0,6,2,4,0,2,0,0,6,0,12,0,0,12,16,0,10,0,0,0,4,2,0,10,0,0,14,0,0,10,2,0,2,0,6,0,18,0,2,22,0,0,14,4,2,8,0,6,0,2
0,0,12,0,2,8,14,0,0,0,0,2,2,0,0,0,0,4,12,8,10,0,0,4,0,0,2,0,0,0,0,0,0,4,0,0,4,8,0,6,22,0,4,4,12,8,0,0,14,10,0,2,0,8,0,6,0,0,4,2,4,0,0,4,2,0,12,0,0,0,8,0,0,8,2,0,6,2,0,4,0,0,8,0,8,0,14,0,2,10,0,2,0,14,0,16,0,10,0,2
0,0,6,0,6,6,10,0,0,0,0,2,0,0,0,2,2,10,2,12,12,0,2,4,0,0,18,0,0,0,0,0,0,8,2,0,18,2,0,4,10,2,4,6,6,10,0,2,6,8,2,6,0,8,0,2,0,0,4,0,6,0,2,10,14,0,12,0,0,0,12,0,0,16,2,0,12,0,0,4,0,0,6,0,16,0,10,0,2,12,0,0,12,18,4,4,4,6,0,0
0,0,2,0,8,10,4,0,2,0,0,0,2,0,0,0,0,6,8,2,8,0,0,8,0,0,18,0,0,0,0,4,0,2,2,0,10,10,0,6,8,0,2,2,10,8,4,0,6,6,0,6,2,10,2,0,0,0,4,0,2,2,0,0,10,0,4,0,0,0,18,0,0,8,0,0,24,0,0,10,0,2,10,0,14,2,6,2,0,4,0,0,26,16,2,6,0,4,2,0
0,0,2,0,4,12,2,0,0,0,0,0,0,2,0,0,2,0,12,4,12,2,2,6,2,0,8,0,0,0,0,0,0,4,2,0,10,8,0,0,8,2,0,2,4,8,0,0,0,4,12,8,0,16,0,0,0,0,0,0,6,0,0,4,16,0,8,0,0,0,8,0,0,8,0,0,10,4,0,8,0,4,2,0,4,0,10,0,0,12,0,6,14,18,0,0,0,8,0,0
0,0,0,0,2,8,2,0,0,0,0,0,0,2,0,0,0,0,4,2,2,0,0,0,0,0,6,0,0,0,0,10,0,20,4,2,6,8,0,2,8,0,0,0,10,2,0,0,2,4,12,16,0,24,2,2,0,0,0,2,4,2,0,0,2,0,4,0,2,0,4,2,0,0,0,0,6,8,0,4,2,2,2,0,12,0,4,0,0,16,0,12,28,0,0,0,0,10,0,2
2,2,0,0,2,0,2,0,0,4,0,0,0,8,0,0,0,0,2,0,2,0,0,2,0,0,2,0,0,0,0,14,0,16,0,0,2,2,0,0,6,0,0,4,4,2,0,0,8,0,14,8,0,10,0,2,0,0,0,2,0,0,0,0,2,0,2,0,0,2,2,0,0,4,0,0,2,14,0,8,0,10,0,0,8,0,2,0,0,6,0,10,18,0,0,0,0,4,2,0
0,0,0,0,2,0,0,0,0,2,2,0,0,10,0,0,0,0,2,0,0,0,0,0,0,0,0,0,0,0,0,2,0,6,2,0,0,0,0,2,0,0,0,4,2,0,0,0,0,2,10,14,0,4,0,0,0,2,0,16,4,0,0,0,0,4,2,0,0,4,0,0,0,0,0,0,0,14,0,2,0,16,0,0,4,2,2,0,0,0,0,10,2,2,0,0,0,2,8,0
0,0,2,0,2,2,0,0,0,12,0,0,0,2,0,0,0,0,0,0,2,0,0,0,0,0,0,0,0,0,0,2,0,10,0,0,2,0,0,0,4,0,2,0,2,0,0,0,0,0,2,14,0,6,0,0,0,6,0,6,0,0,0,0,4,4,0,0,0,6,0,0,0,0,0,0,0,2,0,4,0,14,0,0,2,0,0,0,0,0,0,2,6,0,0,0,0,4,8,0
0,0,2,0,0,2,0,0,0,18,0,0,0,0,0,2,2,0,0,0,0,0,0,0,0,0,0,0,0,2,0,2,0,10,0,2,0,0,0,0,0,0,0,0,0,0,0,0,0,0,2,8,0,2,2,0,0,14,0,2,0,2,0,0,0,12,0,0,2,16,0,0,0,0,0,0,0,0,0,0,0,6,0,0,0,0,0,2,0,0,0,2,0,0,0,0,0,0,4,0
0,0,2,0,0,0,0,0,0,16,0,0,0,2,0,0,0,0,0,0,0,0,0,0,0,0,0,0,0,0,0,0,0,4,0,0,0,0,0,0,0,0,0,0,0,0,0,0,0,0,2,0,0,0,0,0,0,14,0,6,0,0,0,0,0,12,0,0,0,14,2,0,0,0,0,0,0,0,2,0,0,2,0,0,0,0,0,0,0,0,0,0,0,0,0,2,0,0,20,2
0,0,0,0,0,0,0,0,2,12,0,0,0,0,0,0,0,0,0,0,0,2,0,0,0,0,0,0,0,0,0,0,0,4,2,0,0,0,0,0,0,2,0,0,0,0,0,0,0,0,0,2,2,0,0,0,0,18,0,2,0,0,0,0,0,10,0,0,0,10,0,0,0,0,0,0,0,0,0,0,0,6,0,0,0,0,0,2,0,2,0,0,2,0,0,0,0,0,2,0
0,0,0,0,0,2,0,0,0,14,0,0,0,0,0,0,0,0,0,2,0,0,0,0,2,0,2,0,0,0,0,0,0,18,0,0,0,0,0,0,0,0,0,0,0,0,0,0,0,0,0,6,0,0,0,0,0,14,0,10,0,0,0,0,0,6,0,0,0,10,0,0,0,0,0,0,0,0,0,0,0,6,0,2,2,0,2,0,0,0,0,2,0,0,0,0,0,0,18,2
0,0,4,0,0,0,0,0,0,16,0,0,0,0,0,0,0,0,0,0,0,0,0,0,0,0,2,2,2,0,0,0,0,2,0,0,0,0,0,0,0,0,0,0,0,0,0,0,0,0,2,0,0,0,0,0,0,16,0,10,0,0,0,0,0,14,0,0,0,12,0,0,0,0,0,2,0,0,0,2,0,6,0,0,0,0,2,0,0,0,0,0,2,0,2,2,0,0,12,0
0,0,0,0,0,0,0,0,0,16,0,0,0,0,0,0,0,0,0,0,0,0,0,0,0,0,0,0,0,0,0,0,0,4,0,0,0,0,0,0,0,0,0,0,2,0,0,0,0,0,2,6,0,0,0,2,0,8,0,10,0,0,0,0,0,10,0,0,0,18,0,0,2,0,0,0,0,2,0,0,0,2,0,0,2,0,2,0,0,0,0,0,0,0,0,2,0,0,10,0
0,0,0,0,2,2,0,0,2,8,0,0,0,0,0,0,0,0,0,0,0,2,0,0,0,0,2,0,0,0,0,0,0,8,0,0,2,0,0,2,0,0,2,0,0,2,0,0,0,0,0,10,0,0,0,0,0,16,0,4,0,0,0,2,0,8,0,0,0,16,0,0,0,0,0,0,0,0,0,0,0,6,0,0,0,0,0,0,0,0,0,0,0,0,0,0,0,0,4,0
0,0,0,0,0,0,0,0,0,8,0,0,0,0,0,0,0,0,0,0,0,4,0,0,0,0,0,0,0,0,0,0,0,6,0,0,0,0,0,0,0,0,2,0,0,0,0,0,0,0,2,4,0,0,0,0,0,14,0,10,2,2,0,0,0,10,0,0,0,8,0,0,0,0,0,2,0,0,0,0,0,0,0,0,0,0,0,0,0,0,0,0,4,2,0,0,0,0,2,0
0,0,0,0,2,4,0,0,0,12,0,0,0,4,0,0,0,0,0,0,0,0,0,0,0,0,0,0,0,0,0,0,0,16,0,0,4,0,0,0,0,0,0,0,0,2,0,0,2,0,0,6,2,0,0,0,0,6,0,6,0,4,0,0,0,8,0,0,0,14,0,0,0,2,0,0,2,4,0,0,0,4,0,0,2,0,0,0,0,0,0,2,0,2,0,0,0,0,8,0
0,0,0,0,0,2,0,0,0,14,0,0,0,2,2,0,2,0,0,0,0,0,0,0,0,0,2,0,0,2,0,2,0,10,0,0,4,0,0,2,0,0,0,0,2,0,0,0,0,0,8,6,2,2,0,0,0,0,0,8,0,0,0,0,0,10,0,0,0,6,0,0,0,0,0,0,0,4,0,6,2,12,2,2,0,0,0,0,0,0,0,2,10,0,0,2,0,0,2,0
0,0,0,0,4,0,0,0,0,6,0,0,2,4,0,0,0,0,0,0,0,0,0,0,0,0,0,0,0,0,0,4,0,12,4,0,2,0,0,0,0,0,0,0,2,2,0,0,2,2,4,16,0,0,0,0,0,2,0,2,2,0,0,0,0,6,0,0,0,2,0,0,0,2,2,0,2,14,2,2,0,8,0,2,10,0,2,2,0,2,0,0,4,2,0,0,0,0,6,0
0,2,0,0,8,4,4,0,0,2,0,0,0,2,0,0,0,4,2,0,4,0,0,4,0,2,0,2,0,0,0,10,0,10,2,2,10,0,0,0,0,0,2,2,0,0,2,0,2,2,16,16,0,10,0,0,0,2,0,2,6,0,0,0,2,4,0,0,0,0,0,0,0,6,0,0,0,4,0,8,0,6,0,0,2,0,8,2,0,4,0,6,10,2,0,0,0,6,0,0
0,0,2,0,6,8,2,2,0,0,0,0,0,10,0,0,0,2,2,0,10,0,0,4,0,0,2,0,0,0,0,6,0,10,0,0,0,10,2,6,0,2,2,8,2,0,0,0,8,6,14,8,0,20,2,0,0,2,2,0,6,0,0,0,4,0,12,0,0,0,2,0,0,4,0,0,10,8,0,8,0,8,0,0,6,0,12,0,2,10,0,6,6,2,0,0,0,2,2,0
0,0,2,0,4,4,6,0,0,0,0,0,0,6,0,0,2,6,2,0,16,0,0,10,2,2,6,2,0,0,0,2,0,6,0,2,16,8,0,2,6,4,2,2,14,8,0,0,12,10,6,6,2,8,0,0,0,0,0,2,6,0,0,2,6,0,10,0,0,0,10,0,0,2,0,0,20,4,0,6,0,0,0,0,12,0,12,0,0,10,0,6,8,4,0,4,2,12,2,0
0,0,2,0,4,4,14,0,0,2,0,0,0,2,4,0,0,14,4,4,12,2,0,10,2,0,10,0,0,0,0,2,0,6,6,0,6,6,0,4,4,0,10,2,6,10,0,0,14,8,4,12,0,4,2,2,0,0,2,0,8,0,0,2,6,0,14,0,0,0,6,0,0,8,0,0,14,6,0,2,0,0,2,0,14,0,20,0,0,14,0,10,10,16,0,6,2,10,2,0
0,0,4,0,4,2,2,0,0,2,0,0,2,0,0,0,0,10,6,4,10,0,0,0,2,2,10,0,0,0,0,0,0,4,0,0,10,6,0,4,6,2,4,6,8,16,0,0,8,8,0,4,0,2,4,2,0,0,2,0,12,2,0,2,12,0,10,0,0,0,8,0,0,6,4,2,12,0,0,10,0,0,6,0,12,0,24,0,4,12,0,0,10,18,2,14,2,14,2,2
0,0,2,0,4,0,10,0,0,0,0,0,0,0,2,0,0,12,0,8,8,2,2,12,0,0,4,0,0,0,0,0,0,2,2,0,22,8,2,0,16,0,6,6,2,8,2,0,12,12,4,10,0,6,8,0,2,0,4,0,2,0,0,6,14,0,12,0,0,0,4,0,0,8,2,0,12,0,0,2,0,0,4,0,10,0,16,0,0,10,0,4,4,10,6,4,0,8,0,0
0,0,10,0,6,12,6,0,0,0,2,0,0,0,0,4,0,10,4,12,12,0,0,8,0,0,10,0,2,0,0,0,0,0,2,0,10,8,0,0,8,0,2,4,2,6,0,0,16,6,2,0,0,10,0,4,0,0,4,0,6,0,0,4,12,2,6,0,0,0,10,0,0,8,2,2,6,0,0,8,2,2,2,0,14,0,12,0,2,12,0,2,4,8,4,12,0,10,0,0
0,0,12,0,8,2,6,0,0,2,0,0,0,0,0,2,0,12,8,10,6,0,2,10,0,0,6,0,0,0,0,2,0,0,2,0,14,10,0,4,10,0,4,10,6,6,0,0,8,4,2,4,0,8,0,6,0,2,4,0,4,0,0,12,12,0,10,0,2,2,14,0,2,8,8,0,8,0,0,4,0,0,6,0,6,0,20,0,0,6,0,4,10,16,4,10,2,14,0,2
0,0,4,0,2,8,4,4,0,0,0,0,0,0,0,2,0,8,6,14,12,2,0,12,0,0,6,0,0,0,2,0,0,0,4,2,8,6,2,6,14,2,12,4,10,10,0,0,8,8,0,2,4,2,4,4,0,2,0,0,8,0,0,10,18,0,20,0,2,0,0,0,0,6,10,0,10,0,2,2,0,0,6,0,0,0,12,2,0,14,0,4,8,8,10,12,2,6,0,4
2,2,10,0,0,4,6,4,0,0,0,0,6,0,0,4,0,4,8,30,0,0,0,4,0,0,10,0,0,0,0,0,0,0,2,2,0,6,0,0,12,0,8,2,2,4,2,8,2,2,0,2,8,0,18,0,0,2,2,0,0,2,0,2,12,0,14,0,0,0,0,2,2,6,14,0,0,2,8,0,0,0,10,2,2,0,10,0,0,0,0,0,2,2,20,20,4,2,0,2
4,0,4,2,0,2,4,12,0,0,6,0,14,0,0,20,2,0,2,22,0,0,0,0,0,0,4,0,0,4,0,0,2,0,0,6,2,10,0,0,6,0,10,2,2,0,0,16,0,4,0,2,6,0,14,0,8,0,0,0,4,2,0,2,6,0,4,0,0,0,0,0,0,0,14,10,0,0,2,0,8,0,2,0,0,0,4,4,0,0,6,0,0,0,6,8,10,6,0,0
12,0,2,8,0,0,0,8,0,2,2,0,16,0,0,16,8,0,4,10,0,0,0,2,0,0,0,0,0,6,0,0,0,0,0,4,0,6,0,0,2,0,4,0,6,0,0,12,0,0,0,0,12,0,18,0,2,0,0,0,0,14,0,2,2,0,2,0,0,0,0,0,0,4,0,8,0,0,10,0,18,0,0,0,0,0,0,8,0,0,6,0,0,0,0,4,16,0,0,0
10,0,0,18,2,2,0,2,0,0,8,0,6,0,0,0,8,0,0,0,0,0,0,0,0,0,0,0,0,4,2,2,0,0,0,2,0,0,0,0,2,0,0,0,4,0,0,2,0,0,0,0,24,0,14,2,2,0,0,0,0,0,0,0,0,0,0,0,0,0,0,2,0,0,2,4,0,0,2,0,6,0,2,0,0,0,0,10,0,0,8,0,0,0,0,6,12,0,0,0
6,0,2,14,0,0,0,4,0,0,16,0,2,0,0,12,16,0,0,2,0,0,0,0,0,0,0,0,0,2,0,0,0,0,0,2,0,0,0,0,0,0,0,0,0,0,0,2,0,2,0,0,10,0,10,0,8,0,0,0,0,6,0,0,0,0,0,0,0,0,0,2,0,0,2,0,0,0,0,0,0,0,0,0,0,0,0,10,0,0,6,0,2,0,0,0,2,0,0,0
10,0,0,20,0,0,0,12,0,0,12,0,4,0,0,2,20,0,0,4,0,0,0,0,0,0,0,0,0,12,0,0,0,0,0,2,0,2,0,0,0,0,2,0,0,0,0,6,0,0,0,0,8,0,8,0,0,0,0,0,0,0,0,0,0,0,0,0,0,0,0,0,0,0,2,0,0,0,0,0,0,0,0,2,0,0,0,4,0,0,10,0,0,0,0,0,6,2,0,0
10,0,2,18,0,0,0,0,0,0,8,0,10,0,0,8,8,2,0,0,0,2,0,0,0,0,0,0,0,14,0,0,0,0,0,4,0,0,0,0,0,0,0,0,0,0,0,4,0,0,2,0,8,0,8,0,4,0,0,0,0,4,0,0,0,0,0,0,0,0,0,0,0,0,0,4,0,0,2,0,4,0,0,0,0,0,0,6,0,0,8,0,0,0,0,2,4,0,0,0
4,2,0,12,0,0,0,2,0,0,10,2,6,0,0,2,12,0,0,2,0,0,0,0,0,0,0,0,2,12,0,0,0,0,0,0,0,0,0,0,0,0,0,0,0,0,0,0,0,0,0,0,12,2,10,0,6,0,0,0,0,2,0,0,0,0,0,0,0,0,0,0,0,0,0,0,0,0,0,0,4,0,0,0,2,0,0,12,0,0,18,0,0,2,0,0,4,0,0,0
4,0,4,22,0,0,4,0,0,0,6,0,0,0,0,6,8,0,0,2,0,4,0,0,0,0,0,0,0,6,0,0,0,0,0,6,0,0,0,0,0,0,0,0,0,0,0,0,0,0,0,2,14,0,6,2,6,0,0,0,0,4,0,0,0,0,0,0,0,0,0,0,0,2,4,0,0,0,0,0,6,0,0,0,0,0,0,8,0,0,16,0,2,0,0,0,8,0,0,2
14,0,6,12,0,0,0,6,0,0,10,0,12,0,0,12,8,0,0,2,0,0,2,0,0,0,0,0,0,12,2,0,0,0,0,6,2,0,0,0,0,0,0,0,0,0,0,10,0,0,0,0,14,0,10,0,8,0,0,0,0,6,0,0,2,0,0,0,0,0,2,0,0,0,0,8,0,0,10,0,4,0,0,0,0,0,0,14,0,0,8,0,0,0,0,2,4,0,0,0
16,0,2,2,0,0,0,12,0,0,6,2,20,0,0,16,4,0,2,16,0,0,0,0,0,0,2,0,0,8,0,0,0,0,0,8,0,0,0,0,0,0,4,0,2,0,0,12,0,0,0,0,16,0,16,4,12,0,0,0,4,12,0,0,2,0,2,0,0,0,0,2,2,0,4,10,0,0,10,0,6,0,4,0,2,0,2,2,2,0,8,0,0,0,2,6,10,0,0,0
14,0,6,0,2,2,2,14,0,0,6,0,0,0,0,12,2,2,2,20,0,0,2,6,0,0,2,0,0,6,0,0,0,0,0,4,0,6,0,0,6,0,10,0,0,0,0,16,0,0,0,0,10,0,18,0,0,2,2,0,0,6,0,8,4,2,10,0,0,0,0,0,0,10,14,4,0,0,8,2,2,0,6,0,0,0,4,4,0,0,2,0,0,4,6,16,18,2,2,0
2,0,12,2,4,2,0,2,0,0,0,0,2,0,0,4,4,4,2,14,0,0,2,8,0,0,12,0,0,0,0,0,0,0,4,2,2,4,0,2,8,0,8,2,8,6,0,6,10,4,0,0,4,0,8,2,0,0,0,0,0,0,0,14,14,0,16,0,2,0,2,0,0,6,12,2,0,0,8,4,2,0,8,0,0,0,10,6,0,0,2,0,2,2,16,8,2,8,0,0
2,0,12,0,20,4,24,0,0,0,0,0,2,0,2,0,0,28,6,18,0,2,0,8,0,2,16,2,0,2,0,0,0,0,4,0,6,20,0,2,24,0,18,8,10,14,2,0,10,6,0,4,2,4,4,0,0,0,6,0,6,0,0,18,10,2,6,0,0,0,6,0,0,4,6,2,0,0,0,4,2,0,10,2,0,0,10,4,2,10,2,0,2,8,10,16,2,4,0,0
0,0,8,0,6,8,12,2,0,0,0,0,0,0,0,2,0,8,4,12,4,0,0,4,0,0,12,0,0,0,0,2,0,6,0,0,8,14,0,0,16,0,6,6,12,12,2,0,6,2,2,6,0,2,4,4,0,0,2,0,16,0,0,8,16,0,12,0,0,0,4,0,0,8,2,0,2,2,0,6,0,0,10,0,10,0,12,0,2,12,0,0,12,12,2,16,2,0,0,0
0,0,4,0,10,4,8,2,0,0,0,0,0,0,0,0,0,4,6,10,6,2,0,8,0,0,8,0,2,0,0,0,0,4,8,0,8,4,2,4,12,0,12,2,6,6,0,0,12,8,2,0,4,2,0,4,0,2,4,0,14,0,0,0,8,0,4,0,0,0,6,0,2,4,4,0,10,2,0,2,2,0,8,0,8,0,16,0,0,6,0,4,4,10,6,6,2,14,0,2
0,0,6,0,8,4,6,0,0,2,0,4,0,0,2,0,0,12,8,10,10,0,0,10,0,0,6,2,0,0,0,2,0,2,2,0,14,6,2,0,8,2,2,6,10,6,0,0,10,6,0,10,0,6,8,4,0,0,2,0,4,0,0,6,8,0,16,0,0,0,6,0,2,14,2,0,6,0,2,8,0,2,6,0,8,4,18,0,2,12,0,0,16,12,2,18,0,16,2,0
2,0,8,0,12,4,2,0,0,0,0,0,0,0,0,0,0,14,6,8,16,0,0,8,2,0,8,0,2,0,0,2,0,0,2,2,4,6,0,4,12,0,4,8,8,14,0,0,16,2,0,2,0,4,2,4,0,0,0,0,4,2,0,4,4,0,10,0,0,2,6,0,0,4,2,2,14,0,0,2,0,0,8,0,6,0,20,0,2,8,0,0,8,20,6,14,0,4,0,0
0,0,12,0,18,10,6,0,0,0,0,2,0,0,0,0,0,12,12,4,6,0,2,4,0,0,6,0,0,0,0,4,0,2,0,0,4,0,2,4,20,0,4,8,6,8,0,0,10,2,0,4,0,6,4,2,0,0,4,0,6,0,0,4,16,0,14,0,0,0,8,0,0,6,0,2,6,0,0,8,0,0,8,0,12,0,18,0,0,6,0,0,12,10,8,6,0,10,0,0
0,0,2,0,2,2,14,0,2,0,0,0,0,2,0,0,2,12,6,8,8,0,0,6,0,0,12,0,2,0,0,6,0,8,0,0,14,6,0,0,10,0,4,0,4,10,0,0,8,2,4,4,0,10,0,2,0,0,0,0,8,0,0,0,10,0,10,0,0,0,2,0,0,8,0,0,18,0,0,4,0,2,4,0,20,0,26,0,0,4,0,2,16,6,2,6,0,6,0,2
0,0,2,0,6,6,2,0,0,0,0,0,0,0,0,0,0,6,6,0,4,2,0,4,0,0,6,0,0,0,0,4,0,16,4,0,14,10,0,0,2,0,4,4,0,2,0,0,8,6,10,10,0,14,0,4,0,0,0,0,6,0,0,2,0,0,6,0,0,0,6,0,0,2,0,0,8,8,0,2,0,4,0,0,10,0,12,0,0,12,0,12,12,4,0,2,0,6,0,0
0,0,2,0,0,2,4,0,0,8,0,0,0,8,0,0,0,0,0,0,2,0,0,2,0,0,2,0,2,0,0,8,0,12,0,0,6,0,0,0,2,0,0,2,2,0,0,0,6,2,10,10,0,14,0,0,0,2,0,2,6,0,0,0,8,0,0,0,0,4,4,0,0,2,0,0,0,2,0,2,0,8,0,0,2,0,4,0,0,4,0,6,8,0,0,0,0,2,4,0
0,0,0,0,0,0,0,0,2,20,0,0,0,2,0,0,2,0,0,0,0,0,0,0,0,0,0,0,0,0,0,8,0,10,0,0,2,0,0,2,2,0,0,2,0,0,0,0,0,2,4,10,0,6,0,0,0,2,0,4,0,2,0,0,0,12,0,0,0,18,0,0,0,0,0,0,0,0,0,6,0,10,0,0,0,0,2,0,0,0,0,6,6,0,0,0,0,4,6,0
0,0,0,0,0,0,0,0,0,12,0,0,0,0,0,0,0,0,0,0,0,2,0,0,0,0,0,0,0,0,0,2,0,10,0,0,0,0,0,2,2,0,0,2,0,0,0,0,0,0,0,2,0,2,0,0,0,20,0,4,0,0,0,0,0,12,0,0,0,16,0,0,0,0,0,0,0,6,0,0,0,18,0,0,0,0,0,0,0,0,0,2,0,0,0,0,0,0,14,0
0,0,0,0,0,0,0,0,0,30,0,0,0,0,0,0,0,2,0,0,0,0,0,0,0,0,0,0,0,0,0,0,0,16,4,0,0,0,0,0,0,0,0,0,0,0,0,0,0,0,0,2,0,0,0,0,0,14,0,10,0,0,0,0,0,12,2,0,0,8,0,0,2,0,0,0,0,0,0,0,0,4,0,0,2,0,0,0,0,0,0,0,2,0,0,0,0,0,10,0
0,0,2,0,0,0,0,0,0,26,0,0,0,0,0,0,0,0,0,0,0,0,0,0,0,0,0,0,0,0,0,0,0,4,0,0,0,0,0,0,0,0,0,0,0,0,0,0,0,0,0,2,0,2,0,0,0,6,0,4,0,0,0,0,0,6,0,0,0,22,0,0,0,0,0,0,0,2,0,0,0,6,0,0,0,0,2,0,0,0,0,0,0,0,0,0,0,2,8,0
0,0,0,0,0,0,4,0,0,10,0,0,0,0,0,0,0,0,0,0,0,0,0,0,2,0,0,0,0,0,0,0,2,6,0,0,0,0,0,0,0,0,0,0,0,0,0,0,2,0,0,6,0,2,0,0,0,12,0,6,0,0,0,2,0,12,0,0,0,16,0,0,0,0,0,0,0,0,0,0,0,6,0,0,0,0,2,0,0,0,0,0,0,0,0,0,0,2,2,0
0,0,0,0,0,0,0,0,0,4,0,0,0,0,0,0,2,0,2,0,0,0,0,0,0,0,0,0,0,0,0,0,0,10,0,0,0,0,0,0,0,0,0,0,0,0,2,0,2,0,0,4,0,0,0,0,0,18,0,10,0,0,0,0,0,14,0,0,0,18,0,4,0,0,0,0,0,0,0,0,2,6,0,2,0,0,0,0,0,0,0,0,0,0,0,0,0,0,8,0
0,0,0,0,0,0,0,0,0,16,0,0,0,0,0,0,0,0,0,4,0,0,2,0,0,0,0,0,0,0,2,0,0,4,0,0,0,0,2,0,0,0,0,0,0,0,0,0,0,0,2,2,0,0,0,0,0,12,0,4,0,0,0,0,0,6,2,0,0,14,0,0,0,0,0,0,0,2,0,2,0,0,0,0,0,0,0,0,0,0,0,2,2,0,0,0,0,2,10,0
0,0,0,0,0,2,0,0,2,12,0,4,0,0,0,0,2,0,0,0,0,0,0,0,0,0,0,0,0,0,0,0,0,2,0,0,0,0,0,2,0,0,0,0,0,0,0,0,0,0,0,2,0,0,0,0,2,8,0,6,0,0,0,0,0,16,0,0,0,12,2,0,0,0,0,0,0,2,0,0,0,2,0,0,0,0,0,0,0,0,0,0,2,0,0,0,0,0,6,0
0,0,0,0,2,0,0,0,2,16,0,0,0,2,0,0,0,0,0,0,0,0,0,0,0,0,0,0,0,0,0,0,0,14,0,0,4,4,0,0,0,0,0,2,0,0,0,0,0,0,0,8,0,4,0,0,0,4,0,6,0,0,0,0,0,14,0,0,0,16,0,0,0,0,0,0,0,2,0,0,0,6,0,0,0,0,4,0,2,0,0,2,4,0,0,0,0,0,6,0
0,0,0,0,2,4,0,0,0,16,0,0,0,2,0,0,0,2,0,0,0,0,0,2,0,0,0,0,0,0,0,10,0,16,0,0,4,0,0,0,0,2,0,0,0,0,0,0,4,4,16,14,0,6,0,0,0,0,0,8,0,0,0,0,0,4,0,0,0,10,0,0,4,0,2,0,2,4,0,2,2,4,0,0,6,2,4,0,0,4,0,2,2,0,0,0,0,2,6,0
0,0,2,0,6,0,2,0,0,2,0,0,0,6,0,0,0,2,2,0,4,0,0,0,0,2,6,0,0,0,0,14,0,24,4,2,6,2,0,0,2,0,0,0,0,0,0,0,14,2,18,8,0,18,0,2,0,0,0,6,0,0,0,0,4,2,0,0,2,2,6,0,0,0,0,0,10,4,0,0,0,12,0,0,8,0,8,2,0,8,0,4,12,2,0,0,0,2,2,0
0,2,4,0,2,2,2,0,0,4,0,2,0,8,2,0,0,10,6,0,6,0,0,2,0,0,10,0,0,0,0,0,0,2,2,0,10,10,0,2,2,0,0,4,0,2,0,2,4,6,18,10,0,6,0,0,0,0,0,0,10,0,0,2,10,0,2,0,0,0,16,2,0,10,0,0,6,6,0,10,0,4,0,0,8,0,6,0,2,6,0,4,20,6,0,6,0,2,2,0
0,0,2,0,2,8,10,0,0,0,0,0,0,2,0,0,0,14,16,8,12,0,2,10,0,0,22,0,0,0,0,0,0,0,0,0,6,10,0,4,8,2,2,4,2,4,2,0,8,6,2,8,0,8,0,0,0,0,2,0,6,0,0,0,12,2,2,0,0,0,4,0,0,8,2,0,16,6,0,4,0,4,4,0,8,2,10,0,0,14,0,2,18,6,2,4,0,8,0,4
0,0,6,0,10,2,8,2,0,0,0,0,0,0,2,0,0,0,0,6,10,4,0,4,0,0,14,0,0,0,0,2,2,6,0,2,14,10,0,2,6,2,2,4,12,8,2,0,18,6,0,2,0,12,2,0,0,0,2,0,6,0,0,6,16,0,12,0,0,0,16,0,0,10,0,0,8,0,0,2,0,0,0,0,10,0,14,0,0,8,0,4,8,6,2,14,0,8,0,0
2,0,2,2,6,16,8,0,0,0,0,0,2,0,0,2,0,10,6,8,8,0,2,12,0,0,14,0,0,0,0,0,0,4,0,2,10,6,0,8,8,2,4,10,6,8,0,0,8,4,0,4,0,4,6,0,0,0,4,0,8,0,0,8,20,0,14,0,0,0,10,0,0,14,10,0,4,0,0,6,0,0,2,0,6,0,10,2,0,8,0,2,12,6,2,10,0,2,0,0
0,0,0,0,10,6,18,0,0,0,0,0,0,0,0,0,2,12,12,10,8,0,0,2,0,0,10,0,2,0,0,0,0,14,0,0,8,8,0,8,14,2,4,4,6,14,2,0,6,8,0,0,0,8,2,2,0,0,0,0,10,0,0,2,6,0,14,0,0,0,6,0,2,4,4,0,4,0,0,6,0,0,10,0,14,0,12,2,0,14,0,0,16,10,2,14,0,8,0,2
0,0,2,0,4,8,8,2,0,0,0,0,0,0,0,0,0,20,10,2,10,0,0,4,2,0,16,0,0,0,0,0,0,2,0,0,6,4,0,8,6,0,6,4,10,4,0,0,8,2,0,8,0,8,4,2,0,0,0,0,8,0,0,6,4,0,18,0,0,0,12,0,0,6,2,0,10,0,0,10,2,0,10,0,8,0,12,0,0,8,0,0,6,8,4,2,0,18,0,4
0,0,8,0,8,10,4,0,0,2,0,0,0,0,0,0,0,8,4,26,14,0,2,14,0,0,8,2,0,0,0,0,0,2,6,0,14,6,0,12,8,0,8,4,4,12,0,0,12,8,4,4,0,4,2,4,0,0,10,0,8,0,0,6,16,0,14,0,0,0,6,0,0,14,2,2,4,0,4,4,0,0,8,0,6,0,12,0,4,2,2,0,12,4,4,16,0,10,2,0
4,0,8,0,2,4,4,6,0,0,0,0,0,0,0,2,0,4,6,12,4,0,0,6,0,0,6,0,0,0,0,0,4,2,2,2,4,4,0,0,2,0,20,4,12,6,0,2,4,0,0,4,0,0,4,2,0,0,2,0,0,0,0,6,20,0,18,0,0,0,2,0,0,6,4,2,2,0,4,2,0,0,10,0,0,0,8,2,0,4,2,0,4,2,18,10,6,4,0,0
4,0,6,0,0,0,4,10,0,0,2,0,4,0,0,6,0,0,4,22,0,0,0,0,0,0,2,0,0,0,0,2,0,0,0,4,0,2,0,0,0,0,8,4,2,2,2,12,0,6,0,2,4,2,14,0,2,0,0,0,4,4,0,6,6,0,6,0,0,0,0,0,0,4,14,14,0,0,20,0,4,0,10,0,0,2,4,4,0,4,4,0,0,2,12,8,4,0,0,0
10,2,12,12,2,0,0,4,0,0,6,0,6,0,0,6,4,0,0,12,0,0,0,2,0,0,0,0,0,0,0,0,0,0,2,8,2,2,0,0,4,0,4,0,2,0,0,16,2,0,0,0,8,0,16,2,0,0,0,0,0,12,0,0,0,0,0,0,0,0,0,0,0,2,6,12,0,0,20,0,8,0,2,0,0,0,0,2,0,0,4,0,0,0,4,10,14,2,0,0
10,0,6,6,0,0,0,2,0,0,6,2,12,0,0,10,8,0,0,2,0,0,0,0,0,0,0,0,2,8,0,0,0,0,0,8,0,0,0,0,0,2,4,0,6,0,0,10,0,0,0,0,10,2,16,2,10,0,0,0,0,14,0,0,0,0,0,0,0,0,2,0,2,0,0,8,0,0,2,0,14,0,0,0,0,0,2,18,0,2,10,0,0,0,0,6,8,0,0,2
6,0,2,24,0,0,0,6,0,0,20,0,14,0,0,4,14,0,0,2,0,0,0,0,0,0,0,0,0,10,2,0,0,0,0,6,0,0,0,0,0,0,0,0,0,0,0,2,0,2,0,0,6,0,8,0,8,0,0,0,0,2,0,0,0,0,0,0,0,0,0,0,0,0,0,4,0,0,4,0,4,0,0,0,0,0,0,4,0,0,10,0,0,2,0,0,6,0,0,0
12,0,2,20,0,0,0,6,0,0,14,0,8,0,0,6,12,0,0,0,0,0,0,0,0,2,0,0,0,26,0,2,0,0,2,2,0,0,0,0,0,0,0,2,2,0,0,8,0,0,0,0,10,0,10,0,6,0,0,0,0,4,0,0,0,0,0,0,0,0,0,0,0,2,0,4,0,0,0,0,4,0,0,0,0,0,0,18,0,0,4,2,0,0,0,0,8,0,0,0
6,0,0,12,0,0,0,6,0,0,10,0,6,0,0,16,10,2,0,0,0,2,0,2,0,0,0,0,0,4,0,0,0,0,0,4,0,0,0,0,0,0,2,0,0,0,0,6,0,0,0,0,6,0,12,0,6,0,0,0,0,0,0,0,0,0,2,0,0,0,0,0,0,0,2,0,0,2,2,0,8,0,0,0,2,2,0,12,0,0,4,2,0,0,0,2,8,0,0,0
2,0,4,12,0,0,0,6,0,0,8,0,4,0,0,14,10,0,0,0,0,0,2,0,0,0,0,0,0,4,0,0,0,0,0,8,0,0,0,0,0,0,2,0,0,0,0,0,2,0,0,0,6,0,10,0,8,0,0,0,0,2,0,0,0,2,0,0,0,0,0,2,0,0,0,0,0,0,0,0,4,0,0,0,0,0,0,8,0,0,2,0,2,2,0,0,6,0,0,0
12,0,0,4,0,2,0,4,0,0,14,0,6,0,0,2,10,2,2,2,0,0,0,0,0,0,0,0,0,14,0,0,0,0,0,4,0,0,0,0,0,0,0,0,0,0,0,8,0,2,2,0,14,0,8,0,2,0,0,0,0,8,0,0,0,0,0,0,2,0,0,0,0,2,0,6,0,0,0,0,8,0,0,0,2,0,0,8,0,0,10,2,0,0,0,0,6,0,0,0
6,0,2,24,0,0,0,2,0,0,6,0,2,0,0,6,8,0,0,4,0,0,2,0,0,0,0,0,0,10,0,0,0,0,0,10,0,0,0,0,0,0,0,0,0,0,0,4,0,0,0,0,12,0,6,4,4,0,0,0,0,2,0,0,0,0,0,0,0,0,2,0,0,0,0,2,0,2,0,0,2,0,0,0,2,0,0,16,0,0,8,0,0,0,2,0,6,0,0,0
6,0,0,8,0,0,0,0,0,0,14,0,16,0,0,14,16,0,2,6,0,0,0,0,2,0,0,0,0,16,0,0,0,0,0,8,0,0,0,0,0,0,0,0,2,0,0,10,0,0,0,0,10,0,8,0,8,0,0,0,0,12,2,0,0,0,0,0,0,0,0,0,0,0,0,2,0,0,4,0,6,0,0,0,0,0,0,12,0,0,6,0,0,0,0,0,4,0,0,0
18,0,2,16,0,0,0,4,0,2,6,0,6,0,2,4,6,0,0,10,0,0,0,0,0,0,0,0,0,10,0,0,0,0,0,14,0,2,0,0,0,0,0,0,0,0,0,14,4,0,0,0,12,0,22,0,8,0,0,2,0,18,0,0,0,0,0,0,0,0,0,0,0,2,0,6,0,0,6,0,10,0,2,0,0,0,0,8,0,0,4,0,0,0,4,0,8,0,0,0
10,0,10,8,0,0,0,2,0,0,8,0,12,0,0,8,0,0,2,10,0,0,0,0,0,0,0,0,0,6,0,0,0,0,0,2,2,0,0,0,2,0,10,0,2,0,0,16,2,4,0,0,12,0,24,0,6,0,0,2,2,12,0,4,0,0,6,0,0,0,0,2,0,0,8,10,0,0,8,0,6,0,0,0,0,0,0,6,4,0,20,0,2,0,6,2,20,0,2,2
10,0,4,0,0,4,2,8,0,0,6,0,4,2,0,2,2,0,4,20,0,2,0,4,0,0,0,0,0,4,0,0,0,0,2,6,0,2,0,0,4,0,8,0,4,0,0,18,0,0,0,0,8,0,14,0,4,0,0,0,4,2,0,6,8,0,4,0,0,0,0,0,0,6,14,4,0,0,12,0,2,0,4,0,0,0,4,6,2,0,2,0,2,4,4,14,6,2,0,2
2,0,6,0,0,2,4,8,0,0,0,2,0,0,2,4,0,4,8,16,6,2,0,10,0,0,4,0,0,0,2,0,0,2,2,0,2,2,0,6,10,0,4,2,6,2,2,6,8,0,0,2,2,0,12,2,4,4,0,0,6,2,0,8,12,0,10,0,0,0,2,0,2,0,20,2,2,0,6,0,0,0,6,0,2,0,16,0,0,0,2,0,0,4,18,10,10,8,0,2
0,0,6,0,2,4,6,0,0,0,0,2,0,0,0,0,0,10,8,12,6,0,0,8,0,0,6,0,2,0,0,0,0,0,2,0,6,12,0,6,14,0,16,6,8,24,0,4,6,4,0,0,0,2,0,0,0,0,8,0,8,0,0,10,4,0,10,0,0,0,4,0,0,16,4,0,0,0,0,2,0,0,6,0,4,0,12,2,0,10,0,0,6,8,10,14,2,6,0,4
0,0,2,0,6,6,8,2,0,0,0,0,0,0,0,2,2,14,12,8,4,0,0,2,0,0,16,0,0,0,0,0,0,2,6,2,14,8,0,4,12,0,4,6,8,10,0,0,6,2,0,8,0,4,4,0,0,2,8,0,6,0,0,4,16,0,8,0,0,0,6,0,0,12,2,0,8,0,0,0,0,0,6,0,6,0,14,0,0,8,0,0,2,14,4,12,0,8,0,2
0,0,8,0,8,8,18,2,0,0,0,2,0,0,2,0,0,4,6,14,10,0,0,4,0,0,8,0,2,0,2,0,0,2,8,0,0,8,0,6,16,0,2,8,10,22,0,0,14,10,0,8,0,2,2,0,0,0,0,0,8,0,0,18,6,0,18,0,0,0,14,0,2,10,8,0,2,2,0,4,0,0,8,0,12,0,18,0,2,14,0,4,8,12,6,10,0,14,0,2
0,0,12,0,10,14,16,0,0,0,0,0,2,0,0,0,0,10,8,10,8,2,0,8,0,0,14,0,0,0,0,0,0,0,8,0,12,10,0,2,10,2,0,6,2,8,4,0,16,2,2,8,0,6,2,2,0,0,2,0,6,0,0,6,8,0,16,0,0,0,4,0,0,6,2,0,14,0,0,10,0,0,4,0,4,0,18,0,2,16,0,0,6,12,8,16,0,4,2,4
0,0,0,0,8,4,8,2,0,0,0,2,0,0,0,2,0,8,10,8,4,0,0,12,0,0,14,0,0,0,0,0,0,4,4,2,8,8,0,12,20,2,6,4,4,10,0,0,4,6,0,6,0,8,6,4,0,0,4,0,2,0,0,2,14,2,24,0,0,0,14,2,0,10,2,0,10,2,2,2,0,0,8,0,4,0,14,2,2,10,2,0,10,10,0,10,2,16,0,0
0,0,12,0,6,6,2,0,0,0,0,2,0,0,0,2,0,12,2,10,8,2,0,14,0,0,6,0,0,0,0,0,0,2,4,0,12,2,0,2,14,0,8,2,6,2,2,2,6,6,0,4,4,4,4,4,0,0,2,0,8,0,0,4,10,0,18,0,0,0,2,0,0,4,10,0,6,0,2,8,0,4,4,0,6,0,18,0,0,8,4,0,16,6,8,12,6,12,0,2
0,0,4,0,10,6,6,0,0,0,0,0,0,0,0,0,0,2,12,14,4,0,0,6,0,0,8,2,2,0,0,2,0,0,2,4,2,12,0,2,10,0,10,2,10,4,2,2,6,4,0,0,0,0,4,0,0,0,0,0,10,4,0,6,12,0,16,0,0,0,4,0,0,12,12,0,0,0,0,2,0,0,4,0,2,0,8,0,2,2,2,0,2,2,6,24,4,8,0,0
2,0,18,2,4,0,10,2,0,0,0,0,6,0,0,2,0,0,0,14,2,0,0,2,0,0,8,0,0,2,0,0,0,0,2,0,8,8,0,0,8,0,18,4,14,2,0,0,4,8,0,2,10,0,14,0,2,0,0,0,0,2,0,12,4,0,20,0,0,0,2,0,0,2,8,0,0,0,2,0,6,0,2,2,2,0,10,2,2,0,4,2,2,0,14,16,4,2,0,2
4,0,8,4,2,0,4,4,0,0,2,0,0,0,0,10,0,0,4,8,0,0,0,0,0,0,4,0,0,6,0,0,0,0,2,4,0,2,0,0,2,0,6,2,2,0,0,10,0,0,0,0,12,0,14,0,2,0,0,0,2,4,2,8,6,0,4,0,0,2,2,0,0,2,12,10,0,0,10,0,0,0,0,0,0,0,0,2,2,0,2,0,0,4,10,20,10,6,0,0
16,0,4,0,4,0,4,14,0,0,4,0,10,0,0,22,6,2,2,10,0,0,0,0,0,0,0,0,0,8,0,0,0,0,0,6,0,0,0,2,0,0,10,2,4,0,0,8,0,2,0,0,8,0,20,0,2,0,0,0,0,12,0,6,0,0,4,0,0,0,0,0,0,0,2,20,0,0,14,0,6,0,2,2,0,0,2,4,0,0,6,2,0,0,2,14,6,0,0,0
16,2,2,6,0,0,2,8,0,0,16,0,12,0,0,10,6,0,0,14,0,0,0,0,0,2,2,0,2,2,0,0,0,0,0,12,0,0,0,0,0,0,2,2,0,0,0,6,2,2,0,0,16,0,14,0,4,0,0,0,0,14,0,0,2,0,0,0,2,0,0,0,0,0,4,8,0,0,10,0,14,0,4,0,0,0,2,4,2,2,4,0,0,2,0,0,12,0,2,0
8,2,2,20,2,0,0,2,0,0,18,0,4,0,0,12,12,0,0,0,2,0,0,2,0,0,0,0,0,12,2,0,0,0,0,8,0,0,0,0,0,0,2,0,0,0,0,4,2,0,2,0,12,0,16,0,16,2,0,0,0,12,0,0,0,0,2,0,0,0,0,0,2,0,4,6,2,0,0,0,6,0,0,0,0,0,0,4,0,0,16,0,0,0,0,0,6,0,0,0
4,0,8,12,0,0,0,2,0,0,6,0,14,0,0,14,18,0,0,8,0,0,0,0,0,0,2,0,0,8,0,0,0,0,0,10,0,2,0,0,0,0,0,0,4,0,0,10,0,0,0,0,6,0,12,0,8,0,0,0,0,14,0,0,2,0,0,0,0,0,0,0,0,0,0,4,0,0,0,0,10,0,0,0,0,0,0,6,0,0,10,0,0,0,0,2,14,0,0,0
10,2,2,8,0,2,0,6,0,0,12,0,14,0,0,8,22,0,0,4,0,0,0,0,0,0,0,0,0,6,0,0,0,0,0,10,0,0,0,0,0,0,0,0,0,0,0,6,0,0,0,2,16,0,12,0,14,0,0,0,0,4,0,0,0,0,2,0,0,0,0,0,0,0,0,6,2,0,4,0,2,0,0,0,0,0,0,14,0,0,14,0,0,0,0,0,8,0,0,0
6,0,2,10,0,0,0,0,0,0,4,0,6,0,0,16,10,0,2,8,0,0,0,0,0,0,0,2,0,16,0,0,0,0,0,10,0,0,0,0,0,0,0,0,0,0,0,4,2,0,0,0,18,0,18,0,12,0,0,0,0,4,0,0,0,0,0,0,2,0,0,0,2,0,4,6,0,0,2,0,8,0,0,0,0,0,2,6,0,0,18,0,0,0,0,2,8,0,0,0
8,0,6,10,0,0,0,8,0,2,10,0,8,0,0,16,10,2,0,2,0,0,0,0,0,0,0,0,2,4,0,0,0,0,0,6,0,0,0,0,0,0,0,0,2,0,2,10,0,0,2,0,10,0,20,0,2,0,0,0,0,2,0,0,0,0,2,0,0,2,0,0,0,0,2,4,0,0,6,0,4,0,2,0,0,0,0,6,0,0,6,0,0,0,0,4,8,0,0,0
6,0,14,12,2,0,0,16,0,0,14,0,16,0,0,10,10,0,0,4,0,0,0,0,0,0,0,0,0,6,0,0,0,0,0,16,0,0,0,0,0,0,2,0,0,0,0,20,0,0,0,0,22,0,10,2,4,0,0,0,0,6,0,0,0,0,2,0,0,0,2,0,0,0,2,2,0,0,4,2,12,0,0,0,0,0,0,8,0,0,10,0,0,0,0,2,14,0,0,0
10,0,14,8,0,0,2,8,0,2,12,0,6,0,0,14,2,0,0,4,0,0,0,2,0,0,0,0,0,8,0,0,0,0,0,6,2,2,0,0,0,0,4,0,0,0,0,8,0,2,0,0,12,0,22,0,4,0,0,0,0,12,0,2,2,0,4,0,0,0,0,0,0,2,2,4,0,0,2,2,14,2,0,0,2,0,0,2,0,0,4,0,0,0,0,8,14,0,0,0
10,0,16,4,0,2,0,4,0,0,6,0,8,0,0,16,0,0,4,10,0,0,0,0,0,0,2,0,0,4,2,0,0,0,0,4,0,4,0,0,0,0,8,0,2,0,0,12,0,0,0,0,12,2,28,2,4,0,0,0,0,4,0,2,0,0,4,0,0,2,0,0,0,0,4,10,0,0,12,0,2,0,4,0,2,0,0,6,0,0,4,0,0,0,14,10,14,2,0,0
6,0,4,2,2,2,2,12,0,0,0,0,2,0,0,10,0,0,0,14,2,0,0,4,0,0,4,0,0,2,0,0,0,0,0,2,2,4,0,0,2,0,8,4,8,0,2,14,6,0,4,2,6,0,14,0,0,0,0,0,2,2,0,6,2,0,4,0,0,0,0,0,0,4,18,2,0,0,10,0,0,0,6,0,0,0,4,6,2,0,4,0,0,0,18,6,6,6,0,0
4,0,8,0,2,6,6,0,0,0,0,0,2,0,0,4,0,0,4,28,0,0,0,8,2,0,8,0,0,0,0,0,0,2,0,0,6,10,0,0,4,0,16,4,6,8,0,6,2,6,0,4,6,0,8,2,0,0,2,0,4,0,0,10,10,2,12,0,0,0,0,0,0,16,8,0,0,0,4,2,0,0,14,0,0,0,6,0,0,0,0,0,2,4,12,22,10,8,0,2
0,0,8,0,14,10,2,6,0,0,0,0,2,0,0,0,0,10,6,12,8,2,0,8,0,0,8,2,0,0,0,0,0,2,2,0,4,10,0,4,10,0,8,4,12,12,2,2,4,2,0,2,2,0,4,4,0,0,0,0,10,0,0,12,16,0,12,0,0,0,0,0,0,12,4,0,6,0,2,4,0,0,12,0,2,0,14,0,2,6,0,0,8,4,8,24,2,12,0,0
0,0,8,0,4,8,6,0,0,0,0,0,0,0,0,0,0,8,6,6,2,0,0,10,2,0,20,0,2,0,0,0,0,8,0,0,10,6,0,8,16,6,12,0,0,4,2,4,8,2,2,0,2,6,10,2,0,0,4,0,6,2,0,6,12,0,6,0,0,0,12,0,0,2,2,0,10,0,0,10,0,0,6,0,4,0,18,0,0,6,0,2,10,16,4,18,0,6,0,2
0,0,6,0,6,8,6,2,0,0,0,0,2,0,0,0,0,8,12,16,8,2,0,6,0,0,12,2,0,0,0,0,0,4,2,2,14,4,2,4,12,2,2,4,6,18,0,2,6,4,0,4,2,6,0,2,2,0,4,0,6,0,0,4,12,0,14,0,0,0,2,0,0,8,4,0,12,0,0,2,0,0,4,0,10,0,4,2,0,18,0,2,6,8,4,10,2,14,0,0
0,0,8,0,2,4,4,2,0,0,0,2,0,2,2,0,0,12,2,8,8,0,0,12,2,2,6,0,0,0,0,2,0,2,2,2,8,8,0,2,8,0,4,2,6,12,0,0,4,2,0,4,0,2,4,4,0,0,2,0,6,0,0,6,12,2,14,0,0,0,8,2,0,8,6,0,12,4,0,8,0,0,2,2,4,0,8,0,0,4,0,0,14,16,8,14,0,4,0,2
0,0,6,0,12,4,2,2,0,0,0,0,0,0,0,0,2,16,6,8,10,2,0,0,2,2,16,0,0,0,0,0,0,0,2,0,12,18,0,2,8,4,8,6,8,8,0,2,4,0,2,8,2,2,0,2,0,2,0,0,8,0,0,0,16,0,8,0,0,0,8,0,0,2,0,2,12,0,0,8,0,0,8,0,10,0,16,0,2,10,0,2,16,4,0,14,0,2,0,2
0,0,4,0,6,4,8,0,0,0,0,2,2,0,0,0,0,4,6,4,6,0,0,6,0,2,6,0,0,2,0,0,0,6,4,0,6,10,0,4,12,2,4,6,4,20,2,0,8,6,0,10,2,0,4,4,0,0,0,0,6,0,0,6,14,0,12,0,0,0,14,0,0,16,4,0,10,0,0,2,0,0,6,0,8,0,22,0,0,12,0,2,10,10,2,10,0,10,0,0
0,0,2,0,2,14,4,0,0,0,0,0,0,0,0,0,0,16,10,12,8,0,0,6,4,8,10,0,0,0,2,0,0,0,6,0,10,2,0,0,24,0,0,8,2,28,0,0,10,6,0,6,0,12,0,10,0,0,0,0,8,0,0,2,10,0,8,2,0,0,14,0,0,10,2,0,6,0,0,6,0,0,2,0,10,0,22,0,0,6,0,0,8,6,2,14,2,2,0,4
0,0,2,0,0,14,0,0,0,0,0,0,0,0,0,2,0,10,12,8,2,0,0,4,4,6,4,0,0,0,0,2,2,2,16,0,12,2,4,0,2,8,0,20,24,12,0,0,8,2,2,2,2,8,0,22,0,0,0,0,16,0,0,4,6,0,4,0,2,0,2,2,0,14,2,0,0,0,0,4,0,0,2,0,6,0,16,0,0,14,4,0,2,0,2,4,0,10,0,6
0,0,0,0,2,12,0,0,0,0,0,0,0,0,0,0,0,0,4,2,0,2,0,0,18,2,0,0,2,0,0,0,16,2,12,0,2,0,8,0,0,6,0,18,10,4,0,0,2,0,2,4,4,0,0,20,0,0,0,0,8,0,0,0,0,0,2,0,2,0,0,0,0,18,0,0,0,0,0,2,0,0,4,0,2,0,6,0,0,0,0,0,2,0,0,4,0,6,0,6
0,0,0,0,0,0,0,0,0,0,0,2,0,0,0,0,0,0,6,0,0,0,0,4,24,2,2,0,0,2,0,0,22,0,38,0,0,0,2,0,0,8,0,6,2,0,0,0,2,0,0,0,0,0,0,16,0,0,0,0,4,0,0,0,0,0,2,0,6,0,0,0,0,4,0,0,2,0,0,2,0,0,0,0,0,0,4,0,0,0,0,0,0,0,0,0,0,0,0,2
0,0,2,0,0,6,0,0,0,0,0,0,0,0,0,0,0,0,0,0,0,0,0,0,2,0,0,0,0,0,0,0,12,0,18,0,0,0,4,0,0,0,0,14,4,0,0,0,4,0,0,0,0,0,0,4,2,0,0,0,6,0,0,0,0,0,0,2,16,0,0,0,0,0,2,0,0,0,0,0,0,0,0,0,2,0,0,0,0,0,0,0,0,0,0,0,0,0,0,0
0,2,0,0,0,2,0,0,2,0,0,0,0,0,2,0,0,0,2,0,0,0,0,0,10,0,0,0,0,0,0,0,10,0,22,0,0,0,0,0,0,2,0,8,2,0,0,2,2,0,0,2,0,0,0,6,0,0,0,0,6,0,0,0,0,0,0,0,6,0,4,0,0,2,0,0,0,0,0,0,0,0,0,0,2,0,0,0,0,2,0,0,0,0,0,0,0,0,0,0
0,0,2,0,2,2,0,0,0,0,0,2,0,0,0,0,0,0,4,0,0,0,0,0,12,0,0,0,0,0,0,2,14,0,14,0,0,0,0,0,0,0,0,4,2,2,0,2,0,2,2,0,0,0,0,4,0,0,0,2,4,0,0,0,2,0,0,0,10,0,0,0,0,4,0,2,0,0,0,0,0,0,0,0,2,0,2,0,0,0,0,0,0,0,0,0,0,0,0,0
0,0,0,0,2,2,0,0,0,0,0,0,0,0,0,0,0,0,4,0,0,0,0,0,20,0,0,0,0,0,0,0,16,0,18,0,2,0,0,2,0,8,0,8,6,0,0,0,0,0,0,6,0,0,0,6,0,0,0,0,4,2,0,0,0,0,0,0,2,0,0,0,2,0,0,0,0,0,0,0,0,0,0,0,0,0,0,0,0,0,0,0,0,0,0,2,0,0,0,2
0,0,2,0,0,6,0,0,0,0,0,0,0,0,0,0,2,0,6,0,0,0,2,4,18,2,0,0,0,0,0,0,20,0,20,2,2,0,14,0,0,12,2,20,6,2,0,0,2,0,0,2,0,0,4,16,0,0,0,0,12,0,0,0,2,0,2,0,6,2,2,0,0,6,0,0,0,0,0,0,0,2,0,0,2,0,12,0,0,0,0,0,0,0,0,0,0,2,2,0
2,0,2,0,0,24,0,0,0,0,0,0,0,0,0,0,0,0,12,6,2,2,0,8,10,6,0,0,2,4,0,0,2,0,28,0,2,2,4,0,2,8,0,10,6,10,0,0,12,0,2,0,0,4,0,26,0,0,0,0,4,0,0,0,4,0,4,0,4,0,4,2,0,14,0,2,0,0,0,2,0,0,6,0,6,0,14,0,0,0,2,0,0,2,2,6,4,12,0,6
0,0,4,0,4,14,12,2,0,0,0,0,0,2,0,0,0,16,16,8,2,0,0,8,2,4,4,0,0,0,0,0,0,0,26,0,2,6,2,4,6,6,0,22,8,18,0,0,6,2,0,6,4,8,6,8,0,0,0,2,10,0,0,6,12,0,8,0,0,0,12,2,0,14,0,0,6,0,2,4,0,0,8,0,4,0,8,0,0,10,0,0,12,6,2,6,0,4,0,2
0,0,6,0,4,4,8,2,0,0,0,0,0,2,0,0,0,6,16,4,6,0,0,6,0,2,14,0,0,0,0,2,0,2,4,0,6,2,2,6,20,2,6,6,18,12,0,0,2,2,0,4,0,4,0,4,0,0,2,0,6,0,0,6,8,0,14,2,0,0,6,2,0,4,2,2,16,2,2,4,2,0,6,0,6,0,6,0,0,18,0,0,10,20,0,20,2,20,0,6
0,0,4,0,10,8,6,0,2,0,0,2,0,0,0,2,2,6,8,8,2,0,0,0,0,0,6,2,2,0,0,0,0,6,6,0,10,10,0,4,20,2,4,4,14,10,0,0,12,4,2,0,2,4,4,0,0,0,0,0,10,0,0,6,12,0,8,0,0,0,12,0,0,12,4,0,20,0,0,6,0,2,6,0,6,0,22,0,2,12,0,0,8,14,0,8,2,6,0,2
0,0,10,0,10,8,10,0,2,0,0,2,0,2,0,2,2,8,8,8,12,0,0,8,0,2,10,0,0,0,0,2,0,2,4,0,12,12,0,12,8,2,2,4,10,12,0,0,6,14,0,4,0,2,2,0,0,0,8,0,8,0,0,8,4,0,4,0,0,0,14,0,0,10,2,0,14,0,0,2,4,2,6,0,8,0,6,0,2,4,0,2,8,14,4,14,0,8,2,2
0,0,0,0,6,4,6,0,0,0,0,0,0,0,0,0,0,8,10,8,8,0,0,10,0,0,10,0,0,0,2,4,0,2,4,0,16,12,0,10,16,0,0,4,6,12,2,0,6,6,2,6,0,10,0,0,0,0,0,0,6,0,0,0,12,0,14,0,0,0,14,0,2,6,0,0,18,2,0,2,0,0,2,0,14,0,16,0,2,16,0,4,12,6,6,10,2,10,0,4
0,0,2,0,14,2,6,0,0,0,0,0,2,6,0,0,0,2,2,2,10,0,0,8,2,0,10,0,0,0,0,4,0,8,0,0,14,2,0,8,4,0,2,4,2,0,0,0,14,10,14,6,0,12,4,0,0,0,0,0,6,2,0,0,4,0,2,0,0,0,2,0,0,0,0,0,0,8,0,2,0,2,6,0,18,0,6,2,0,14,0,4,12,8,0,8,0,2,2,0
0,0,0,0,2,2,0,0,0,2,0,0,0,18,0,0,0,0,4,2,2,2,0,6,0,0,0,2,0,0,0,10,0,10,0,0,4,4,0,4,0,2,0,0,2,0,0,0,0,2,14,4,0,10,0,0,0,0,0,4,14,0,0,0,0,4,4,0,0,0,0,0,0,2,0,0,0,10,0,6,0,8,0,2,8,0,4,0,0,8,0,8,8,6,0,2,2,4,6,0
0,0,2,2,0,0,0,0,0,8,0,0,0,0,0,0,2,0,2,2,0,0,2,0,0,0,2,0,0,0,0,4,0,28,0,0,4,0,0,0,0,0,0,0,2,0,0,0,4,2,6,6,2,2,0,0,0,2,0,8,2,0,0,0,0,16,0,0,0,12,0,0,0,0,0,0,0,6,0,0,0,6,0,0,0,0,2,2,2,0,0,6,2,2,0,0,0,0,8,0
0,0,0,0,0,0,0,0,0,16,0,0,0,0,0,0,0,0,0,0,0,2,0,0,0,2,0,0,0,0,2,0,0,10,0,0,2,0,0,0,0,0,2,0,0,0,0,0,0,0,0,2,0,0,0,0,0,4,0,4,2,0,0,0,0,12,0,0,0,8,0,0,0,0,0,0,0,0,0,0,0,18,0,0,0,0,0,2,0,0,0,0,0,0,0,0,0,2,6,0
0,0,0,0,0,0,0,0,0,16,0,0,0,0,0,0,0,0,0,0,0,0,2,0,0,0,0,0,0,0,0,0,0,12,0,2,0,0,0,0,0,0,0,0,0,2,0,0,0,0,2,2,2,0,0,0,0,16,0,4,0,0,0,0,2,14,0,0,0,22,0,2,0,0,0,0,0,0,0,0,0,2,0,0,2,0,0,0,0,0,0,0,0,0,0,0,0,0,10,0
0,0,0,0,0,0,0,0,0,12,0,2,0,0,0,0,0,0,0,0,0,0,0,0,0,0,0,0,0,0,2,0,0,10,0,0,0,0,0,2,0,0,0,0,0,0,0,0,0,0,0,4,0,2,2,0,0,8,0,2,0,0,0,0,0,14,0,0,0,16,0,0,0,0,0,0,0,0,0,0,0,4,0,0,0,0,0,0,2,0,0,0,2,0,2,0,2,0,12,0
0,0,2,0,0,0,0,0,0,20,0,0,0,0,0,0,0,0,0,0,0,0,2,0,0,0,0,0,0,0,0,2,0,10,0,0,2,0,0,2,0,0,0,0,0,0,0,2,0,0,0,2,0,2,2,0,0,8,0,14,2,0,0,2,0,12,0,0,0,24,0,0,0,0,0,0,0,4,0,2,0,4,0,2,0,0,0,0,0,0,0,2,6,0,0,2,0,2,10,0
0,0,0,0,0,0,2,0,0,14,0,0,0,6,0,0,0,2,2,0,0,0,0,2,0,0,0,0,0,0,0,6,0,10,0,0,2,0,0,0,0,0,0,0,0,0,0,0,0,0,10,8,0,8,0,0,0,0,0,16,0,0,0,0,2,8,0,0,0,8,0,0,0,0,0,0,0,4,0,8,0,12,0,0,2,0,4,0,0,2,0,2,0,0,0,2,0,2,4,0
0,0,0,0,6,12,2,2,0,0,0,0,0,16,0,0,2,4,2,2,2,0,0,0,0,0,0,0,0,0,0,8,0,6,0,0,10,0,0,0,4,0,0,0,4,0,0,0,2,6,12,18,2,16,0,4,0,0,0,0,6,0,0,2,0,0,0,0,0,2,6,0,0,4,0,0,8,14,0,10,0,4,0,0,12,0,4,0,0,4,0,14,12,2,0,6,0,6,0,0
0,0,2,0,12,8,6,0,0,0,0,0,0,2,0,0,0,2,10,8,8,0,0,6,0,0,4,2,0,0,0,4,0,12,0,0,14,8,0,4,14,0,0,6,4,6,0,0,8,6,4,8,0,12,0,4,2,0,0,0,16,0,0,2,4,2,8,0,0,0,8,0,2,10,2,0,10,0,0,14,2,2,2,0,22,0,16,2,0,16,0,8,8,10,0,6,0,6,0,0
0,0,4,0,14,4,10,0,2,0,0,0,2,2,0,0,0,14,8,10,10,0,0,10,0,0,4,0,0,0,0,0,0,0,6,0,10,12,0,0,8,2,2,6,8,2,0,0,8,6,4,8,0,6,0,0,0,0,4,0,12,0,2,6,8,0,14,0,0,0,10,2,0,10,0,0,12,6,0,6,0,0,0,0,10,0,4,0,0,10,0,0,18,24,0,10,2,12,4,0
0,0,12,0,6,8,6,2,0,0,0,0,0,0,0,0,0,16,2,12,6,0,0,8,0,0,18,0,0,0,0,2,2,8,2,0,14,10,0,2,8,2,4,4,12,10,0,0,10,0,2,6,0,6,2,0,0,0,4,0,10,2,0,4,14,0,16,0,0,0,6,0,0,10,2,0,10,0,0,4,0,0,4,0,10,0,20,0,0,12,0,0,4,12,2,10,0,6,2,2
0,0,10,0,8,4,4,2,0,0,0,0,0,0,2,0,0,14,12,14,18,0,0,10,0,0,16,0,0,0,0,0,2,2,2,0,14,2,0,2,10,0,4,0,10,12,0,0,12,8,2,10,0,0,2,0,0,0,2,0,6,0,0,4,8,0,12,0,0,0,10,2,0,10,0,0,16,0,0,2,0,0,6,0,8,0,16,2,0,20,0,0,8,10,6,12,0,10,0,0
0,0,6,0,2,4,12,0,2,0,2,0,0,0,0,2,0,8,0,4,8,0,0,12,0,0,18,0,0,2,0,0,0,6,2,0,8,4,2,8,12,4,12,8,8,16,0,0,12,6,0,8,2,2,0,2,0,0,4,0,6,0,0,6,18,0,6,0,0,0,4,0,0,10,4,0,2,0,2,6,0,0,6,0,4,0,12,0,0,4,2,0,8,12,4,12,0,16,0,0
0,0,4,0,4,10,10,0,0,0,2,0,2,0,0,0,0,6,0,10,4,0,0,10,0,2,18,0,0,0,2,0,2,0,6,0,22,8,0,4,10,0,8,4,10,8,0,0,4,8,0,4,2,0,6,0,0,0,0,0,12,0,0,12,10,0,22,0,0,0,0,0,0,4,8,2,2,0,2,8,0,0,8,0,2,0,10,0,2,14,0,0,12,10,4,14,2,2,0,2
0,0,10,0,8,2,2,10,2,2,2,2,4,0,2,2,2,0,4,8,0,0,0,4,0,0,8,0,0,0,0,0,0,0,2,4,4,10,0,8,6,0,10,0,4,2,0,6,2,4,0,2,4,0,12,0,0,0,0,0,8,2,0,12,10,0,4,0,0,0,0,2,0,4,6,2,0,0,6,2,0,0,6,0,0,0,6,2,0,0,0,0,4,0,10,20,8,4,0,2
4,2,12,0,2,2,2,8,0,0,4,0,10,0,0,6,0,0,6,16,2,0,0,0,0,0,0,0,0,2,2,4,0,0,0,8,2,6,0,0,4,0,12,4,0,0,0,16,0,0,0,0,14,0,12,0,2,0,2,0,2,8,0,8,6,0,6,0,0,0,0,2,0,2,8,4,0,0,6,0,2,0,4,2,0,0,4,0,0,0,8,0,0,0,12,10,18,0,0,0
8,0,14,10,0,2,2,10,0,0,14,0,12,0,0,10,10,0,0,10,0,0,0,0,0,0,0,0,0,12,0,2,2,0,0,10,0,4,0,0,2,0,4,0,0,0,0,4,0,2,0,2,20,0,12,0,2,0,0,0,0,16,0,2,0,2,2,2,0,2,0,0,0,0,6,10,0,0,2,0,16,0,0,0,0,0,0,8,2,0,12,0,0,0,6,12,10,0,0,0
14,2,4,22,0,0,0,14,0,0,4,0,12,0,0,14,10,0,0,4,0,0,0,0,0,0,0,0,0,16,0,0,0,2,0,20,0,0,0,0,0,0,8,4,2,0,0,16,0,0,0,0,18,0,10,0,14,0,0,0,0,6,0,0,0,0,0,0,0,0,2,0,0,0,2,4,0,2,4,0,14,0,0,0,0,0,0,12,2,0,8,0,0,0,4,6,18,0,0,0
8,0,0,10,0,0,0,2,0,0,6,0,16,2,0,10,12,0,0,0,0,2,0,0,0,0,0,0,0,14,0,0,0,0,0,10,2,0,0,0,2,0,0,0,0,0,0,10,0,0,0,0,26,0,10,0,4,2,0,0,0,14,0,0,0,0,0,0,0,0,0,0,0,0,0,2,0,0,6,0,16,0,0,2,0,0,0,10,0,0,14,0,0,0,2,2,12,0,0,0
14,0,12,20,0,2,0,8,0,0,10,0,8,0,0,8,10,0,0,6,0,2,0,0,0,0,0,0,0,4,0,0,0,0,0,10,0,0,0,2,0,0,0,0,0,0,0,0,0,0,0,2,10,0,18,0,6,0,2,2,2,6,0,0,2,0,4,0,0,0,0,0,0,2,4,6,0,0,4,0,12,0,2,0,0,0,0,8,0,0,10,0,0,0,0,0,6,0,0,0
16,0,6,14,0,0,0,8,0,0,10,0,8,0,0,8,10,0,2,2,0,0,0,0,0,0,2,0,0,4,0,0,0,0,0,10,0,0,0,0,0,0,2,0,0,0,2,16,0,2,0,0,14,0,14,0,2,0,0,0,0,6,0,0,2,0,0,0,0,0,0,0,0,2,4,2,0,0,6,0,18,0,0,2,0,2,0,10,0,2,14,0,0,0,0,0,12,0,0,0
10,0,2,26,2,0,0,12,0,0,8,0,20,0,0,6,8,0,2,4,0,0,0,0,0,2,0,0,0,8,0,0,0,0,0,10,0,0,0,0,0,0,4,0,0,0,0,10,2,0,0,0,22,0,20,0,10,0,0,0,0,20,0,0,0,0,4,0,0,4,0,0,0,0,2,4,0,0,8,0,20,0,0,0,0,0,0,18,2,0,10,2,0,2,0,6,18,0,0,0
10,0,2,4,0,2,2,14,0,0,8,0,10,0,0,6,12,0,4,14,0,0,2,0,0,0,0,0,0,12,0,0,0,0,0,8,2,2,0,0,0,0,0,0,0,0,0,16,2,0,0,0,14,0,14,0,10,0,0,0,0,4,0,2,0,0,2,0,0,0,0,0,0,0,8,12,0,0,8,0,6,0,2,0,0,0,0,8,0,2,6,0,0,0,6,6,18,0,0,2
4,0,2,0,0,2,2,14,0,0,2,0,16,0,0,10,0,2,0,12,0,0,0,4,0,0,4,0,2,2,0,0,0,2,0,6,0,0,0,0,4,0,20,0,2,0,0,20,0,0,0,0,14,0,14,0,4,0,0,0,0,6,0,2,8,0,4,0,0,0,0,0,0,2,18,6,0,0,18,0,10,0,6,0,2,0,4,2,0,2,6,2,0,0,12,10,16,2,0,0
2,0,10,0,4,6,0,2,0,0,2,2,2,0,0,6,0,4,4,26,0,0,0,12,0,0,8,0,0,2,0,0,0,0,6,0,0,10,0,0,6,4,6,6,6,6,0,10,4,2,0,0,8,0,18,0,2,0,0,0,4,0,0,2,12,0,10,2,0,0,0,0,2,12,12,0,0,0,8,6,0,0,8,0,0,0,6,4,2,4,0,0,4,6,20,16,10,2,0,0
0,2,12,0,8,4,12,0,0,0,0,0,0,0,0,0,2,8,12,30,8,0,0,12,0,2,10,0,0,0,0,0,0,2,4,0,8,14,2,0,6,2,12,4,6,6,0,0,8,6,0,2,2,0,6,4,0,0,0,0,2,0,0,6,8,0,8,0,0,0,4,0,0,4,12,0,2,0,2,6,2,0,6,0,4,0,12,0,0,10,2,0,8,8,10,14,0,10,0,2
0,0,16,0,16,10,20,0,0,0,0,0,0,0,0,0,0,12,10,8,14,0,0,16,0,0,8,0,0,0,0,0,0,2,0,0,6,8,0,6,8,0,4,10,4,8,0,0,14,12,0,0,2,8,0,0,0,0,2,0,4,0,0,10,12,0,10,0,0,0,6,0,0,14,0,4,6,0,0,8,0,0,8,0,10,0,22,0,0,8,0,0,10,8,2,18,0,14,0,0
0,2,6,0,4,10,4,0,0,2,0,0,0,0,4,0,2,14,6,8,10,0,0,8,0,0,8,0,2,0,0,0,0,2,2,4,8,6,0,0,10,0,4,4,14,16,0,0,16,8,2,6,0,4,2,4,0,0,4,0,4,0,0,6,12,0,38,0,0,0,10,0,0,18,2,0,18,0,0,8,0,0,4,0,4,0,22,0,2,10,0,2,14,16,0,2,0,8,0,4
0,0,2,0,6,8,4,0,0,2,0,2,0,0,0,0,0,16,10,8,6,0,0,12,0,0,6,0,2,0,0,0,0,4,8,0,10,4,0,2,20,0,4,0,12,6,4,2,10,10,2,10,0,6,2,2,2,2,0,0,8,0,0,4,8,0,8,0,0,0,14,0,0,12,6,0,16,0,0,14,0,0,0,0,8,0,14,0,2,12,0,2,14,10,2,6,0,14,0,2
0,0,2,0,0,2,8,2,0,0,0,0,0,0,0,0,0,12,10,8,12,0,0,6,0,0,4,0,2,0,0,4,0,8,8,0,10,12,0,6,8,0,6,6,4,18,0,0,8,10,2,6,0,2,6,0,0,0,0,2,6,0,0,8,18,0,12,0,0,0,16,0,0,16,6,0,20,0,0,4,0,2,2,2,2,0,18,0,2,10,0,6,6,16,2,16,0,4,0,2
0,0,2,0,2,6,6,0,0,0,0,0,0,2,0,0,0,16,10,8,12,0,0,8,0,0,8,0,0,0,0,0,0,2,4,2,10,10,0,2,10,0,2,12,4,10,0,0,16,6,2,10,0,4,2,0,0,0,0,0,10,0,0,2,10,0,10,0,0,0,16,0,0,8,4,0,20,2,2,6,0,0,4,0,12,0,10,0,2,22,0,0,10,8,0,8,2,6,2,0
0,0,2,0,4,12,2,0,2,0,0,0,2,4,0,0,2,4,10,0,2,0,0,0,0,0,6,0,0,0,0,6,0,6,2,0,10,10,0,0,10,0,0,6,4,2,0,0,6,8,6,12,0,16,0,0,0,0,0,0,6,0,0,0,20,0,2,0,0,0,12,0,0,10,0,0,16,4,0,10,0,0,4,2,10,0,16,0,0,10,0,4,12,4,0,6,0,10,4,0
0,0,2,0,4,4,0,0,0,0,0,0,0,14,2,2,0,2,4,0,0,0,0,4,0,0,0,0,0,0,0,4,0,14,0,0,4,2,0,0,0,0,0,2,4,0,0,0,0,0,14,16,0,12,0,0,0,2,0,0,2,0,0,2,2,2,2,0,0,0,2,0,0,2,0,0,6,14,0,6,0,8,0,0,8,0,6,0,2,2,0,6,10,2,0,2,0,2,2,0
0,0,0,0,2,2,0,0,0,8,0,0,2,0,0,0,0,0,2,0,0,0,0,0,0,0,0,0,0,0,0,2,0,14,0,0,2,0,0,0,0,0,0,2,0,0,0,0,2,0,10,12,0,6,0,2,0,14,0,6,0,0,0,0,0,4,0,0,0,4,0,0,0,0,0,0,0,2,0,0,0,16,0,0,0,0,4,0,0,0,0,4,2,0,0,0,2,0,6,0
0,0,0,0,0,2,0,0,0,14,0,0,0,0,0,0,0,0,0,0,0,0,0,0,0,0,2,0,0,0,0,0,0,4,0,0,0,0,0,2,0,0,0,0,0,0,0,0,0,0,0,2,0,0,2,0,0,8,2,2,0,0,0,2,0,10,0,2,0,8,0,0,0,0,0,0,0,0,0,0,0,4,0,0,0,0,0,0,0,0,0,0,2,0,0,0,0,0,4,0
0,0,0,0,0,2,0,2,0,18,0,2,0,0,0,0,2,0,0,0,0,0,0,0,0,0,0,0,0,0,0,0,0,4,0,0,0,0,0,0,0,0,4,0,0,0,0,0,0,0,2,0,2,0,0,2,0,10,0,0,0,0,0,0,0,8,0,0,0,8,0,0,2,0,2,0,0,0,0,0,0,2,0,2,0,0,0,0,0,0,0,0,0,0,0,0,0,0,4,0
2,0,0,0,2,0,0,0,0,14,0,0,0,0,0,0,0,0,2,4,0,0,0,2,2,0,2,0,0,0,2,0,0,2,0,0,0,0,0,0,0,0,0,0,0,0,0,0,2,0,0,0,2,0,0,0,0,12,0,4,0,0,0,0,0,0,0,0,0,20,0,0,0,2,0,2,0,2,0,0,0,2,0,0,0,0,0,0,0,0,0,2,0,0,0,0,0,0,4,0
0,0,0,0,2,0,2,0,0,12,0,0,0,0,0,0,0,0,0,0,0,0,0,0,0,0,0,0,0,0,2,0,0,0,0,2,2,0,0,2,0,2,0,0,0,0,0,0,0,2,0,4,0,0,0,0,0,6,0,4,0,0,0,0,0,12,0,0,0,14,0,0,0,0,0,0,0,2,0,0,0,2,0,0,0,0,0,0,0,0,0,0,0,0,0,0,0,2,24,0
0,0,0,0,0,0,0,0,0,8,0,0,0,0,2,0,0,0,0,0,0,0,0,0,0,2,0,2,0,0,0,0,0,4,0,0,2,0,0,0,0,0,0,0,0,0,0,0,0,0,0,2,0,0,0,2,2,20,0,2,0,0,0,0,0,8,0,0,0,16,0,0,0,2,0,0,0,2,0,0,0,2,0,0,2,0,0,0,0,0,0,0,2,0,0,0,0,6,8,0
0,0,2,0,0,2,0,0,0,8,0,0,2,0,0,0,0,0,0,0,0,0,0,0,0,0,0,0,0,0,0,0,0,2,0,0,0,0,0,0,0,0,2,0,0,0,0,0,0,0,0,4,0,0,0,0,0,10,0,2,0,0,0,2,0,14,0,0,0,18,0,0,0,0,0,0,0,0,0,0,2,6,0,2,0,0,0,2,0,0,0,2,4,0,2,0,0,0,16,0
0,0,0,0,0,2,0,0,0,8,0,0,0,2,0,0,2,0,0,0,0,2,0,0,0,0,0,0,0,0,0,2,0,16,0,2,0,0,0,0,0,0,0,0,0,2,0,0,0,2,2,8,2,0,0,0,0,2,0,12,0,0,0,0,0,4,0,0,2,6,0,0,0,0,0,0,0,8,0,0,0,10,0,0,0,0,2,0,0,0,0,2,4,0,0,0,0,0,8,0
0,0,0,0,2,2,0,0,0,4,0,0,0,6,0,0,2,0,2,0,0,0,0,0,0,0,2,0,0,0,0,4,0,20,2,0,0,2,0,0,2,0,0,0,0,0,0,0,0,2,14,20,2,4,0,0,0,4,0,6,0,0,0,0,0,2,2,2,0,0,4,0,0,6,0,0,0,2,0,8,0,14,2,0,0,0,6,0,0,4,0,8,6,2,2,0,2,2,4,0
0,2,0,0,8,8,0,0,0,0,0,2,0,8,0,0,0,4,4,4,0,0,0,8,0,0,6,0,0,0,0,6,0,8,0,2,8,8,2,0,8,0,0,4,8,0,0,0,0,10,12,20,2,4,0,0,0,0,0,2,6,0,0,0,6,0,0,0,0,0,10,0,0,8,0,0,6,0,0,6,2,4,0,0,10,0,8,0,0,14,0,6,18,8,0,4,0,2,2,0
0,2,4,0,8,0,6,0,0,2,0,0,0,2,0,0,0,10,8,2,6,2,2,2,0,0,8,0,0,0,0,2,0,8,6,0,14,4,0,4,8,2,2,2,10,12,2,0,12,4,2,2,0,16,0,0,0,0,4,0,2,2,0,0,20,0,14,0,0,0,12,0,0,8,0,0,20,4,0,10,0,2,6,0,10,0,26,2,2,16,0,4,12,16,2,10,0,18,2,0
0,0,4,2,14,6,10,0,0,0,0,0,2,2,0,0,0,4,10,8,4,0,0,2,0,0,10,0,0,0,0,4,2,2,2,0,22,10,0,6,4,4,0,4,4,4,0,0,14,12,2,8,0,6,0,4,0,0,2,0,0,0,0,2,20,0,12,0,0,0,12,0,0,2,2,0,14,0,0,6,0,0,16,0,0,0,16,0,2,12,0,0,8,14,6,4,0,12,0,0
0,0,6,0,10,8,8,4,0,0,0,0,0,0,0,0,0,6,12,6,4,0,0,14,0,2,12,0,0,0,0,0,0,2,8,0,6,6,0,4,12,0,2,4,8,10,0,2,12,12,0,8,2,0,0,0,0,0,2,0,10,0,0,2,16,0,14,0,0,0,8,0,4,10,4,0,14,0,0,4,0,0,6,0,0,0,14,0,0,0,0,2,8,14,2,10,0,8,0,0
0,0,10,0,6,8,6,0,0,0,0,2,0,0,0,0,0,16,14,10,16,0,0,12,2,2,14,0,0,0,0,0,0,0,6,0,12,2,0,6,20,0,0,8,8,14,2,2,2,6,0,8,0,2,2,8,0,0,14,0,10,2,0,6,6,0,14,0,0,0,6,0,0,2,4,0,28,2,0,8,0,0,2,0,0,0,10,0,0,4,0,2,2,10,6,6,2,8,0,0
0,0,4,2,6,8,10,0,0,0,0,2,2,0,0,0,0,16,6,10,6,0,0,4,0,0,10,0,2,0,0,0,0,0,2,0,12,10,0,6,16,0,4,4,14,12,0,0,4,6,2,6,2,4,0,0,0,0,0,0,14,0,0,6,18,0,6,0,0,0,14,0,0,16,2,0,8,0,4,2,2,2,8,2,6,0,10,0,0,14,0,4,10,6,0,20,0,4,2,0
0,0,2,0,8,14,6,0,0,0,0,0,0,0,0,0,0,8,6,2,4,0,0,20,0,2,12,0,0,0,0,0,0,2,6,2,14,8,0,0,16,6,4,10,10,22,2,0,8,4,0,10,0,6,0,8,0,0,2,0,4,0,0,2,6,0,10,0,0,0,10,0,0,8,2,0,8,0,0,2,0,0,4,0,12,0,10,0,0,12,0,2,4,6,2,6,0,8,0,6
0,0,4,0,0,20,8,0,0,2,2,2,0,2,0,0,0,28,18,2,4,0,0,6,6,2,2,2,0,0,0,2,0,2,8,0,10,4,6,2,10,4,0,14,12,30,0,0,10,0,2,0,4,2,0,18,2,0,0,0,6,0,0,0,16,0,4,0,0,0,10,0,0,10,0,0,4,0,0,4,0,2,10,0,8,0,16,0,0,0,0,4,2,10,0,8,2,10,0,2
0,0,2,0,0,10,2,0,0,0,2,0,0,0,0,0,0,12,18,2,2,0,0,4,4,6,4,0,0,0,0,0,0,2,28,0,4,2,8,0,4,10,2,20,20,10,2,0,2,0,0,6,0,4,2,26,0,0,0,0,18,0,0,2,8,0,2,2,2,0,2,0,0,18,0,0,4,2,0,8,0,0,0,0,10,0,6,0,0,8,0,0,6,0,2,6,0,4,0,16
0,0,2,0,2,12,0,0,0,0,0,0,4,0,0,0,0,4,10,0,0,0,4,2,10,6,4,0,0,0,0,0,6,2,26,2,0,0,16,0,0,16,0,12,14,2,0,0,6,0,0,2,0,0,0,34,0,0,0,0,6,0,0,0,0,0,2,0,6,0,0,0,0,10,0,0,2,0,0,8,0,0,4,0,2,0,8,0,0,0,0,0,6,2,0,6,0,6,2,4
0,0,2,0,0,6,0,0,0,0,0,0,0,0,0,2,2,0,14,2,0,2,0,4,22,8,0,0,2,0,0,0,8,0,20,2,0,0,8,0,0,6,0,6,16,2,0,2,2,0,0,0,2,0,0,22,0,0,0,0,10,0,0,0,2,0,8,0,6,0,0,0,0,6,0,0,0,0,0,2,0,0,0,0,0,0,2,0,0,0,0,0,2,0,0,0,0,6,0,8
0,0,0,0,0,4,0,0,0,0,0,0,0,0,2,0,0,0,16,0,0,0,2,0,14,4,0,0,0,0,0,2,10,0,34,0,0,0,6,0,0,10,0,10,8,0,0,0,0,0,0,0,0,0,0,22,0,0,0,0,2,0,0,0,0,0,2,4,8,0,0,0,0,4,0,2,0,0,0,0,0,0,0,0,0,0,2,0,0,0,0,0,4,0,0,0,0,0,0,8
0,0,2,0,0,6,0,2,2,2,0,2,0,0,0,2,0,0,6,0,2,0,0,4,24,2,2,2,2,0,0,0,38,0,22,0,0,0,0,2,0,4,0,6,6,0,0,0,0,0,0,0,0,0,0,2,0,0,0,0,4,0,0,0,0,0,0,0,4,2,0,0,0,2,2,0,0,0,0,0,0,0,0,0,2,0,2,2,0,2,0,0,0,0,0,2,0,0,0,6
0,0,0,0,0,4,0,0,0,0,0,0,0,0,0,0,0,0,4,2,0,0,0,0,20,2,0,0,0,0,0,0,26,0,24,0,2,0,0,0,0,2,0,18,4,0,0,0,0,2,0,0,0,0,0,10,0,0,0,2,10,0,0,2,2,0,0,0,8,0,0,0,0,0,0,0,0,0,0,0,0,0,2,0,2,0,6,0,0,0,0,0,0,0,0,0,0,0,0,6
0,0,2,0,0,6,0,0,0,0,0,0,0,0,0,2,0,0,4,0,0,2,0,0,18,0,0,0,2,0,0,0,18,0,22,0,0,0,2,0,0,4,0,4,4,0,0,0,4,0,0,2,0,0,0,12,0,0,0,0,4,2,0,0,0,0,0,0,10,0,0,0,0,2,0,0,0,0,0,0,0,0,2,0,2,0,6,0,0,0,0,0,0,0,0,2,0,2,0,2
0,0,0,0,0,8,0,0,0,0,0,0,0,0,0,0,0,2,0,0,0,0,0,0,10,2,0,0,0,0,0,0,26,0,16,0,0,0,0,2,0,4,0,6,2,0,0,0,0,0,0,0,0,0,0,12,0,0,0,0,16,2,0,0,0,0,0,0,14,0,0,0,0,6,0,0,0,0,0,0,0,0,0,2,0,0,0,0,0,0,0,0,0,0,0,0,0,0,0,2
0,0,0,0,0,4,2,2,0,0,0,0,0,0,0,0,0,2,18,0,0,0,0,2,20,2,2,0,0,0,0,0,22,0,18,2,0,0,0,2,0,2,0,8,12,0,0,2,0,0,0,0,0,0,0,16,0,0,0,0,2,0,0,0,2,0,0,0,10,4,0,0,0,2,0,0,0,0,0,0,0,0,0,0,0,0,2,0,0,0,0,2,0,0,0,0,0,0,0,2
0,0,0,0,0,8,0,0,0,0,0,0,0,0,0,0,0,2,8,0,0,2,0,0,8,4,0,0,0,0,0,0,10,0,16,0,0,0,0,2,0,2,0,6,10,0,0,0,0,0,2,0,0,0,0,20,0,0,0,0,8,0,0,2,0,0,0,0,14,0,0,0,0,2,2,0,0,0,0,0,0,0,0,0,0,0,4,0,0,2,0,0,0,0,0,0,0,4,0,0
0,0,2,0,0,12,0,6,0,0,0,0,0,0,0,2,0,2,4,0,0,0,0,4,12,0,0,2,0,0,0,0,10,0,18,0,0,0,6,0,0,6,2,18,18,0,0,0,4,0,0,0,0,0,0,14,0,2,0,0,4,0,0,0,0,0,0,0,6,0,0,0,0,12,4,0,0,0,0,0,0,0,0,0,0,0,6,0,0,4,0,0,0,0,0,4,0,4,0,8
0,0,0,0,0,12,0,0,0,2,0,0,0,0,0,0,0,4,16,4,0,0,2,0,18,6,2,0,0,0,0,0,10,2,28,2,2,0,6,0,2,6,0,8,10,2,0,0,2,0,0,0,0,0,0,20,0,0,0,0,14,2,0,0,0,0,4,0,6,0,0,0,0,14,2,0,2,0,2,0,0,0,4,0,0,0,16,0,0,2,0,0,4,0,0,4,0,4,0,16
0,0,6,0,2,10,4,0,0,0,0,0,0,0,0,2,0,4,18,10,2,0,0,8,6,10,4,0,0,0,0,0,4,2,26,0,6,0,12,0,4,10,0,14,20,20,0,0,2,0,0,2,0,4,4,22,0,0,0,0,22,0,0,0,4,0,8,0,0,0,2,0,0,6,8,0,0,0,2,0,0,0,8,0,0,0,2,0,0,2,0,0,4,4,2,4,0,6,2,16
0,0,14,0,2,18,0,0,0,0,0,0,0,0,0,6,0,6,12,12,6,0,0,8,2,6,6,2,0,0,0,2,0,2,20,2,8,4,4,0,10,6,4,18,8,14,0,0,12,0,0,4,0,4,2,16,0,0,0,0,6,0,0,2,6,0,2,0,0,0,0,0,0,10,4,0,2,0,0,6,0,0,12,0,12,0,24,0,0,4,0,0,2,4,4,6,0,14,0,10
0,0,6,0,2,14,2,0,0,0,0,0,0,0,2,0,0,16,4,10,2,0,0,16,0,4,10,0,0,0,0,0,0,2,10,0,14,6,0,4,18,0,2,14,8,22,0,0,8,8,0,2,0,4,4,12,0,2,4,0,14,0,0,2,8,2,8,0,0,0,8,0,2,8,4,0,6,0,0,4,0,0,4,0,10,0,18,2,2,12,0,2,6,4,6,18,0,2,0,8
0,0,12,0,2,8,6,0,0,0,0,0,0,2,0,0,0,16,12,18,12,0,0,6,0,2,16,0,0,0,0,0,0,0,2,0,8,14,0,0,6,0,2,4,12,14,0,4,8,10,0,2,2,2,6,0,0,0,0,0,8,0,0,10,16,0,12,2,0,0,4,0,0,0,2,0,8,0,0,4,0,0,8,0,10,0,10,0,0,14,0,0,8,26,0,10,0,12,2,0
0,0,6,0,6,10,6,0,0,0,0,0,0,0,2,0,0,8,8,14,12,0,0,6,0,2,12,2,0,0,0,0,0,2,2,0,6,10,0,6,18,2,4,12,4,16,0,0,16,6,2,6,0,10,2,0,2,0,0,2,10,0,0,0,16,0,14,0,0,0,10,0,0,14,4,0,14,2,0,2,0,0,6,0,12,0,20,0,2,14,0,2,4,8,4,10,0,4,0,2
0,0,2,0,10,10,10,0,0,0,0,0,2,0,0,0,0,16,6,8,8,2,0,6,0,0,12,0,2,0,0,2,0,4,2,0,4,6,0,2,10,0,2,2,8,4,0,0,18,4,0,4,0,4,6,4,0,0,4,0,4,0,0,10,8,0,18,0,0,0,16,0,0,12,2,0,10,2,0,6,0,0,12,0,6,0,10,0,0,4,0,2,10,16,2,10,0,10,0,6
0,0,4,0,10,10,6,0,0,2,0,0,0,0,0,4,0,14,8,4,8,0,0,10,4,0,14,0,0,0,2,0,0,6,4,0,6,2,2,0,14,0,8,2,6,4,0,0,10,2,0,12,0,4,0,6,0,0,4,0,6,0,0,10,14,0,14,0,0,0,14,0,2,8,2,0,10,4,0,4,2,2,8,0,10,0,10,4,4,10,0,2,12,10,4,16,2,6,0,0
0,0,2,0,4,12,10,0,0,2,0,0,0,4,0,0,0,12,6,2,8,0,0,4,0,2,14,2,0,0,0,6,0,10,8,2,10,8,0,6,12,0,0,4,2,6,2,0,14,6,6,12,0,12,4,6,0,0,2,0,6,0,2,2,10,0,6,0,4,0,8,0,2,6,2,0,22,4,0,16,0,2,2,2,14,0,16,0,2,12,0,4,14,10,0,14,0,8,0,0
0,0,2,0,16,0,2,0,2,0,0,2,0,4,2,0,0,2,6,4,0,0,4,8,0,0,4,0,2,0,0,6,0,14,0,0,8,8,0,2,4,0,0,0,6,0,0,0,2,6,14,8,0,10,0,2,0,0,2,0,6,0,0,0,8,0,4,0,2,0,6,0,0,2,0,0,4,14,2,12,0,4,0,0,22,0,10,0,0,8,0,12,16,2,0,2,0,4,4,0
0,0,2,0,0,2,0,0,0,0,0,0,0,4,0,0,0,0,0,0,0,2,4,0,0,0,0,0,0,0,0,12,0,10,0,0,4,2,0,0,0,0,0,2,0,0,0,0,0,0,14,26,2,6,0,2,0,2,0,0,0,0,0,0,0,2,2,0,0,10,0,0,0,6,0,0,2,6,0,8,0,12,0,0,2,0,2,0,0,0,0,10,14,4,2,0,0,4,2,2
0,0,0,0,4,0,0,0,0,6,0,0,0,12,0,0,0,0,0,0,0,0,0,0,0,0,0,0,0,0,0,4,0,20,0,0,2,2,0,0,2,0,0,0,0,0,0,0,0,4,10,18,0,6,0,0,2,6,0,8,0,0,0,2,0,4,2,2,0,4,0,0,0,0,0,0,0,10,0,2,0,18,0,0,4,0,2,0,0,0,0,0,4,0,0,0,2,2,8,2
0,0,2,0,2,2,0,0,0,8,0,0,2,8,0,0,0,0,0,0,0,0,0,0,0,0,0,2,0,0,2,2,0,10,0,0,6,2,2,0,0,0,0,2,2,0,0,0,0,2,12,10,0,6,0,0,0,0,0,10,0,0,0,0,0,6,0,0,0,4,0,2,0,0,0,0,0,4,0,6,0,4,0,0,2,2,4,0,0,6,0,6,14,0,0,2,0,2,2,0
0,0,0,0,0,2,0,0,0,0,0,0,0,12,0,0,2,0,2,0,0,0,0,2,0,0,4,0,0,0,0,2,0,20,0,2,2,6,0,0,2,0,0,2,0,0,0,0,2,2,8,20,0,14,0,0,0,0,0,0,4,0,0,0,8,2,0,0,0,0,0,0,0,2,0,0,0,8,0,14,2,6,0,0,8,0,0,0,0,2,0,10,22,2,0,4,0,2,2,0
0,0,4,0,0,4,8,0,0,0,0,0,0,8,0,0,0,10,10,0,2,0,0,10,0,0,4,0,0,0,2,6,0,8,2,0,8,6,0,6,6,2,0,2,8,2,0,0,0,0,12,12,0,24,0,0,2,2,0,0,6,0,0,0,12,2,8,0,0,0,10,2,0,4,0,0,12,12,0,10,0,4,2,0,14,0,8,0,2,4,0,10,6,4,0,4,0,6,0,0
0,0,0,0,10,4,4,0,0,0,0,2,2,0,0,2,0,12,2,4,14,0,0,2,0,0,6,0,0,0,0,4,0,2,6,0,6,0,0,2,4,2,6,6,8,16,0,0,8,10,0,12,0,2,0,0,0,0,4,0,12,0,0,6,12,0,8,0,0,0,14,0,0,8,2,0,10,0,0,8,0,2,6,0,12,0,20,0,0,12,0,4,8,0,0,4,0,10,0,0
0,0,4,0,12,0,18,0,0,0,0,0,0,0,0,0,0,6,6,12,18,0,0,6,0,0,10,0,2,0,4,2,0,6,4,0,4,8,2,2,10,0,6,10,2,10,0,0,8,8,0,2,0,4,4,0,0,0,4,0,4,2,0,8,16,0,18,0,0,0,20,2,0,8,2,0,8,2,0,8,0,2,8,0,6,0,12,0,0,16,0,2,12,10,6,8,0,6,0,2
0,0,8,2,4,4,6,0,2,0,0,2,0,0,0,0,2,2,6,14,14,0,0,8,2,0,8,0,0,0,0,2,0,8,0,0,12,14,0,4,10,0,2,6,2,8,0,0,16,4,6,8,0,4,2,0,0,0,4,0,14,0,0,2,10,0,18,0,0,0,6,0,0,8,6,0,8,0,0,6,2,0,6,2,10,0,14,0,0,16,0,4,2,12,2,14,2,10,0,0
0,0,4,0,18,4,4,6,2,0,0,0,0,0,2,2,0,10,8,16,2,0,2,16,0,0,6,0,0,0,0,0,0,0,0,0,14,8,0,6,24,2,6,8,2,12,0,0,4,2,2,6,0,6,4,0,0,0,8,0,6,0,0,16,18,0,10,0,0,2,12,0,2,10,4,0,2,0,0,0,0,0,2,0,10,0,10,0,0,10,0,0,14,6,6,6,0,8,0,2
0,0,4,0,10,4,10,0,0,0,0,0,0,0,0,0,0,6,2,8,0,0,0,16,0,2,6,2,0,0,0,2,0,4,0,0,4,2,0,4,4,0,8,8,4,12,0,0,6,6,0,6,6,0,8,2,0,0,2,0,8,0,0,10,4,0,20,0,0,0,2,2,0,16,4,2,2,0,4,2,0,2,14,0,0,0,12,0,4,10,0,0,2,8,16,14,0,8,0,2
2,0,12,0,8,6,6,4,0,0,0,0,2,0,0,2,0,4,2,6,0,2,0,4,0,2,8,0,0,0,0,0,0,0,6,0,8,0,0,4,4,0,10,4,6,6,0,0,8,0,0,2,4,0,8,0,0,0,0,0,4,0,0,12,12,0,8,2,0,0,2,0,0,10,6,6,0,0,6,4,4,0,6,0,2,0,8,0,0,4,2,0,4,4,16,8,6,0,0,0
6,0,4,4,0,2,4,8,0,0,4,0,10,0,0,2,2,2,4,18,2,2,0,2,0,0,0,0,0,0,0,2,0,0,0,4,2,2,2,2,6,0,14,4,2,2,0,12,0,2,0,0,10,2,36,0,2,2,0,0,6,10,0,6,2,2,4,0,0,0,2,0,0,4,10,6,2,0,12,0,8,0,6,0,0,0,8,6,0,0,4,2,0,0,10,16,14,2,0,0
4,0,8,0,0,0,0,12,0,0,6,0,10,0,0,14,2,0,2,14,0,0,0,2,0,0,0,0,0,8,0,0,0,0,0,8,0,0,0,0,2,0,6,0,0,0,0,16,0,0,0,0,18,0,10,0,4,0,0,0,0,12,0,0,0,0,0,0,0,0,0,2,0,0,6,4,0,0,20,0,12,0,2,0,0,2,2,6,0,0,8,2,0,0,6,10,12,0,0,0
8,0,4,14,0,2,0,6,0,0,8,0,18,0,0,24,14,0,2,2,0,0,0,0,0,0,0,0,2,4,0,0,0,0,0,6,0,2,0,0,0,0,2,0,0,0,0,16,0,0,0,0,22,0,12,0,12,2,0,0,2,12,0,0,0,0,6,0,0,0,0,0,0,0,0,4,0,0,0,0,10,0,0,0,0,0,0,14,0,0,14,0,2,0,0,4,18,0,0,0
10,0,0,22,0,0,0,0,0,0,12,0,14,0,0,2,12,0,0,2,0,0,0,0,0,0,0,0,0,18,0,0,0,0,0,10,0,0,0,0,0,0,2,0,0,0,0,8,0,0,0,0,16,0,12,0,12,0,0,0,0,6,0,0,0,0,0,0,0,0,0,0,0,0,2,6,0,0,0,0,0,0,0,0,2,0,0,10,0,0,12,0,0,0,0,0,4,0,0,0
4,0,0,28,2,0,2,0,0,0,10,0,6,0,0,4,12,0,0,0,0,2,2,0,0,0,0,0,2,14,0,0,0,0,0,8,0,0,0,0,0,0,0,0,0,0,0,4,2,0,2,0,14,0,2,0,6,0,0,0,0,2,0,0,0,0,0,0,0,0,0,0,2,2,0,2,0,0,0,0,4,0,0,0,0,0,4,6,0,0,12,0,2,0,0,2,10,2,2,0
8,0,0,16,0,0,0,6,0,0,4,0,2,0,0,6,8,0,0,0,0,2,0,0,0,0,0,0,0,8,0,2,0,0,0,6,0,0,0,0,0,0,0,2,0,0,0,0,0,0,0,0,18,0,10,0,6,0,0,0,0,6,0,0,0,0,2,0,0,0,0,0,0,2,0,2,0,0,0,2,2,0,0,2,0,0,0,4,0,0,8,0,0,0,0,0,0,0,0,0
10,0,0,18,0,0,0,4,0,0,14,0,18,0,0,10,12,0,0,2,0,0,0,0,0,0,0,0,0,8,0,0,0,0,0,8,0,0,0,0,0,0,0,0,0,0,0,2,0,0,2,0,4,0,6,0,2,0,0,0,0,2,0,0,0,0,0,0,0,0,0,2,0,0,0,6,0,0,0,0,4,0,0,0,2,0,0,14,0,0,8,0,0,0,0,0,10,0,0,0
8,0,0,20,2,0,0,8,0,0,12,0,8,0,0,12,20,0,0,2,0,0,0,0,0,0,0,0,0,6,0,0,0,0,0,6,0,0,0,0,2,0,0,2,0,0,0,0,0,0,0,2,4,2,0,0,6,0,0,0,0,4,0,0,0,0,0,0,0,0,0,0,0,2,0,2,0,0,4,0,4,0,0,0,0,0,0,6,0,0,6,0,0,2,0,0,2,0,0,0
18,0,4,14,2,0,0,10,0,0,16,0,2,0,2,6,16,0,0,0,0,0,0,0,0,0,0,0,0,10,0,0,0,0,0,6,0,0,0,2,0,0,0,0,0,0,0,2,0,2,0,0,16,0,4,0,4,0,0,0,0,2,0,0,0,0,0,0,0,2,0,2,2,0,4,6,0,0,0,0,6,0,2,0,0,0,0,14,0,0,10,0,0,0,2,0,4,2,0,0
6,0,4,18,0,0,0,8,0,0,8,0,16,0,0,12,12,0,0,2,0,0,2,2,0,0,0,0,0,12,0,0,0,0,0,4,0,2,0,0,0,0,4,2,2,0,0,4,0,0,0,2,8,0,4,0,6,2,0,0,0,6,0,2,0,0,0,0,0,0,0,0,0,0,0,8,0,0,2,0,14,0,0,0,0,0,0,16,0,0,10,0,0,0,0,0,4,0,0,0
10,0,4,12,2,0,0,10,0,0,20,0,20,0,0,10,16,0,0,2,0,0,0,0,0,0,0,0,0,4,0,0,0,0,0,12,0,2,0,0,0,0,0,0,2,0,0,12,0,0,0,0,10,0,10,0,12,0,2,0,0,6,0,0,0,0,0,0,0,0,0,0,0,2,2,6,0,0,2,0,12,0,0,0,0,0,0,8,0,0,6,0,0,0,2,0,8,0,0,0
2,0,0,2,0,2,2,6,0,0,4,0,8,0,0,12,2,0,2,4,0,0,0,0,2,0,4,0,0,8,0,0,0,0,0,6,0,2,0,0,0,0,0,4,2,0,0,14,0,0,0,0,10,0,30,0,12,0,0,0,2,14,0,2,2,0,2,0,0,0,0,0,0,0,6,18,0,0,8,0,6,0,0,0,0,0,2,8,0,0,8,0,2,0,2,6,20,0,0,0
10,2,10,2,2,0,0,8,0,0,2,0,10,0,0,14,0,0,2,18,2,0,2,4,0,0,0,0,0,2,0,0,0,0,0,8,2,2,0,0,0,0,4,4,2,0,0,8,6,0,2,0,10,0,16,0,6,4,0,0,0,6,0,2,6,0,10,2,0,0,2,0,0,0,6,4,0,0,8,0,6,0,4,0,2,0,0,4,0,2,6,0,2,0,20,12,8,0,0,0
0,0,12,0,6,6,6,8,0,2,4,0,4,0,0,2,4,4,2,16,0,0,2,2,0,0,4,0,0,0,0,2,2,0,6,4,4,6,0,0,4,0,14,4,4,4,0,6,2,0,0,2,2,0,14,2,0,0,0,0,4,2,0,6,2,0,10,0,0,0,0,0,0,4,8,6,4,0,4,0,0,0,10,0,0,0,6,2,4,6,2,0,2,4,24,22,4,0,0,2
0,0,20,0,6,8,8,0,0,0,0,0,4,0,0,0,0,4,4,8,4,0,0,12,0,0,4,0,0,0,0,0,0,2,2,0,0,8,0,10,12,0,12,2,2,6,0,2,8,0,2,4,0,0,4,2,0,0,2,0,10,0,0,12,18,0,20,0,0,0,2,0,0,8,6,0,4,0,4,2,0,0,8,0,4,0,10,2,2,8,2,0,2,8,8,20,2,16,0,2
0,0,10,0,6,2,4,0,0,0,0,0,2,2,0,0,0,4,2,16,12,0,0,2,2,0,8,0,0,0,0,0,0,0,0,2,14,6,0,4,18,0,8,6,14,16,0,0,14,10,0,4,0,4,4,0,2,0,0,0,6,0,0,2,20,0,6,0,0,0,2,0,0,14,4,0,16,0,2,0,0,0,6,2,8,0,12,0,2,8,0,0,6,8,2,0,2,4,2,0
0,0,4,0,20,8,12,0,2,0,0,0,0,0,0,0,0,12,10,2,8,2,0,0,0,2,10,0,0,0,0,0,0,6,8,0,6,8,0,2,18,2,4,0,8,20,0,2,12,8,0,4,0,0,6,2,0,0,4,0,8,2,0,14,8,0,10,0,0,0,10,0,0,4,0,0,8,2,0,6,0,0,8,0,2,0,6,0,2,12,0,2,12,20,0,22,0,4,0,0
0,2,6,0,14,4,16,0,0,0,0,2,0,0,0,0,0,4,6,4,18,0,0,14,0,2,16,0,0,0,0,4,2,2,6,0,6,0,2,6,8,0,2,6,4,16,0,0,4,2,0,0,0,4,4,0,0,2,4,0,8,0,0,4,14,0,12,0,0,0,12,0,0,8,0,0,14,2,2,6,0,0,6,0,10,2,16,0,0,6,0,0,4,6,2,16,0,14,0,2
0,0,6,0,2,6,8,0,2,0,0,2,0,0,0,2,0,2,10,8,10,4,0,14,0,0,14,0,0,2,0,0,4,2,4,0,8,6,2,4,14,0,4,2,10,14,2,0,12,4,0,4,0,8,0,0,2,0,4,0,16,0,0,4,2,0,14,0,0,2,8,0,0,8,6,0,16,4,0,6,0,0,6,0,12,0,22,0,2,8,0,0,2,14,0,8,2,6,0,0
0,0,2,0,4,6,10,4,0,0,0,0,0,0,0,0,0,0,6,4,8,0,0,10,0,0,4,0,0,0,0,0,0,0,0,2,16,8,0,2,12,2,8,2,2,8,0,0,8,4,0,4,2,6,4,0,0,0,4,0,2,0,0,6,12,0,4,0,0,0,6,0,0,6,4,0,12,0,0,2,0,6,6,0,4,0,20,0,2,14,0,0,2,4,4,10,4,12,0,0
0,0,6,0,10,8,6,0,0,0,0,0,0,0,0,4,0,8,10,24,0,2,2,4,0,0,2,0,0,0,0,0,0,2,2,0,8,12,0,2,10,2,8,16,14,4,0,0,2,4,0,2,2,0,4,0,0,0,6,0,14,0,0,16,12,0,20,0,0,0,4,2,0,8,8,2,0,0,4,0,0,0,8,0,2,2,8,0,4,4,0,0,4,4,14,16,0,2,0,0
0,0,12,0,2,0,6,0,0,0,0,2,4,0,0,2,0,6,4,18,0,0,0,6,0,0,2,0,0,0,0,0,0,0,2,6,4,6,0,0,8,0,20,4,4,4,0,2,0,2,0,2,8,0,10,0,0,2,4,2,8,0,0,10,10,0,10,0,0,0,0,0,0,4,10,8,0,0,4,0,0,0,10,0,2,0,10,2,0,4,2,0,2,0,24,28,4,10,0,2
16,0,16,0,2,2,4,8,2,2,8,0,6,0,2,8,0,2,4,14,0,0,0,4,0,0,0,0,0,2,0,0,2,2,6,2,0,2,0,0,4,0,14,0,0,0,0,6,2,2,2,0,14,2,10,2,4,0,0,0,0,0,0,8,0,0,10,0,0,2,2,2,0,0,20,10,0,0,6,2,4,0,6,0,0,2,6,6,0,0,2,2,0,0,8,14,12,2,0,0
12,0,4,4,0,2,2,2,0,0,8,0,18,0,0,12,0,0,2,8,0,0,0,2,0,0,2,0,0,6,0,0,0,0,2,6,0,2,0,0,0,0,8,0,2,0,0,16,0,0,0,2,14,0,18,0,12,2,0,0,4,8,0,0,6,0,2,0,0,0,0,0,0,0,4,4,0,0,10,0,4,0,10,2,0,0,0,6,0,0,14,0,0,0,2,10,6,2,0,0
4,0,6,6,0,0,2,8,0,0,2,0,4,0,0,8,8,0,0,10,0,0,0,0,0,0,0,0,0,8,0,0,0,0,0,16,0,0,0,0,0,0,2,0,0,0,0,2,2,0,0,0,20,0,14,2,6,0,0,2,0,10,0,0,0,0,0,0,0,0,0,0,0,0,6,2,0,0,6,2,10,0,2,0,0,0,0,10,0,0,10,0,0,0,0,12,10,0,0,2
0,0,0,16,0,0,0,8,0,0,14,2,8,0,0,6,10,0,0,6,0,0,0,0,2,0,0,0,0,20,0,0,0,0,0,2,0,0,0,0,0,0,0,2,2,0,2,2,2,2,0,0,8,0,10,0,6,0,0,0,0,10,0,0,0,0,0,0,0,0,0,2,0,0,2,4,0,2,0,0,10,0,0,0,0,2,0,8,0,0,4,0,0,0,0,0,8,2,0,0
6,0,2,10,0,0,0,2,0,0,16,0,8,0,0,0,6,0,2,0,0,0,0,0,0,0,0,2,0,4,0,0,0,0,0,6,0,0,0,0,0,0,0,0,0,0,0,2,0,0,0,0,4,0,8,0,10,0,0,0,0,2,0,0,0,0,0,0,0,0,0,0,0,4,0,0,0,0,0,0,4,0,0,0,2,0,0,4,4,0,14,0,0,0,0,0,2,0,0,0
10,0,2,14,0,0,0,6,0,0,8,0,6,2,0,12,10,0,0,2,0,0,0,0,0,0,0,0,0,12,0,0,0,0,0,6,0,0,0,0,0,0,0,0,0,0,0,6,0,2,0,0,12,0,4,0,10,2,0,0,0,2,0,0,0,0,0,0,0,0,0,0,2,0,0,4,0,2,0,0,4,0,2,0,2,0,0,4,0,0,10,0,0,0,0,0,8,0,0,0
8,0,2,22,0,0,0,4,0,0,4,0,8,0,0,4,6,2,0,0,0,0,0,0,0,0,0,0,0,8,0,2,0,0,0,2,0,2,0,0,0,0,0,0,0,0,0,2,0,0,0,0,14,0,6,0,10,0,0,0,0,4,0,0,0,0,0,0,0,0,0,0,0,0,0,4,0,0,0,0,4,0,0,0,0,0,0,8,0,0,6,2,0,0,0,0,4,0,0,2
2,0,0,10,0,0,0,8,0,0,8,0,4,0,0,8,16,0,2,4,0,0,0,0,0,0,0,2,0,12,0,0,0,0,0,8,0,0,0,0,0,0,0,0,0,0,0,8,2,0,0,0,10,0,12,0,4,0,0,0,0,2,0,2,0,0,2,0,0,0,0,2,0,2,0,6,0,0,2,0,4,0,0,0,2,0,0,12,0,0,8,0,0,2,2,0,2,0,0,0
6,0,0,12,0,0,0,10,0,0,8,0,18,0,0,14,16,0,2,2,0,0,2,0,0,0,0,0,0,16,0,0,0,0,0,2,0,0,0,0,0,0,2,0,0,0,0,0,2,0,0,0,6,0,14,0,12,0,0,0,0,8,0,0,0,0,0,0,0,0,0,0,0,0,0,0,0,0,2,0,12,0,2,0,2,2,0,4,0,0,4,0,0,0,0,0,14,0,0,0
20,2,2,12,0,0,0,8,0,0,12,0,12,0,0,4,18,0,2,8,0,0,0,0,0,0,0,0,0,4,0,0,0,0,2,8,0,0,0,2,2,0,2,0,0,2,0,8,0,0,2,2,16,0,10,0,18,0,0,0,0,12,0,2,0,0,0,0,0,0,0,0,0,0,4,6,0,0,6,0,6,2,4,0,0,0,2,12,0,0,4,2,2,0,0,6,18,0,0,0
12,2,4,0,0,0,2,8,0,0,8,0,10,0,0,12,6,0,2,6,0,0,0,0,0,0,0,0,0,12,0,0,0,0,0,16,0,0,0,2,0,0,4,0,0,0,0,16,0,0,0,0,8,0,12,0,0,0,0,0,4,14,0,4,2,2,0,0,0,0,0,0,0,0,16,6,0,0,8,0,6,0,2,0,0,0,0,6,0,0,8,0,4,0,6,2,18,0,0,2
10,0,10,0,4,2,4,6,0,0,0,0,4,0,0,18,2,2,6,12,0,0,0,0,0,0,2,0,0,2,0,0,0,0,2,0,0,4,0,2,6,0,12,4,8,2,0,26,0,2,0,0,8,0,10,0,0,2,2,0,0,4,0,4,6,0,18,0,0,0,0,0,0,4,18,8,0,0,10,0,2,0,12,2,0,0,4,4,0,0,4,0,2,2,22,10,20,6,0,2
0,0,2,0,2,6,6,6,0,0,0,0,2,0,0,2,0,8,4,12,2,0,0,4,0,0,6,0,0,2,0,0,0,0,0,0,2,8,0,0,6,0,6,0,12,10,0,8,8,6,0,0,8,0,14,0,0,2,0,2,6,2,0,10,12,0,4,0,0,0,2,0,0,14,14,0,2,0,6,0,0,0,10,0,2,0,8,2,0,4,0,0,4,2,10,20,4,6,0,0
2,0,6,0,6,6,8,2,0,0,0,0,0,0,0,0,0,4,12,18,8,2,0,8,0,0,6,0,0,0,0,0,0,0,4,0,18,0,2,8,18,2,6,6,2,10,0,0,14,4,0,2,2,0,8,0,0,0,2,0,4,0,0,6,12,0,18,0,2,0,4,0,0,10,2,2,6,0,0,2,0,0,2,0,0,0,26,0,6,6,0,0,4,10,18,20,10,6,0,2
0,0,6,0,10,12,8,2,0,0,0,0,0,0,2,2,0,14,6,10,8,2,0,10,0,0,22,0,0,2,0,0,0,6,6,0,12,8,0,10,16,4,16,2,4,20,0,0,10,14,4,0,0,4,0,0,0,2,4,0,14,0,0,2,8,0,8,0,0,0,8,0,0,4,4,0,8,0,0,6,0,0,8,0,4,2,20,0,0,14,0,0,14,10,6,14,0,14,0,0
0,0,4,0,10,6,10,2,0,0,0,2,0,0,0,0,0,10,6,8,16,0,0,16,0,0,10,0,2,2,0,2,0,0,4,0,8,8,0,2,4,0,6,0,8,8,2,2,18,10,0,6,0,4,4,2,2,2,6,0,6,0,0,0,12,2,16,0,0,0,12,0,0,6,2,0,14,0,0,8,0,2,12,0,18,0,10,0,2,8,0,0,10,14,4,14,0,8,0,0
0,0,4,0,2,6,12,2,2,0,0,0,0,0,0,2,0,12,4,6,4,0,0,2,0,2,10,0,2,0,0,0,0,4,6,0,20,10,0,0,8,0,4,12,8,8,0,0,6,10,2,0,2,4,4,0,0,0,4,0,10,0,0,10,18,0,10,0,0,0,8,0,0,20,0,0,8,0,0,12,2,0,4,0,4,0,16,0,0,8,0,2,6,16,4,10,0,6,0,2
0,0,2,0,2,6,4,0,0,2,2,2,0,2,0,2,0,6,8,6,6,0,0,6,0,0,8,0,0,0,0,0,0,2,4,0,6,10,0,0,14,2,6,8,12,10,0,0,12,8,0,18,2,10,6,4,0,0,2,0,0,0,0,4,14,0,6,0,0,0,10,0,2,10,2,0,16,0,0,4,0,0,4,0,6,0,10,0,0,6,2,2,14,6,2,8,0,8,0,4
0,0,2,0,2,4,6,0,0,2,0,0,0,2,0,0,0,8,6,2,6,0,0,8,0,0,8,0,0,0,0,0,0,0,2,0,2,4,0,4,14,2,0,6,8,0,0,0,6,4,6,2,0,14,2,0,0,0,0,0,18,0,0,6,12,0,6,0,2,0,20,0,0,6,2,0,18,2,0,6,0,2,4,0,16,0,22,0,2,12,0,8,12,12,0,4,0,8,0,0
0,0,4,0,4,6,8,0,0,0,0,2,0,2,0,0,0,4,6,0,4,0,0,4,0,0,8,0,0,2,0,2,0,14,4,0,10,10,0,2,6,0,0,4,8,0,0,0,4,4,10,12,0,20,0,0,0,0,0,2,6,0,0,0,12,0,8,0,2,0,8,0,0,2,0,0,6,4,0,8,0,4,2,0,18,0,16,0,0,12,0,6,20,4,0,8,0,6,2,0
0,0,2,0,0,0,0,0,0,2,0,2,0,8,0,0,0,4,2,0,0,2,0,6,0,0,4,0,0,2,2,8,0,4,0,0,6,6,0,2,0,0,0,0,0,2,0,0,4,6,14,22,0,20,0,0,0,0,0,6,4,2,0,0,2,0,0,4,0,2,4,0,0,2,0,0,2,4,0,0,0,10,0,0,10,0,6,0,0,12,0,2,12,2,0,2,0,4,0,0
0,0,0,0,2,0,0,0,0,10,0,0,0,0,0,0,0,0,2,0,2,0,0,0,0,0,0,0,0,0,0,4,2,20,0,0,8,2,0,0,0,0,0,0,4,0,0,0,4,2,20,22,0,8,0,0,0,4,0,4,6,0,0,0,0,2,0,0,0,4,4,0,0,2,0,0,0,6,0,8,0,10,0,0,6,0,4,0,2,2,0,4,4,2,0,4,0,4,4,0
0,0,2,0,4,6,0,0,0,4,2,0,0,6,0,0,0,0,0,2,0,0,0,2,0,0,2,0,0,0,0,2,0,16,0,0,0,0,0,0,0,0,0,0,2,0,0,0,0,0,18,8,0,12,0,0,0,2,0,0,0,0,0,0,4,8,0,0,0,4,0,0,0,0,0,0,0,8,0,2,0,12,0,2,4,0,2,0,0,4,2,8,6,0,0,0,0,4,8,0
0,0,0,0,0,2,2,0,0,2,0,0,0,2,0,0,0,0,0,2,0,0,2,0,0,0,0,0,0,0,0,8,2,8,0,0,2,0,0,0,2,0,0,0,0,0,0,0,0,2,12,22,2,6,0,0,0,4,0,2,4,0,0,0,4,4,0,2,2,6,0,0,0,6,0,0,2,2,0,2,0,14,0,0,6,0,2,2,0,2,0,8,10,0,0,0,0,0,12,0
0,0,0,0,0,0,2,0,0,2,0,0,0,10,0,0,2,0,0,0,0,0,0,4,0,0,0,2,0,0,0,2,0,10,2,2,0,0,0,0,0,0,0,0,0,0,0,0,0,2,8,12,0,6,0,0,0,4,0,8,2,0,0,0,0,6,0,0,0,4,0,0,2,0,0,0,2,4,0,12,2,22,0,0,2,0,8,0,0,2,0,12,6,4,0,0,0,2,4,0
2,0,0,0,0,2,0,2,0,6,0,2,0,4,0,0,0,2,6,0,0,0,0,0,0,0,0,2,0,0,0,4,0,18,0,0,10,0,0,0,2,0,0,2,0,0,0,0,2,2,14,14,0,8,0,2,0,6,0,4,2,0,0,0,2,4,0,0,0,2,0,0,2,0,0,0,0,8,0,6,0,14,0,0,4,0,6,0,0,0,0,8,16,0,0,0,0,2,2,0
0,0,0,0,2,4,0,0,0,10,2,0,0,8,0,0,0,0,0,4,0,0,0,0,0,0,2,0,0,0,0,6,0,12,2,0,6,2,0,0,0,2,0,4,2,0,0,0,0,2,8,6,0,14,0,0,0,2,0,6,0,0,0,0,2,0,2,0,0,4,2,0,0,0,0,0,0,8,0,2,0,4,0,0,2,0,8,0,0,14,0,8,8,2,0,2,0,2,4,0
0,0,2,0,4,4,0,0,0,4,0,0,2,6,0,0,0,0,2,2,0,0,0,4,0,0,0,0,0,0,0,4,0,20,2,0,8,4,0,2,2,0,2,0,0,0,0,0,2,6,22,10,0,14,0,0,0,4,0,2,4,0,0,0,2,2,4,2,0,0,0,0,2,2,0,0,2,4,0,6,0,8,0,0,14,0,8,2,0,16,2,12,14,0,0,0,0,2,2,0
0,0,2,0,2,8,0,0,0,2,0,0,0,4,0,0,0,4,2,0,4,2,0,10,0,0,0,2,0,0,0,8,0,10,6,0,10,10,0,0,0,0,0,0,4,2,0,0,8,4,8,12,2,20,0,0,0,2,2,2,2,0,0,2,10,2,2,0,0,2,4,0,0,4,2,0,12,6,0,8,0,4,0,0,8,0,10,0,0,16,0,4,16,2,0,0,0,2,0,0
0,0,2,0,8,8,6,0,0,0,0,0,2,2,0,0,0,8,8,8,6,0,0,4,0,0,8,0,0,0,0,2,0,8,10,0,12,6,0,0,10,0,0,4,2,12,0,0,10,4,2,8,0,8,0,0,0,2,2,0,10,0,0,0,2,0,6,0,0,0,18,0,0,8,2,0,10,2,0,10,0,2,2,0,18,0,8,0,4,20,0,2,14,16,0,0,0,10,0,0
0,0,2,0,18,8,0,0,0,0,0,0,0,0,0,0,0,16,8,10,10,0,0,8,2,2,6,0,2,0,0,0,0,10,4,0,14,8,0,4,12,0,2,6,8,12,0,0,16,6,2,4,0,4,0,6,0,0,0,0,12,0,0,4,10,0,14,2,0,0,10,0,0,18,2,0,6,0,0,6,0,2,0,0,4,0,22,0,2,16,0,0,8,18,2,10,2,10,0,4
0,0,0,0,4,4,2,0,2,0,0,0,0,0,0,0,0,16,8,8,8,0,0,4,0,0,18,0,0,0,0,2,2,4,2,0,18,8,2,2,18,2,6,8,6,14,0,0,12,8,0,6,2,4,2,0,0,0,4,0,8,0,0,4,12,0,14,0,0,0,6,0,0,10,0,0,2,0,0,2,0,0,4,0,6,2,22,0,0,6,0,0,8,6,2,10,0,8,0,0
0,2,8,0,4,6,6,2,0,0,2,0,0,0,0,2,0,10,10,8,10,0,0,2,0,0,12,0,4,2,2,0,0,4,6,0,14,8,0,4,14,2,2,12,10,18,0,0,8,4,0,10,4,4,6,4,0,0,8,0,12,0,0,6,22,0,16,0,0,2,4,0,2,10,8,0,8,0,0,2,2,0,4,0,14,2,14,0,0,14,0,0,8,16,0,4,2,18,0,0
0,0,0,0,10,10,12,0,0,0,0,0,0,0,2,0,0,20,14,8,10,0,2,12,0,0,14,0,0,2,0,2,0,4,0,0,6,10,0,6,6,0,4,4,6,8,0,0,10,6,2,12,2,6,4,2,0,0,0,0,4,2,0,2,14,0,6,2,0,0,10,0,2,20,6,0,0,0,0,4,0,0,8,2,8,0,18,0,0,14,2,0,12,12,8,16,0,4,2,2
0,0,6,0,8,6,14,2,0,0,0,0,0,2,0,0,0,16,2,8,8,0,0,8,0,0,2,0,0,0,0,0,0,4,2,0,18,2,0,4,18,2,0,0,8,4,0,0,8,6,0,4,2,2,0,2,2,0,2,0,8,0,0,2,10,0,18,0,0,0,16,2,0,4,0,0,12,0,0,12,0,0,4,0,2,0,16,0,0,2,0,6,6,2,0,10,0,16,0,2
0,0,2,0,4,0,2,0,0,0,0,0,0,8,0,0,0,2,2,4,10,0,0,14,0,0,6,0,0,0,0,4,0,6,2,0,6,8,0,4,10,0,0,2,16,4,0,0,12,4,10,10,0,20,0,0,2,0,2,0,4,0,0,0,10,0,10,0,0,0,18,0,0,4,2,0,10,4,0,14,0,2,4,0,16,2,6,0,0,14,0,6,10,14,0,8,0,10,2,2
0,0,0,0,2,2,0,2,0,0,2,0,0,4,0,0,0,6,6,0,6,0,0,2,0,0,8,0,0,0,0,8,0,8,2,0,10,0,0,2,8,0,0,2,4,0,0,0,0,4,12,14,0,24,0,0,0,0,0,2,2,0,0,0,6,0,2,0,0,0,4,0,2,2,0,0,6,20,0,4,0,10,2,0,10,0,6,0,0,12,0,4,10,10,0,0,0,12,2,0
0,0,2,2,0,0,2,0,0,4,2,0,0,4,0,0,2,2,2,0,0,0,0,0,0,0,0,0,0,2,0,4,0,22,0,0,6,4,0,0,2,0,0,0,0,2,0,0,2,0,18,10,2,12,0,0,0,4,0,4,4,0,0,0,2,8,2,0,0,4,2,2,0,2,0,0,0,8,0,4,2,20,0,0,4,0,0,0,0,2,0,4,2,0,0,0,0,4,2,0
0,0,2,0,0,0,0,0,0,8,0,2,0,14,0,0,0,2,0,0,0,2,0,0,0,0,2,0,0,0,0,4,0,10,0,0,0,0,0,2,0,0,0,0,2,2,0,0,0,6,4,22,0,4,0,0,0,8,0,14,0,0,0,2,2,8,0,2,0,2,0,0,0,0,0,0,2,2,0,0,0,8,0,0,0,0,0,0,0,0,0,2,12,2,0,0,0,2,2,0
0,0,0,0,0,0,0,0,0,14,0,0,0,0,0,0,0,0,0,2,0,0,0,0,2,0,0,0,0,0,0,0,0,6,2,0,0,0,0,2,0,0,0,0,0,0,0,0,0,0,6,2,0,0,0,0,0,18,0,10,0,0,0,0,0,12,0,0,0,18,2,0,0,0,0,2,0,0,0,0,0,4,0,0,0,0,0,0,0,0,0,4,0,0,0,0,0,0,10,0
0,0,0,0,0,0,2,0,0,6,0,0,0,0,0,0,0,0,0,2,0,0,0,0,0,0,2,0,2,0,0,0,0,8,0,0,0,0,0,0,0,0,0,0,0,0,0,2,0,0,4,6,2,2,0,0,0,10,0,12,0,0,0,0,0,6,0,0,0,12,0,0,0,0,0,0,0,0,0,0,0,4,0,0,0,0,0,0,0,2,0,0,2,0,0,0,0,0,8,0
0,0,0,0,0,2,0,0,0,12,0,0,0,0,0,0,0,0,0,0,0,0,0,0,0,0,2,0,0,0,0,2,0,8,0,0,2,0,0,0,0,0,2,0,0,0,0,0,0,0,0,4,0,0,0,0,0,12,0,4,0,0,0,0,0,24,0,0,2,16,0,0,0,0,0,0,0,0,0,2,0,2,0,0,0,0,0,0,0,0,0,0,0,0,0,0,0,0,6,0
0,0,0,0,0,0,0,2,0,14,0,0,0,0,2,0,0,0,0,0,0,0,0,0,0,0,0,0,0,0,0,0,0,10,0,2,2,0,0,0,0,0,0,0,0,0,0,0,0,0,0,2,0,0,4,0,0,12,0,4,0,0,0,0,0,10,0,0,0,16,0,0,0,0,0,0,0,0,0,0,0,4,0,0,0,0,0,0,0,0,0,0,0,0,0,0,0,0,6,0
0,0,0,0,0,0,0,0,0,12,2,0,0,0,0,0,2,0,0,2,0,0,0,0,0,0,0,0,0,0,0,2,0,2,0,0,0,0,0,0,0,0,0,2,0,0,0,0,0,0,0,6,0,0,0,0,0,10,0,2,0,0,0,0,0,8,0,0,0,16,0,0,0,0,0,0,0,0,0,0,0,4,0,0,0,0,0,0,0,0,0,0,0,2,0,0,0,0,12,0
0,0,2,0,0,0,0,0,0,20,0,0,0,0,0,0,0,0,4,0,0,0,0,0,0,0,2,0,0,0,0,0,0,6,0,0,0,0,0,0,0,0,0,0,0,0,0,0,0,0,0,2,0,0,0,0,0,22,0,4,0,0,0,0,0,10,0,2,0,4,0,0,0,0,0,0,0,0,0,0,0,2,0,2,0,0,0,0,0,0,0,0,0,0,0,0,0,0,6,0
0,0,0,0,0,0,2,0,0,28,0,0,0,0,0,0,0,0,0,0,0,0,0,0,0,0,0,0,0,0,2,0,0,2,2,2,0,0,0,0,0,0,2,0,0,0,0,2,0,0,0,2,0,0,0,0,0,20,0,4,0,0,0,0,0,12,0,0,0,20,0,0,0,0,0,0,0,0,0,0,0,4,0,2,0,0,2,0,0,2,0,0,0,2,0,0,0,2,6,2
0,0,0,0,0,2,0,0,0,18,0,0,2,0,0,0,0,0,0,0,0,0,0,0,0,0,0,0,0,0,0,0,0,14,2,0,0,0,0,0,2,0,0,0,0,0,0,0,0,2,0,2,0,0,0,2,0,26,0,4,2,0,0,0,0,8,0,0,0,20,0,0,0,0,0,0,0,0,0,0,0,2,0,0,0,0,0,0,0,0,0,0,2,0,0,0,0,2,6,0
0,0,0,0,0,0,0,0,0,20,0,0,0,0,0,0,0,0,0,0,0,0,0,0,0,0,0,0,0,0,0,0,0,4,0,0,0,0,0,0,0,0,2,2,0,0,0,0,0,0,0,2,0,0,0,0,2,8,0,6,0,0,0,0,0,18,0,0,2,24,0,0,2,0,0,0,0,2,0,0,2,6,0,0,2,0,0,0,0,0,0,0,4,0,0,0,0,0,2,0
0,0,0,0,0,0,0,0,0,16,0,0,0,2,0,0,0,0,0,0,0,0,0,0,0,0,0,0,0,2,0,0,0,2,0,0,0,2,0,0,0,0,0,0,2,0,0,0,0,0,2,8,2,0,0,4,0,10,0,10,0,0,0,0,0,6,2,0,0,26,0,0,0,0,0,0,0,0,0,0,0,8,0,0,0,0,2,0,0,2,0,4,0,0,0,0,0,0,6,0
0,0,0,0,0,0,0,0,0,4,0,2,0,4,2,0,0,0,2,0,0,0,0,0,0,0,0,0,0,0,0,2,0,14,0,0,0,2,0,0,0,0,0,0,0,0,0,0,4,0,6,4,0,2,0,0,0,0,0,10,0,0,0,0,0,4,0,0,0,4,0,0,0,2,0,0,0,2,0,2,0,4,0,0,0,2,0,0,0,0,0,4,4,0,0,0,0,0,4,2
0,0,0,4,0,0,0,0,0,2,0,0,0,2,0,0,0,0,0,2,2,0,0,4,0,0,0,2,0,0,0,6,0,6,0,0,2,2,0,0,0,0,0,0,0,0,0,0,0,0,4,10,6,2,2,0,0,2,0,6,2,0,0,0,0,2,0,0,0,6,2,0,0,2,0,0,0,10,2,4,0,8,0,2,4,0,4,0,0,4,0,16,10,0,0,0,0,0,4,0
0,0,0,0,2,4,4,0,0,0,0,0,2,4,0,0,0,0,6,0,2,0,0,0,0,0,4,2,2,0,0,4,0,24,4,0,8,10,0,0,4,0,0,0,8,0,0,0,2,0,18,10,0,10,2,0,0,0,2,4,6,0,2,0,4,0,0,0,0,4,0,0,0,0,0,0,0,12,0,6,0,6,0,0,10,0,10,0,2,2,0,10,10,4,0,0,0,6,2,0
2,0,2,0,4,4,0,0,0,2,0,0,2,8,0,0,0,2,0,0,6,0,0,2,0,0,4,0,0,0,0,6,2,14,6,0,12,0,0,4,8,0,2,0,2,0,0,0,4,4,28,10,0,16,0,2,0,0,2,4,4,0,0,2,12,0,0,0,0,0,18,0,2,2,0,0,8,6,0,8,0,2,0,0,12,0,10,0,2,6,0,8,12,10,0,2,0,6,0,0
0,0,0,0,8,4,8,0,0,0,0,0,0,4,0,0,0,8,14,4,6,0,0,10,0,0,4,0,4,0,0,8,0,14,2,0,12,2,0,2,8,0,0,2,6,4,0,0,2,10,14,22,0,10,0,2,0,0,2,0,6,0,0,4,20,0,6,0,0,0,20,0,0,2,0,0,18,4,0,10,0,2,2,0,12,0,14,0,6,10,0,4,10,14,4,12,0,16,0,2
0,0,4,0,14,2,6,0,0,0,0,0,0,0,0,0,0,14,8,4,12,0,0,6,0,0,14,0,0,0,0,0,0,6,4,0,8,4,0,4,14,2,2,4,0,16,0,0,8,10,0,16,0,2,2,4,0,2,4,2,6,0,0,12,14,0,8,0,0,0,14,0,4,12,0,0,20,4,0,6,0,0,10,0,4,0,14,0,0,18,0,0,6,10,2,12,0,8,0,2
0,0,6,0,0,4,4,4,0,0,0,0,0,2,0,0,0,10,8,16,8,0,0,8,0,0,18,0,0,0,0,0,2,2,2,0,12,12,0,0,16,0,6,6,8,8,0,0,8,2,2,2,2,4,0,2,0,0,2,0,0,0,0,2,10,0,8,0,0,0,6,2,0,10,4,0,14,4,0,4,0,0,4,0,14,0,16,0,2,20,0,2,8,10,10,10,0,6,0,0
0,0,2,0,4,8,6,0,0,0,0,0,0,4,2,0,2,10,2,8,8,0,2,14,0,0,6,2,0,0,0,0,0,2,0,0,12,8,0,2,14,0,4,2,6,8,0,0,4,6,0,8,0,4,4,2,0,2,4,0,4,0,0,2,8,2,4,4,0,0,10,0,2,8,4,0,4,0,0,2,0,0,8,0,4,0,16,0,2,6,2,4,10,14,12,18,2,14,0,0
0,0,4,0,4,2,8,2,0,2,0,0,0,0,0,0,0,8,8,6,10,0,0,6,0,0,14,2,0,0,0,0,0,6,2,0,20,6,0,8,16,2,6,6,12,4,2,0,4,6,2,10,0,2,2,2,0,0,4,0,2,0,0,4,10,0,8,0,0,0,6,0,0,8,4,2,12,0,0,4,0,0,8,0,8,0,22,0,0,12,0,4,12,12,6,10,0,10,0,0
0,0,4,0,8,10,8,0,0,0,0,0,0,0,0,2,2,6,6,6,10,0,0,8,4,0,4,0,0,2,0,0,0,2,2,0,6,6,2,8,16,2,4,6,8,8,0,0,8,10,0,0,0,6,0,0,0,0,2,2,6,0,0,4,16,0,2,0,0,0,8,0,0,4,6,0,16,0,2,4,0,2,10,2,6,0,14,0,0,10,0,0,8,4,2,8,0,18,0,0
0,0,4,0,10,4,2,0,0,0,0,0,2,0,0,0,0,12,10,6,8,0,0,6,0,0,12,0,0,0,0,0,0,2,8,0,18,10,0,2,20,0,10,4,8,6,2,2,2,2,0,4,2,4,2,0,0,0,2,0,6,0,0,2,10,0,12,0,2,0,12,0,2,6,4,0,10,0,2,10,0,0,6,0,6,0,14,0,2,8,0,2,2,6,6,12,0,6,0,0
0,0,10,0,8,12,6,0,0,2,2,0,0,0,0,2,0,6,6,8,4,0,0,14,0,0,12,0,0,0,0,0,0,0,4,0,8,4,0,2,10,0,16,4,2,12,2,2,4,2,0,4,2,0,6,2,0,0,10,0,6,0,0,14,10,0,16,0,0,0,8,0,2,4,8,0,0,0,2,10,0,0,0,0,2,0,6,0,2,4,0,2,6,8,14,14,4,10,0,2
0,0,8,2,2,4,4,4,0,0,2,0,0,0,2,2,2,0,4,14,0,0,0,8,0,2,8,2,0,2,0,0,0,0,2,2,2,2,0,0,8,0,22,6,10,6,0,12,8,10,0,4,4,2,8,0,0,0,2,0,8,0,0,16,6,0,12,0,0,0,0,0,0,6,12,0,0,0,8,2,6,0,8,0,0,0,8,0,2,4,2,2,0,6,20,10,4,0,0,0
8,0,10,0,0,0,4,10,0,0,6,0,0,0,2,6,0,0,4,8,0,0,0,2,0,0,2,0,0,2,0,0,0,0,2,14,0,10,0,2,4,0,12,0,2,0,0,8,2,0,0,0,12,0,20,0,2,0,0,0,2,6,0,10,6,0,10,0,0,0,0,0,4,4,20,10,0,0,12,2,6,2,6,0,0,0,0,2,0,0,2,0,2,0,20,12,12,2,0,2
8,0,8,0,2,0,4,8,0,0,4,0,14,2,0,2,8,0,2,8,0,0,2,2,0,0,0,0,0,10,0,0,0,0,2,24,0,4,0,2,0,0,10,0,0,0,0,18,0,0,0,0,22,0,10,2,4,0,0,0,2,18,0,0,6,2,6,0,2,0,0,2,0,0,10,4,0,0,12,0,10,0,6,0,2,0,2,8,0,0,2,0,0,0,8,2,16,2,0,0
4,0,8,8,0,0,0,6,0,0,8,0,28,0,0,18,6,0,0,8,2,0,0,2,0,0,2,0,0,4,2,0,0,0,2,10,2,4,0,0,2,0,0,0,0,0,0,18,0,0,0,0,8,0,24,0,6,0,0,0,0,14,2,0,2,0,4,0,0,0,0,0,0,0,4,10,0,0,12,0,8,0,0,0,0,0,0,12,0,0,8,0,0,0,4,2,18,0,0,0
4,0,6,24,0,0,0,8,0,0,8,0,10,0,0,24,8,0,4,4,0,0,0,2,2,0,2,0,0,8,2,0,0,0,0,8,0,0,0,0,0,0,2,0,2,0,0,8,2,0,2,0,16,0,14,0,8,0,0,0,0,8,0,2,0,0,4,0,2,0,0,0,0,0,4,12,0,0,8,0,4,0,0,0,0,0,0,14,0,0,12,0,0,0,4,4,6,0,0,2
6,0,2,10,0,2,4,10,0,2,16,0,18,0,0,26,8,0,2,12,0,0,0,0,0,0,0,0,0,4,0,0,0,0,0,10,0,0,0,2,2,0,0,0,2,0,0,18,0,0,0,2,12,0,14,0,20,0,0,0,0,6,0,2,0,0,2,0,0,0,2,0,0,0,0,6,0,0,2,0,24,0,0,0,2,0,0,10,2,0,4,0,0,0,4,6,14,0,0,0
6,0,4,4,0,0,4,6,0,0,14,0,6,0,0,24,12,2,0,6,0,0,0,0,2,0,0,0,0,12,0,0,2,0,0,4,0,4,0,0,0,0,2,0,0,0,0,8,0,0,0,0,18,0,12,0,8,0,0,2,0,6,0,2,0,0,2,0,0,0,0,0,2,0,4,4,0,0,4,0,10,0,4,0,0,0,0,2,0,0,8,0,0,0,2,4,6,2,0,0
4,0,2,6,0,0,0,2,0,0,20,0,12,0,0,22,6,0,0,6,0,0,0,0,0,0,2,0,0,12,0,0,0,0,0,12,0,2,0,2,0,0,4,0,0,0,0,14,0,0,0,0,12,0,14,0,6,0,0,0,0,14,0,0,0,0,4,0,0,0,0,0,0,2,2,6,0,0,4,0,14,0,4,0,0,0,0,10,0,0,10,0,0,0,0,4,14,0,0,0
8,0,4,8,0,2,0,4,0,0,8,0,18,0,0,8,6,0,0,0,0,0,0,0,0,0,0,0,0,4,2,0,0,0,0,16,0,0,0,0,0,0,4,0,2,2,0,12,0,0,2,0,18,2,20,0,18,0,0,0,2,14,0,0,0,0,2,0,2,0,0,0,0,0,2,12,0,0,10,0,12,0,0,0,0,0,2,2,0,0,10,0,0,0,2,0,14,0,0,0
4,0,8,12,2,0,0,16,2,0,6,0,14,0,0,12,10,0,2,18,0,0,0,2,2,0,0,0,0,8,0,0,0,0,0,14,0,0,0,0,0,0,0,0,0,0,0,12,2,0,0,0,12,0,10,0,2,0,0,0,0,10,0,0,0,0,2,2,0,2,2,0,0,0,12,4,0,0,8,0,10,0,0,0,0,0,0,6,0,0,6,0,0,0,6,4,20,4,0,0
4,0,2,8,2,0,2,10,0,0,0,0,10,0,0,12,6,0,0,8,0,0,0,0,0,0,2,0,0,4,0,0,2,0,0,8,0,0,0,0,4,0,6,0,2,0,0,18,2,0,2,0,16,0,10,0,6,0,0,0,0,8,0,2,2,0,2,0,0,0,0,0,0,2,16,18,0,0,26,0,10,0,0,0,0,0,0,2,0,0,2,2,0,0,10,8,16,0,2,0
6,0,8,2,0,0,2,6,0,0,4,0,8,0,0,12,0,0,2,12,0,0,0,2,0,0,8,0,0,0,0,0,0,0,2,4,0,4,0,0,2,0,4,10,6,0,0,2,0,0,0,0,14,0,12,0,0,0,0,0,0,4,0,2,8,0,8,0,0,0,2,0,2,2,14,4,0,0,18,0,6,0,16,0,0,0,4,2,0,2,0,0,2,2,18,16,6,2,0,0
2,0,10,0,2,8,8,2,0,0,2,0,4,0,0,2,0,4,6,4,2,0,0,6,2,0,8,0,0,0,0,0,0,2,4,0,4,4,0,2,10,0,14,2,4,0,0,8,4,6,0,0,10,0,6,2,0,0,0,0,6,0,0,4,6,0,6,0,0,0,2,0,0,6,18,2,0,0,8,0,0,0,8,0,0,0,12,6,0,0,0,2,0,4,6,24,8,2,0,0
2,2,16,0,6,8,12,2,0,0,0,2,0,0,0,0,0,14,6,14,4,0,0,6,0,0,6,0,0,0,0,0,0,2,2,0,0,8,0,2,12,0,16,6,6,12,2,0,8,10,0,6,2,2,6,0,0,0,4,0,8,0,0,6,6,2,12,0,2,0,0,0,0,8,10,0,4,0,2,4,0,0,8,0,6,0,8,0,0,6,0,0,2,10,4,20,2,10,0,2
0,0,4,0,0,12,6,0,0,0,2,0,0,2,0,0,0,14,8,10,10,0,0,8,0,2,10,0,0,0,0,0,0,8,4,0,4,10,0,2,6,0,4,0,8,12,0,0,12,4,0,4,0,2,4,4,0,0,2,0,2,0,0,12,12,0,20,0,0,0,8,0,0,8,8,0,8,2,0,6,2,0,8,0,14,4,16,0,0,10,0,2,8,6,2,14,2,6,0,2
0,0,8,0,14,8,4,0,0,0,0,0,0,0,0,0,0,8,8,6,8,0,0,8,0,2,14,0,0,0,0,0,0,4,4,0,4,10,0,8,6,2,6,12,6,12,0,0,12,6,2,2,2,6,2,2,0,0,2,0,4,0,0,10,8,0,10,0,2,0,12,0,0,10,2,0,14,2,2,4,2,0,4,0,8,0,24,0,2,12,0,0,12,6,2,10,0,12,0,2
0,0,2,0,12,10,8,0,0,0,2,0,0,0,0,0,0,10,6,6,14,0,0,12,0,4,6,0,0,0,0,2,0,6,8,2,8,12,0,4,14,0,6,4,10,16,2,0,18,10,0,8,0,8,2,2,2,0,2,0,6,0,0,4,6,0,22,0,2,0,6,0,0,4,2,0,8,0,0,8,0,0,4,2,4,0,12,0,2,6,0,2,4,16,4,10,0,4,0,0
0,0,12,0,4,2,4,0,0,0,0,0,0,2,0,0,0,14,0,10,12,0,0,6,0,2,12,0,0,0,0,2,0,4,6,0,6,16,0,8,12,0,2,4,4,4,0,0,12,10,4,8,0,0,0,0,0,0,4,0,6,0,0,4,20,0,10,0,0,0,6,0,0,8,4,0,4,2,0,4,2,0,10,2,12,0,28,0,2,16,0,4,18,12,4,20,4,10,2,0
0,0,4,0,2,4,10,0,0,0,0,0,2,2,0,0,4,8,6,14,12,0,0,10,0,0,6,0,0,0,0,0,0,2,4,0,10,8,0,2,18,0,6,2,4,12,0,0,4,10,0,8,0,4,8,4,0,0,4,0,6,2,0,6,6,0,4,0,0,0,14,0,0,10,2,2,6,2,0,12,0,0,14,0,14,0,6,0,0,14,2,0,10,10,4,12,0,8,0,2
0,0,4,0,6,4,10,0,0,0,0,0,0,0,0,2,0,8,8,8,6,0,0,2,2,0,4,0,0,0,4,0,0,4,10,0,18,4,0,2,8,0,4,0,10,8,2,0,14,6,2,4,0,6,0,0,0,0,2,0,4,0,0,0,6,0,6,0,0,0,8,0,0,12,0,0,16,0,0,6,0,0,10,0,10,0,16,0,2,14,0,2,12,14,0,10,0,10,0,4
0,0,2,0,8,4,2,0,0,2,0,0,0,2,2,0,0,14,4,0,10,0,2,0,0,4,6,2,0,0,0,4,0,4,0,0,16,6,0,6,10,0,0,6,8,4,0,0,10,10,4,6,0,16,0,2,0,0,0,0,4,0,0,4,10,0,4,0,0,0,10,0,0,8,0,0,14,4,0,6,0,2,4,0,14,0,10,0,0,12,0,6,6,4,2,10,2,10,0,0
0,0,0,0,0,2,0,0,2,2,0,0,0,8,0,0,0,2,4,2,0,0,0,0,0,0,0,0,0,0,0,12,0,10,2,0,6,6,0,2,4,0,0,4,6,2,0,0,10,0,16,12,0,22,0,0,0,0,0,2,6,0,0,0,4,2,2,0,0,0,12,0,0,6,0,0,10,6,0,10,0,4,2,0,18,0,14,0,0,4,0,12,12,4,0,2,0,4,2,0
0,0,0,0,0,0,4,0,0,4,0,0,0,2,0,0,2,2,2,0,0,0,0,2,0,0,2,0,0,0,0,6,0,32,2,0,4,2,0,2,2,0,0,0,0,0,2,0,0,0,8,12,2,10,0,0,2,4,0,6,6,0,0,0,0,4,0,0,0,2,0,0,0,0,0,0,2,4,0,6,0,20,0,0,8,0,4,0,2,6,2,2,10,2,0,0,0,0,4,0
0,0,0,0,2,0,0,0,0,16,0,0,0,2,2,0,0,0,0,0,0,0,0,0,0,0,0,0,0,0,0,0,0,8,2,0,4,0,0,0,0,0,0,0,0,0,0,2,0,2,2,12,0,0,0,0,0,6,0,4,4,0,0,0,0,10,2,0,0,10,0,0,0,0,0,2,0,6,0,0,0,12,0,0,8,0,0,0,0,0,0,10,4,0,0,0,0,0,12,0
0,0,0,0,0,2,0,0,2,12,0,0,0,0,0,0,0,0,0,0,0,0,0,0,0,2,0,0,0,0,0,2,0,2,0,0,0,0,0,0,0,0,0,0,0,0,0,0,2,0,2,12,0,4,0,2,0,10,0,6,0,0,0,0,0,10,0,0,0,6,0,0,0,0,0,0,0,2,0,2,0,2,0,0,0,2,0,0,0,0,0,2,4,0,0,0,0,0,10,0
0,0,0,0,0,0,0,0,0,14,2,0,0,0,2,0,0,0,0,0,0,0,0,0,0,0,0,0,0,0,0,0,0,2,2,2,0,0,2,0,0,0,0,0,0,0,0,0,0,0,2,2,0,0,0,2,2,14,0,4,2,0,0,0,0,28,0,0,0,14,0,0,0,0,0,0,0,0,2,0,0,4,0,0,0,0,2,0,0,0,0,2,0,0,0,2,0,0,8,2
0,0,2,0,0,0,0,0,0,20,0,0,0,2,0,0,0,0,0,0,0,2,0,0,0,0,2,0,0,0,0,0,0,6,0,0,0,0,0,0,0,0,0,0,0,0,0,0,2,0,0,6,0,0,0,0,0,10,0,8,2,0,0,0,0,2,0,2,0,18,0,0,0,0,0,0,0,2,0,0,0,14,0,0,0,0,0,0,0,0,0,0,2,0,0,0,0,0,12,0
0,0,0,0,0,2,0,0,0,22,0,0,0,0,0,0,0,0,0,0,0,0,0,2,0,0,0,0,0,0,0,0,0,4,0,2,0,0,0,2,0,0,0,0,0,0,0,0,0,2,0,8,2,2,0,0,0,12,0,4,0,0,0,0,0,8,0,0,0,12,0,0,0,2,0,0,0,0,0,0,0,6,0,0,0,0,2,0,0,0,0,0,2,0,0,0,0,0,14,0
0,0,0,0,2,2,0,0,0,18,0,0,0,2,0,0,0,0,2,0,0,0,0,0,0,0,0,0,0,0,0,0,0,8,0,0,0,0,0,0,0,0,0,0,0,0,0,0,0,0,2,6,0,0,0,2,0,8,0,4,0,0,0,0,0,16,0,0,0,30,0,2,0,2,0,0,0,2,0,0,0,10,0,0,0,0,0,0,0,0,0,4,4,0,0,0,0,2,4,0
0,0,2,0,0,0,0,0,0,8,0,0,0,0,0,0,0,0,0,0,0,0,2,0,0,0,0,2,0,0,0,0,0,4,0,0,4,0,0,2,0,0,0,0,0,0,0,0,0,0,0,8,0,2,0,0,0,22,0,10,0,0,0,0,0,10,0,0,0,20,0,0,0,0,0,0,0,0,0,0,2,4,0,0,0,0,0,0,2,2,0,0,4,0,0,2,0,0,6,0
2,0,0,0,0,0,0,0,0,16,0,0,0,0,0,0,0,0,0,0,0,0,0,0,0,0,0,0,0,0,0,0,0,2,0,0,0,0,0,0,0,0,0,0,0,0,0,0,0,0,2,0,0,0,0,0,0,24,0,2,2,2,0,0,0,10,0,0,0,10,0,0,0,0,0,0,0,0,0,0,0,4,0,0,0,0,0,0,0,0,0,4,2,0,0,0,0,0,12,0
0,0,0,0,0,0,0,0,0,16,0,0,0,0,2,0,0,0,2,2,0,0,0,0,0,0,0,0,0,0,0,0,2,6,0,0,2,0,0,0,0,0,0,0,0,0,0,0,0,2,2,4,0,0,0,0,0,20,0,10,0,0,0,0,0,6,2,0,0,16,0,0,0,0,0,0,0,2,0,0,0,8,0,0,0,0,0,0,2,0,0,2,4,0,0,0,0,2,8,0
0,0,0,0,0,4,0,0,0,10,0,2,0,4,0,0,0,0,0,0,0,0,0,0,0,0,0,0,0,0,0,0,0,12,0,0,4,0,0,0,2,0,0,0,0,0,0,2,6,2,10,12,2,4,0,0,0,2,0,4,2,2,0,0,0,8,0,2,2,2,0,0,0,2,0,2,0,8,0,2,0,18,0,0,2,0,2,0,0,0,0,10,0,0,0,0,0,2,2,0
0,0,0,0,0,0,2,0,0,4,0,0,0,10,0,0,0,0,0,2,2,0,0,4,2,0,0,0,0,0,0,2,0,26,0,0,6,2,0,0,2,0,0,2,4,0,0,0,2,2,10,10,2,6,0,0,2,0,0,6,2,0,0,0,0,6,0,0,0,2,6,0,0,2,2,0,0,8,0,6,2,12,0,0,8,0,2,0,0,0,0,10,6,4,0,0,0,2,2,0
0,0,0,0,8,6,4,0,0,0,0,0,0,8,0,0,2,0,0,0,0,0,2,2,0,0,4,0,0,0,0,8,0,16,0,0,12,6,0,4,4,0,0,2,4,2,0,0,4,4,10,12,0,14,0,2,0,2,0,0,4,0,0,2,6,6,2,0,2,0,4,0,0,0,0,0,4,6,0,14,0,4,0,0,12,0,10,0,0,10,0,8,10,4,0,0,0,14,2,0
0,0,2,0,6,4,12,0,2,2,0,0,0,2,0,0,2,6,2,4,10,0,0,8,0,0,8,0,2,0,0,6,0,10,4,0,10,6,0,8,8,0,0,2,10,0,0,2,4,12,10,8,0,12,0,0,0,0,0,0,2,0,0,0,8,0,4,0,0,0,16,0,0,4,0,0,10,4,0,4,0,0,2,2,18,0,12,0,4,6,0,8,16,14,0,4,0,10,0,0
0,0,8,0,2,0,6,0,0,0,0,0,0,0,0,0,0,14,8,4,8,0,0,10,0,0,10,2,0,0,0,0,0,0,2,0,10,4,0,2,2,0,0,6,2,6,0,0,4,6,4,10,0,8,0,4,0,0,2,0,8,0,0,4,4,0,14,0,0,0,22,0,0,6,2,2,12,2,0,4,2,4,2,0,6,0,14,0,0,10,0,4,10,8,4,12,0,8,0,2
0,0,2,0,6,4,4,0,0,0,0,0,0,0,2,0,0,10,16,12,8,0,0,4,0,0,18,0,0,0,0,0,0,0,4,0,14,12,0,10,14,0,10,4,4,14,0,0,12,6,4,8,0,0,0,0,0,0,4,0,8,0,0,2,6,0,16,0,2,0,12,0,0,8,2,0,4,0,0,2,0,0,2,0,10,4,24,0,0,16,0,0,10,18,4,8,0,2,0,0
0,0,2,0,0,0,6,0,0,4,0,0,0,0,0,0,0,16,2,6,4,0,0,16,0,0,6,0,0,0,0,0,0,6,2,0,6,6,0,2,22,0,8,2,12,8,0,0,10,10,0,2,0,4,2,2,0,0,6,0,6,0,0,8,18,0,14,0,0,0,12,0,0,10,2,0,4,0,4,0,0,0,4,0,2,0,12,0,2,8,0,2,8,14,0,8,2,8,0,0
0,0,8,0,8,12,6,0,0,0,0,0,0,0,0,0,0,8,10,6,12,2,2,12,0,0,8,0,0,2,0,0,0,0,2,0,12,12,0,0,12,0,0,2,8,6,0,0,12,10,2,8,0,2,0,2,0,2,2,0,6,0,0,10,8,0,4,0,0,0,14,2,0,8,4,0,10,0,0,6,0,2,4,0,12,0,8,0,0,6,0,0,6,4,4,6,0,16,0,4
0,2,2,0,10,4,8,0,0,0,0,0,0,2,0,0,0,10,6,6,10,0,0,6,2,0,12,0,0,0,0,6,0,10,4,0,16,8,2,0,12,2,0,0,2,10,0,0,16,6,10,0,0,8,4,0,0,0,2,2,2,0,0,8,6,0,6,0,0,0,16,0,2,6,2,0,16,4,0,18,0,0,0,0,10,0,16,2,0,8,0,4,10,14,0,2,0,16,0,2
0,0,0,0,4,0,0,0,0,0,0,0,0,8,0,0,0,4,4,0,2,2,0,2,0,0,4,0,0,0,0,8,0,14,2,0,4,2,0,6,6,0,0,4,4,0,0,0,6,8,22,10,0,10,0,0,0,2,0,2,2,0,0,0,6,0,4,0,0,2,6,0,0,6,0,0,4,2,2,4,0,0,2,0,10,2,6,0,2,10,2,8,12,0,0,6,0,4,2,0
0,0,0,0,4,2,0,0,0,14,0,0,0,4,0,0,0,0,0,0,0,2,0,0,0,0,0,0,0,0,0,6,0,12,0,0,0,0,0,0,0,0,2,0,2,0,0,0,2,6,8,14,0,8,2,2,0,2,0,8,4,2,0,0,2,4,0,0,0,4,0,2,0,2,0,0,0,4,0,0,0,14,0,2,4,0,2,2,0,4,0,12,6,4,0,0,0,0,10,2
0,0,0,0,0,0,0,0,0,20,0,0,0,0,0,0,2,0,0,0,0,0,2,0,0,0,0,0,0,0,0,2,0,12,0,0,0,0,0,0,0,0,0,0,2,0,0,0,0,0,0,6,4,2,0,0,0,6,0,6,0,0,0,0,0,10,0,0,0,10,0,0,0,0,0,0,0,0,0,0,0,8,0,0,0,0,0,0,0,0,0,0,2,0,0,4,2,0,6,0
0,0,0,0,0,0,0,0,0,14,0,0,0,0,0,0,0,0,0,0,0,2,0,0,0,0,0,0,2,0,0,0,2,4,0,0,0,0,0,0,0,0,0,0,0,0,0,0,2,0,2,6,0,0,0,0,0,12,0,10,0,2,0,0,0,10,0,0,0,10,0,0,0,0,0,0,0,0,0,2,0,6,0,0,0,0,0,0,0,2,0,0,0,0,0,0,0,0,14,0
0,2,0,0,0,0,2,0,0,16,0,0,0,0,2,0,0,0,0,0,0,0,2,0,2,0,0,0,0,0,0,0,0,4,0,0,0,0,0,2,0,0,0,0,0,0,0,0,0,0,2,6,0,0,0,0,0,10,0,6,0,0,0,0,0,10,0,0,0,16,2,0,0,0,0,0,0,0,0,0,2,6,0,0,0,0,0,0,0,0,0,4,2,2,0,2,0,0,6,0
0,0,2,0,2,0,0,0,0,14,0,0,2,0,0,0,0,0,0,0,0,0,0,0,0,0,0,0,0,0,0,0,0,10,0,0,2,0,0,0,0,0,0,2,0,0,0,0,0,4,0,4,0,0,0,0,0,8,0,8,0,0,0,0,0,14,0,0,0,8,0,0,0,0,0,0,0,2,0,0,0,2,0,0,0,0,0,0,0,0,0,0,0,0,0,0,0,2,6,0
0,0,0,0,0,0,0,0,0,24,0,0,0,0,0,0,0,0,0,0,0,0,0,0,0,0,2,0,0,0,0,2,0,2,0,0,0,0,0,0,0,0,0,0,0,0,0,0,2,0,2,6,0,2,2,0,0,14,2,4,0,0,0,0,0,12,0,2,0,18,0,0,0,0,0,0,0,0,0,0,2,10,0,0,0,0,0,0,0,2,0,0,2,6,0,2,0,0,12,0
0,0,0,0,0,0,0,0,0,28,0,2,2,2,0,0,2,0,0,0,0,0,0,0,0,0,0,0,0,0,0,0,0,8,0,0,4,0,0,0,0,0,0,0,0,0,0,0,0,0,2,6,0,0,0,0,0,6,0,2,0,0,0,0,0,14,0,0,0,20,0,0,0,0,0,0,0,2,0,2,0,8,0,0,0,0,2,0,0,0,0,4,0,0,2,0,0,2,8,0
0,0,0,0,2,2,2,0,2,28,0,0,2,0,2,0,0,0,0,0,0,0,0,0,0,0,0,0,0,0,0,4,0,8,2,0,0,0,0,0,0,0,2,0,0,0,0,0,0,0,4,4,0,0,0,0,0,14,0,8,0,0,0,0,0,10,0,2,0,16,0,0,0,0,0,0,0,2,0,0,0,6,0,0,2,0,0,0,0,2,2,6,0,0,0,0,0,0,10,0
0,0,0,0,0,4,0,0,0,8,0,0,2,0,0,0,0,0,2,0,0,0,0,0,0,0,0,0,0,0,0,8,0,14,0,0,2,2,0,0,2,0,0,2,0,0,0,0,0,2,10,4,0,14,0,2,0,2,0,6,10,0,0,0,2,10,0,0,0,0,4,0,0,2,0,0,0,12,0,0,0,10,0,2,4,0,0,0,2,4,0,14,6,0,0,0,0,0,6,0
0,0,4,0,2,4,0,0,0,2,0,0,0,6,0,0,0,6,0,0,2,0,0,6,0,2,6,0,0,0,0,8,0,8,2,0,8,2,0,2,0,0,0,2,2,0,0,0,2,0,10,8,0,18,0,0,0,0,0,0,10,0,0,0,2,0,0,0,0,2,4,0,0,2,0,0,4,12,0,12,0,10,0,0,10,0,6,0,0,6,0,18,10,8,0,4,0,4,4,0
0,0,2,0,2,4,6,4,0,0,0,0,0,0,0,0,0,10,12,0,4,0,0,8,0,2,10,0,0,0,0,10,0,14,4,0,6,4,0,0,12,0,0,4,8,6,0,0,8,6,8,6,2,14,0,4,0,0,0,0,8,0,0,2,18,0,6,0,0,0,18,0,0,4,0,0,4,8,0,10,0,2,2,0,4,0,16,0,0,14,0,4,12,10,0,4,2,12,0,2
0,0,0,0,6,4,20,0,2,0,0,0,0,0,0,0,0,14,4,4,8,0,0,8,0,4,10,0,0,0,0,0,0,4,8,0,0,2,0,8,10,2,2,8,4,10,0,0,2,6,4,6,0,0,2,0,0,0,2,0,14,0,0,2,10,0,6,0,0,0,22,0,0,4,4,0,12,0,0,4,0,0,0,0,24,0,14,0,4,14,0,0,2,10,0,10,0,2,0,0
0,0,6,0,2,8,16,0,0,0,0,2,0,0,0,2,0,10,12,12,10,2,0,12,0,0,16,0,0,0,0,2,0,0,2,0,10,8,2,8,10,0,4,6,8,8,0,0,10,12,0,14,0,4,4,2,0,2,0,0,6,0,0,4,18,0,2,0,0,0,6,2,0,14,2,0,12,2,0,8,0,0,0,0,4,0,18,0,4,14,0,2,4,6,4,18,0,6,0,0
0,0,4,0,8,16,6,0,0,2,0,0,0,0,4,0,0,12,10,10,12,0,0,4,2,2,2,0,0,0,0,0,0,4,6,0,6,12,0,2,10,0,6,8,4,20,4,2,10,8,0,4,2,4,2,0,0,0,4,0,14,0,2,6,10,0,22,0,0,0,2,2,0,2,4,0,18,0,0,2,0,0,10,0,6,0,12,2,4,8,0,2,2,4,0,6,0,6,2,2
0,0,14,0,10,14,12,2,0,0,0,0,2,0,0,0,2,8,16,10,6,0,0,8,0,0,12,0,2,0,0,0,0,4,6,2,14,12,0,6,6,2,18,4,10,8,0,0,16,16,0,0,4,2,4,0,0,0,14,0,2,0,0,4,8,0,16,0,0,0,4,0,0,8,16,0,4,0,0,10,0,0,4,0,8,0,28,2,0,6,0,0,4,4,8,12,2,6,0,2
0,0,4,0,6,2,4,12,0,0,0,2,0,0,4,2,0,4,2,16,2,0,0,2,0,0,16,0,2,0,0,2,0,8,2,2,12,6,0,0,8,0,12,2,8,2,0,2,6,0,2,0,2,2,2,2,0,0,0,0,8,0,0,6,12,0,12,0,0,0,2,0,0,6,14,6,2,0,10,2,0,0,6,0,2,0,14,0,0,2,0,0,2,10,12,22,10,4,0,0
0,0,10,2,0,0,2,2,0,0,0,0,4,0,0,8,2,0,0,10,0,0,0,2,0,0,8,0,0,0,2,2,0,0,4,4,0,2,0,0,8,0,16,0,6,2,0,10,2,4,0,0,10,0,12,2,2,0,0,0,0,0,0,12,14,0,10,0,2,0,0,0,2,0,8,6,0,0,6,0,2,0,8,2,0,0,4,0,4,2,4,0,4,0,12,14,6,2,0,0
10,0,4,4,2,2,4,8,0,0,4,0,12,0,0,6,0,0,2,18,0,0,2,0,2,0,0,0,0,6,0,0,0,0,0,6,4,0,0,0,4,0,12,2,0,0,0,20,4,2,0,2,20,0,16,0,0,0,0,0,4,0,0,2,2,0,0,0,0,0,0,0,0,2,12,8,0,0,10,0,6,0,4,0,0,2,2,6,2,2,2,0,0,4,10,14,10,0,0,0
8,0,4,2,2,0,2,12,0,0,14,4,14,0,0,16,6,0,0,14,0,0,0,2,0,0,2,0,0,6,0,0,0,0,2,6,0,2,0,0,2,0,8,0,2,0,0,18,0,0,0,0,8,2,16,0,0,0,0,0,0,8,0,2,0,0,6,0,0,0,0,0,0,0,10,12,0,0,20,0,18,0,6,0,2,0,0,0,0,0,0,0,2,0,10,14,16,4,0,2
10,0,4,2,2,2,2,12,0,0,0,0,14,0,0,16,2,0,0,24,2,0,0,2,0,0,6,0,0,4,0,0,2,0,0,8,0,0,0,0,2,0,2,0,0,0,0,12,0,2,0,0,14,0,22,0,10,0,0,0,0,6,0,2,2,0,0,2,0,0,0,0,0,0,4,6,0,0,6,0,10,0,6,0,0,0,0,6,0,0,4,0,2,2,6,2,16,2,0,0
4,0,8,0,0,0,2,14,0,0,2,0,16,2,0,4,4,2,6,8,0,0,0,2,0,0,6,0,0,2,0,0,0,0,0,14,2,6,0,0,2,0,10,2,0,0,0,16,0,0,0,0,4,0,12,0,0,2,0,0,2,6,0,0,4,0,6,0,0,0,0,0,0,4,10,6,0,0,6,0,8,0,6,0,0,0,4,4,0,0,4,0,0,0,8,8,26,0,0,2
0,0,8,0,2,2,4,16,0,0,2,2,4,0,0,6,4,0,2,8,0,0,0,0,0,2,2,0,0,0,2,0,0,0,2,2,0,6,0,0,0,0,24,2,8,2,0,6,0,0,0,0,12,0,32,2,2,0,0,0,2,0,0,0,0,0,6,0,0,0,0,0,0,6,10,14,0,0,18,0,8,0,4,0,0,0,2,4,0,0,4,0,2,0,16,16,4,2,0,0
2,0,8,0,4,8,0,8,0,2,2,0,4,0,0,6,0,6,2,20,2,0,0,4,0,2,4,0,0,0,0,0,0,0,2,0,4,10,0,0,4,0,16,4,6,4,0,8,8,6,0,0,4,0,12,0,0,0,0,0,4,2,0,12,16,0,10,0,0,2,0,0,0,12,14,4,2,0,12,0,0,0,10,0,2,0,2,0,0,2,0,0,4,4,10,16,6,10,0,0
